--------------------------------------------------------
--  File created - Tuesday-December-03-2019   
--------------------------------------------------------
--------------------------------------------------------
--  DDL for Sequence IMAGES_SQ
--------------------------------------------------------

   CREATE SEQUENCE  "ST52501"."IMAGES_SQ"  MINVALUE 1 MAXVALUE 1000 INCREMENT BY 1 START WITH 121 CACHE 20 NOORDER  NOCYCLE  NOKEEP  NOSCALE  GLOBAL ;
--------------------------------------------------------
--  DDL for Sequence KOMENTARE_SQ
--------------------------------------------------------

   CREATE SEQUENCE  "ST52501"."KOMENTARE_SQ"  MINVALUE 1 MAXVALUE 1000 INCREMENT BY 1 START WITH 241 CACHE 20 NOORDER  NOCYCLE  NOKEEP  NOSCALE  GLOBAL ;
--------------------------------------------------------
--  DDL for Sequence KONTAKTY_SQ
--------------------------------------------------------

   CREATE SEQUENCE  "ST52501"."KONTAKTY_SQ"  MINVALUE 23 MAXVALUE 1000 INCREMENT BY 1 START WITH 103 CACHE 20 NOORDER  NOCYCLE  NOKEEP  NOSCALE  GLOBAL ;
--------------------------------------------------------
--  DDL for Sequence KONTAKTY_UZVATELE_SQ
--------------------------------------------------------

   CREATE SEQUENCE  "ST52501"."KONTAKTY_UZVATELE_SQ"  MINVALUE 1 MAXVALUE 1000 INCREMENT BY 1 START WITH 201 CACHE 20 NOORDER  NOCYCLE  NOKEEP  NOSCALE  GLOBAL ;
--------------------------------------------------------
--  DDL for Sequence KORESPONDENCE_ID
--------------------------------------------------------

   CREATE SEQUENCE  "ST52501"."KORESPONDENCE_ID"  MINVALUE 1 MAXVALUE 1000 INCREMENT BY 1 START WITH 221 CACHE 20 NOORDER  NOCYCLE  NOKEEP  NOSCALE  GLOBAL ;
--------------------------------------------------------
--  DDL for Sequence LIKE_SQ
--------------------------------------------------------

   CREATE SEQUENCE  "ST52501"."LIKE_SQ"  MINVALUE 1 MAXVALUE 1000 INCREMENT BY 1 START WITH 261 CACHE 20 NOORDER  NOCYCLE  NOKEEP  NOSCALE  GLOBAL ;
--------------------------------------------------------
--  DDL for Sequence OBJEKT_OZNAMENI_SEQ
--------------------------------------------------------

   CREATE SEQUENCE  "ST52501"."OBJEKT_OZNAMENI_SEQ"  MINVALUE 1 MAXVALUE 9999999999999999999999999999 INCREMENT BY 1 START WITH 1006 NOCACHE  NOORDER  NOCYCLE  NOKEEP  NOSCALE  GLOBAL ;
--------------------------------------------------------
--  DDL for Sequence OZNAMENI_SEQ
--------------------------------------------------------

   CREATE SEQUENCE  "ST52501"."OZNAMENI_SEQ"  MINVALUE 1 MAXVALUE 9999999999999999999999999999 INCREMENT BY 1 START WITH 1006 NOCACHE  NOORDER  NOCYCLE  NOKEEP  NOSCALE  GLOBAL ;
--------------------------------------------------------
--  DDL for Sequence OZNAMENI_ZMENA_SEQ
--------------------------------------------------------

   CREATE SEQUENCE  "ST52501"."OZNAMENI_ZMENA_SEQ"  MINVALUE 1 MAXVALUE 9999999999999999999999999999 INCREMENT BY 1 START WITH 1006 NOCACHE  NOORDER  NOCYCLE  NOKEEP  NOSCALE  GLOBAL ;
--------------------------------------------------------
--  DDL for Sequence PREDMETY_SP_SQ
--------------------------------------------------------

   CREATE SEQUENCE  "ST52501"."PREDMETY_SP_SQ"  MINVALUE 1 MAXVALUE 1000 INCREMENT BY 1 START WITH 141 CACHE 20 NOORDER  NOCYCLE  NOKEEP  NOSCALE  GLOBAL ;
--------------------------------------------------------
--  DDL for Sequence PREDMETY_SQ
--------------------------------------------------------

   CREATE SEQUENCE  "ST52501"."PREDMETY_SQ"  MINVALUE 100000 MAXVALUE 999999 INCREMENT BY 1 START WITH 100060 CACHE 20 NOORDER  NOCYCLE  NOKEEP  NOSCALE  GLOBAL ;
--------------------------------------------------------
--  DDL for Sequence SEQ2
--------------------------------------------------------

   CREATE SEQUENCE  "ST52501"."SEQ2"  MINVALUE 1 MAXVALUE 20 INCREMENT BY 1 START WITH 21 CACHE 20 NOORDER  NOCYCLE  NOKEEP  NOSCALE  GLOBAL ;
--------------------------------------------------------
--  DDL for Sequence SKUPINY_SQ
--------------------------------------------------------

   CREATE SEQUENCE  "ST52501"."SKUPINY_SQ"  MINVALUE 1 MAXVALUE 1000 INCREMENT BY 1 START WITH 141 CACHE 20 NOORDER  NOCYCLE  NOKEEP  NOSCALE  GLOBAL ;
--------------------------------------------------------
--  DDL for Sequence ST_PLANY_SQ
--------------------------------------------------------

   CREATE SEQUENCE  "ST52501"."ST_PLANY_SQ"  MINVALUE 1000 MAXVALUE 99999 INCREMENT BY 1 START WITH 1020 CACHE 20 NOORDER  NOCYCLE  NOKEEP  NOSCALE  GLOBAL ;
--------------------------------------------------------
--  DDL for Sequence UDALOSTI_SQ
--------------------------------------------------------

   CREATE SEQUENCE  "ST52501"."UDALOSTI_SQ"  MINVALUE 1 MAXVALUE 1000 INCREMENT BY 1 START WITH 201 CACHE 20 NOORDER  NOCYCLE  NOKEEP  NOSCALE  GLOBAL ;
--------------------------------------------------------
--  DDL for Sequence UZIVATELE_SP_ID
--------------------------------------------------------

   CREATE SEQUENCE  "ST52501"."UZIVATELE_SP_ID"  MINVALUE 1 MAXVALUE 1000 INCREMENT BY 1 START WITH 201 CACHE 20 NOORDER  NOCYCLE  NOKEEP  NOSCALE  GLOBAL ;
--------------------------------------------------------
--  DDL for Sequence UZIV_ROLE
--------------------------------------------------------

   CREATE SEQUENCE  "ST52501"."UZIV_ROLE"  MINVALUE 30 MAXVALUE 120 INCREMENT BY 1 START WITH 110 CACHE 20 NOORDER  NOCYCLE  NOKEEP  NOSCALE  GLOBAL ;
--------------------------------------------------------
--  DDL for Sequence ZPRAVY_SQ
--------------------------------------------------------

   CREATE SEQUENCE  "ST52501"."ZPRAVY_SQ"  MINVALUE 1 MAXVALUE 1000 INCREMENT BY 1 START WITH 221 CACHE 20 NOORDER  NOCYCLE  NOKEEP  NOSCALE  GLOBAL ;
--------------------------------------------------------
--  DDL for Table AUTORI
--------------------------------------------------------

  CREATE TABLE "ST52501"."AUTORI" 
   (	"ID_AUTOR" NUMBER(10,0), 
	"JMENO" VARCHAR2(60 BYTE), 
	"PRIJMENI" VARCHAR2(60 BYTE), 
	"KOMENTAR" VARCHAR2(60 BYTE)
   ) SEGMENT CREATION DEFERRED 
  PCTFREE 10 PCTUSED 40 INITRANS 1 MAXTRANS 255 
 NOCOMPRESS LOGGING
  TABLESPACE "STUDENTI" ;
--------------------------------------------------------
--  DDL for Table CV7_KNIHY
--------------------------------------------------------

  CREATE TABLE "ST52501"."CV7_KNIHY" 
   (	"ID_STUDENTA" NUMBER(10,0), 
	"ID_KNIHY" NUMBER(10,0), 
	"NAZEV" VARCHAR2(30 BYTE)
   ) SEGMENT CREATION IMMEDIATE 
  PCTFREE 10 PCTUSED 40 INITRANS 1 MAXTRANS 255 
 NOCOMPRESS LOGGING
  STORAGE(INITIAL 65536 NEXT 1048576 MINEXTENTS 1 MAXEXTENTS 2147483645
  PCTINCREASE 0 FREELISTS 1 FREELIST GROUPS 1
  BUFFER_POOL DEFAULT FLASH_CACHE DEFAULT CELL_FLASH_CACHE DEFAULT)
  TABLESPACE "STUDENTI" ;
--------------------------------------------------------
--  DDL for Table CV7_STUDENTI
--------------------------------------------------------

  CREATE TABLE "ST52501"."CV7_STUDENTI" 
   (	"ID_STUDENTA" NUMBER, 
	"JMENO" VARCHAR2(30 BYTE), 
	"PRIJMENI" VARCHAR2(30 BYTE), 
	"NASTUP" DATE
   ) SEGMENT CREATION IMMEDIATE 
  PCTFREE 10 PCTUSED 40 INITRANS 1 MAXTRANS 255 
 NOCOMPRESS LOGGING
  STORAGE(INITIAL 65536 NEXT 1048576 MINEXTENTS 1 MAXEXTENTS 2147483645
  PCTINCREASE 0 FREELISTS 1 FREELIST GROUPS 1
  BUFFER_POOL DEFAULT FLASH_CACHE DEFAULT CELL_FLASH_CACHE DEFAULT)
  TABLESPACE "STUDENTI" ;
--------------------------------------------------------
--  DDL for Table CV7_UCI
--------------------------------------------------------

  CREATE TABLE "ST52501"."CV7_UCI" 
   (	"ID_STUDENTA" NUMBER(10,0), 
	"ID_UCITELE" NUMBER(10,0), 
	"PREDMET" VARCHAR2(30 BYTE)
   ) SEGMENT CREATION DEFERRED 
  PCTFREE 10 PCTUSED 40 INITRANS 1 MAXTRANS 255 
 NOCOMPRESS LOGGING
  TABLESPACE "STUDENTI" ;
--------------------------------------------------------
--  DDL for Table CV7_UCITELE
--------------------------------------------------------

  CREATE TABLE "ST52501"."CV7_UCITELE" 
   (	"ID_UCITELE" NUMBER(10,0), 
	"JMENO" VARCHAR2(30 BYTE), 
	"PRIJMENI" VARCHAR2(30 BYTE)
   ) SEGMENT CREATION IMMEDIATE 
  PCTFREE 10 PCTUSED 40 INITRANS 1 MAXTRANS 255 
 NOCOMPRESS LOGGING
  STORAGE(INITIAL 65536 NEXT 1048576 MINEXTENTS 1 MAXEXTENTS 2147483645
  PCTINCREASE 0 FREELISTS 1 FREELIST GROUPS 1
  BUFFER_POOL DEFAULT FLASH_CACHE DEFAULT CELL_FLASH_CACHE DEFAULT)
  TABLESPACE "STUDENTI" ;
--------------------------------------------------------
--  DDL for Table DEMO
--------------------------------------------------------

  CREATE TABLE "ST52501"."DEMO" 
   (	"DEMO_ID" NUMBER(6,0), 
	"DEMO_NAME" VARCHAR2(20 BYTE)
   ) SEGMENT CREATION IMMEDIATE 
  PCTFREE 10 PCTUSED 40 INITRANS 1 MAXTRANS 255 
 NOCOMPRESS LOGGING
  STORAGE(INITIAL 65536 NEXT 1048576 MINEXTENTS 1 MAXEXTENTS 2147483645
  PCTINCREASE 0 FREELISTS 1 FREELIST GROUPS 1
  BUFFER_POOL DEFAULT FLASH_CACHE DEFAULT CELL_FLASH_CACHE DEFAULT)
  TABLESPACE "STUDENTI" ;
--------------------------------------------------------
--  DDL for Table EMP
--------------------------------------------------------

  CREATE TABLE "ST52501"."EMP" 
   (	"EMPNO" NUMBER(4,0), 
	"ENAME" VARCHAR2(10 BYTE), 
	"JOB" VARCHAR2(9 BYTE), 
	"MGR" NUMBER(4,0), 
	"HIREDATE" DATE, 
	"SAL" NUMBER(7,2), 
	"COMM" NUMBER(7,2), 
	"DEPTNO" NUMBER(2,0)
   ) SEGMENT CREATION IMMEDIATE 
  PCTFREE 10 PCTUSED 40 INITRANS 1 MAXTRANS 255 
 NOCOMPRESS LOGGING
  STORAGE(INITIAL 65536 NEXT 1048576 MINEXTENTS 1 MAXEXTENTS 2147483645
  PCTINCREASE 0 FREELISTS 1 FREELIST GROUPS 1
  BUFFER_POOL DEFAULT FLASH_CACHE DEFAULT CELL_FLASH_CACHE DEFAULT)
  TABLESPACE "STUDENTI" ;
--------------------------------------------------------
--  DDL for Table EMPLOYEES_DEMO
--------------------------------------------------------

  CREATE TABLE "ST52501"."EMPLOYEES_DEMO" 
   (	"EMPLOYEE_ID" NUMBER(6,0), 
	"FIRST_NAME" VARCHAR2(20 BYTE), 
	"LAST_NAME" VARCHAR2(25 BYTE), 
	"EMAIL" VARCHAR2(25 BYTE), 
	"PHONE" VARCHAR2(20 BYTE), 
	"HIRE_DATE" DATE DEFAULT SYSDATE, 
	"JOB_ID" VARCHAR2(10 BYTE), 
	"SALARY" NUMBER(8,2), 
	"COMMISS_PCT" NUMBER(2,2), 
	"MANAGER_ID" NUMBER(6,0), 
	"DEPT_ID" NUMBER(4,0), 
	"DN" VARCHAR2(300 BYTE)
   ) SEGMENT CREATION DEFERRED 
  PCTFREE 10 PCTUSED 40 INITRANS 1 MAXTRANS 255 
 NOCOMPRESS LOGGING
  TABLESPACE "STUDENTI" ;
--------------------------------------------------------
--  DDL for Table FAKULTY
--------------------------------------------------------

  CREATE TABLE "ST52501"."FAKULTY" 
   (	"ID_FAKULTY" NUMBER(6,0), 
	"NAZEV" VARCHAR2(20 BYTE), 
	"ZKRATKA" VARCHAR2(10 BYTE), 
	"ID_UNIVERZITY" NUMBER(6,0)
   ) SEGMENT CREATION DEFERRED 
  PCTFREE 10 PCTUSED 40 INITRANS 1 MAXTRANS 255 
 NOCOMPRESS LOGGING
  TABLESPACE "STUDENTI" ;
--------------------------------------------------------
--  DDL for Table F_ORDERS
--------------------------------------------------------

  CREATE TABLE "ST52501"."F_ORDERS" 
   (	"ORDER_NUMBER" NUMBER(5,0), 
	"ORDER_DATE" DATE, 
	"ORDER_TOTAL" NUMBER(8,2), 
	"CUST_ID" NUMBER(5,0), 
	"STAFF_ID" NUMBER(5,0)
   ) SEGMENT CREATION DEFERRED 
  PCTFREE 10 PCTUSED 40 INITRANS 1 MAXTRANS 255 
 NOCOMPRESS LOGGING
  TABLESPACE "STUDENTI" ;
--------------------------------------------------------
--  DDL for Table GRADUATE_CANDIDATE
--------------------------------------------------------

  CREATE TABLE "ST52501"."GRADUATE_CANDIDATE" 
   (	"LAST_NAME" VARCHAR2(50 CHAR), 
	"FIRST_NAME" VARCHAR2(50 CHAR), 
	"CREDITS" NUMBER, 
	"GRADUTE_DATE" DATE
   ) SEGMENT CREATION DEFERRED 
  PCTFREE 10 PCTUSED 40 INITRANS 1 MAXTRANS 255 
 NOCOMPRESS LOGGING
  TABLESPACE "STUDENTI" ;
--------------------------------------------------------
--  DDL for Table HODNOCENI
--------------------------------------------------------

  CREATE TABLE "ST52501"."HODNOCENI" 
   (	"ZNAMKA" NUMBER, 
	"SLOVNE" VARCHAR2(40 BYTE)
   ) SEGMENT CREATION IMMEDIATE 
  PCTFREE 10 PCTUSED 40 INITRANS 1 MAXTRANS 255 
 NOCOMPRESS LOGGING
  STORAGE(INITIAL 65536 NEXT 1048576 MINEXTENTS 1 MAXEXTENTS 2147483645
  PCTINCREASE 0 FREELISTS 1 FREELIST GROUPS 1
  BUFFER_POOL DEFAULT FLASH_CACHE DEFAULT CELL_FLASH_CACHE DEFAULT)
  TABLESPACE "STUDENTI" ;
--------------------------------------------------------
--  DDL for Table IMAGES
--------------------------------------------------------

  CREATE TABLE "ST52501"."IMAGES" 
   (	"IMAGE" BLOB, 
	"NAME" VARCHAR2(200 CHAR), 
	"ID" NUMBER, 
	"CAS" TIMESTAMP (6), 
	"POPISEK" VARCHAR2(150 CHAR), 
	"ID_UZIV" NUMBER(*,0), 
	"DEFAULT_PC" NUMBER(1,0)
   ) SEGMENT CREATION IMMEDIATE 
  PCTFREE 10 PCTUSED 40 INITRANS 1 MAXTRANS 255 
 NOCOMPRESS LOGGING
  STORAGE(INITIAL 65536 NEXT 1048576 MINEXTENTS 1 MAXEXTENTS 2147483645
  PCTINCREASE 0 FREELISTS 1 FREELIST GROUPS 1
  BUFFER_POOL DEFAULT FLASH_CACHE DEFAULT CELL_FLASH_CACHE DEFAULT)
  TABLESPACE "STUDENTI" 
 LOB ("IMAGE") STORE AS SECUREFILE (
  TABLESPACE "STUDENTI" ENABLE STORAGE IN ROW CHUNK 8192
  NOCACHE LOGGING  NOCOMPRESS  KEEP_DUPLICATES 
  STORAGE(INITIAL 106496 NEXT 1048576 MINEXTENTS 1 MAXEXTENTS 2147483645
  PCTINCREASE 0
  BUFFER_POOL DEFAULT FLASH_CACHE DEFAULT CELL_FLASH_CACHE DEFAULT)) ;
--------------------------------------------------------
--  DDL for Table KNIHY
--------------------------------------------------------

  CREATE TABLE "ST52501"."KNIHY" 
   (	"ISBN" NUMBER(15,0), 
	"NAZEV" VARCHAR2(50 BYTE), 
	"ROKVYDANI" NUMBER(10,0), 
	"POCETVYTISKU" NUMBER(5,0), 
	"POZNAMKA" VARCHAR2(60 BYTE), 
	"ID_AUTOR" NUMBER(15,0)
   ) SEGMENT CREATION DEFERRED 
  PCTFREE 10 PCTUSED 40 INITRANS 1 MAXTRANS 255 
 NOCOMPRESS LOGGING
  TABLESPACE "STUDENTI" ;
--------------------------------------------------------
--  DDL for Table KOMENTARE
--------------------------------------------------------

  CREATE TABLE "ST52501"."KOMENTARE" 
   (	"ID_KOMENTARE" NUMBER(6,0), 
	"DATUM" TIMESTAMP (6), 
	"OBSAH" CLOB, 
	"ID_PODKOMENTARE" NUMBER, 
	"BLOKACE" NUMBER, 
	"NAZEV" VARCHAR2(255 CHAR), 
	"ID_UZIVATELE" NUMBER(10,0), 
	"ID_OBRAZKU" NUMBER(*,0)
   ) SEGMENT CREATION IMMEDIATE 
  PCTFREE 10 PCTUSED 40 INITRANS 1 MAXTRANS 255 
 NOCOMPRESS LOGGING
  STORAGE(INITIAL 65536 NEXT 1048576 MINEXTENTS 1 MAXEXTENTS 2147483645
  PCTINCREASE 0 FREELISTS 1 FREELIST GROUPS 1
  BUFFER_POOL DEFAULT FLASH_CACHE DEFAULT CELL_FLASH_CACHE DEFAULT)
  TABLESPACE "STUDENTI" 
 LOB ("OBSAH") STORE AS SECUREFILE (
  TABLESPACE "STUDENTI" ENABLE STORAGE IN ROW CHUNK 8192
  NOCACHE LOGGING  NOCOMPRESS  KEEP_DUPLICATES 
  STORAGE(INITIAL 106496 NEXT 1048576 MINEXTENTS 1 MAXEXTENTS 2147483645
  PCTINCREASE 0
  BUFFER_POOL DEFAULT FLASH_CACHE DEFAULT CELL_FLASH_CACHE DEFAULT)) ;
--------------------------------------------------------
--  DDL for Table KONTAKTY
--------------------------------------------------------

  CREATE TABLE "ST52501"."KONTAKTY" 
   (	"ID_KONT" NUMBER(6,0), 
	"PLATNOST" TIMESTAMP (6), 
	"POZNAMKA" VARCHAR2(30 BYTE), 
	"ID_UZIVATELE" NUMBER
   ) SEGMENT CREATION IMMEDIATE 
  PCTFREE 10 PCTUSED 40 INITRANS 1 MAXTRANS 255 
 NOCOMPRESS LOGGING
  STORAGE(INITIAL 65536 NEXT 1048576 MINEXTENTS 1 MAXEXTENTS 2147483645
  PCTINCREASE 0 FREELISTS 1 FREELIST GROUPS 1
  BUFFER_POOL DEFAULT FLASH_CACHE DEFAULT CELL_FLASH_CACHE DEFAULT)
  TABLESPACE "STUDENTI" ;
--------------------------------------------------------
--  DDL for Table KONTAKTY_UZIVATELE
--------------------------------------------------------

  CREATE TABLE "ST52501"."KONTAKTY_UZIVATELE" 
   (	"ID_KONT_UZIV" NUMBER(6,0), 
	"ID_UZIVATELE" NUMBER(10,0), 
	"ID_KONTAKTA" NUMBER(10,0)
   ) SEGMENT CREATION IMMEDIATE 
  PCTFREE 10 PCTUSED 40 INITRANS 1 MAXTRANS 255 
 NOCOMPRESS LOGGING
  STORAGE(INITIAL 65536 NEXT 1048576 MINEXTENTS 1 MAXEXTENTS 2147483645
  PCTINCREASE 0 FREELISTS 1 FREELIST GROUPS 1
  BUFFER_POOL DEFAULT FLASH_CACHE DEFAULT CELL_FLASH_CACHE DEFAULT)
  TABLESPACE "STUDENTI" ;
--------------------------------------------------------
--  DDL for Table KORESPONDENCE
--------------------------------------------------------

  CREATE TABLE "ST52501"."KORESPONDENCE" 
   (	"ID_KORESPONDENCE" NUMBER(6,0), 
	"ID_KONTAKTU" NUMBER(6,0), 
	"ID_ZPRAVY" NUMBER(6,0)
   ) SEGMENT CREATION IMMEDIATE 
  PCTFREE 10 PCTUSED 40 INITRANS 1 MAXTRANS 255 
 NOCOMPRESS LOGGING
  STORAGE(INITIAL 65536 NEXT 1048576 MINEXTENTS 1 MAXEXTENTS 2147483645
  PCTINCREASE 0 FREELISTS 1 FREELIST GROUPS 1
  BUFFER_POOL DEFAULT FLASH_CACHE DEFAULT CELL_FLASH_CACHE DEFAULT)
  TABLESPACE "STUDENTI" ;
--------------------------------------------------------
--  DDL for Table L
--------------------------------------------------------

  CREATE TABLE "ST52501"."L" 
   (	"ID" NUMBER(*,0), 
	"DATETIME" TIMESTAMP (6), 
	"OBRAZEK_ID" NUMBER(*,0), 
	"POST_ID" NUMBER(*,0), 
	"ID_UZIVATELE" NUMBER(*,0)
   ) SEGMENT CREATION IMMEDIATE 
  PCTFREE 10 PCTUSED 40 INITRANS 1 MAXTRANS 255 
 NOCOMPRESS LOGGING
  STORAGE(INITIAL 65536 NEXT 1048576 MINEXTENTS 1 MAXEXTENTS 2147483645
  PCTINCREASE 0 FREELISTS 1 FREELIST GROUPS 1
  BUFFER_POOL DEFAULT FLASH_CACHE DEFAULT CELL_FLASH_CACHE DEFAULT)
  TABLESPACE "STUDENTI" ;
--------------------------------------------------------
--  DDL for Table LIKES
--------------------------------------------------------

  CREATE TABLE "ST52501"."LIKES" 
   (	"ID" NUMBER(*,0), 
	"DATETIME" TIMESTAMP (6), 
	"OBRAZEK_ID" NUMBER(*,0), 
	"POST_ID" NUMBER(*,0), 
	"ID_UZIVATELE" NUMBER(*,0)
   ) SEGMENT CREATION IMMEDIATE 
  PCTFREE 10 PCTUSED 40 INITRANS 1 MAXTRANS 255 
 NOCOMPRESS LOGGING
  STORAGE(INITIAL 65536 NEXT 1048576 MINEXTENTS 1 MAXEXTENTS 2147483645
  PCTINCREASE 0 FREELISTS 1 FREELIST GROUPS 1
  BUFFER_POOL DEFAULT FLASH_CACHE DEFAULT CELL_FLASH_CACHE DEFAULT)
  TABLESPACE "STUDENTI" ;
--------------------------------------------------------
--  DDL for Table MEMBERS
--------------------------------------------------------

  CREATE TABLE "ST52501"."MEMBERS" 
   (	"MEMBER_ID" NUMBER(*,0) GENERATED BY DEFAULT AS IDENTITY MINVALUE 1 MAXVALUE 9999999999999999999999999999 INCREMENT BY 1 START WITH 1 CACHE 20 NOORDER  NOCYCLE  NOKEEP  NOSCALE , 
	"FIRST_NAME" VARCHAR2(100 BYTE), 
	"LAST_NAME" VARCHAR2(100 BYTE), 
	"GENDER" CHAR(1 BYTE), 
	"DOB" DATE, 
	"EMAIL" VARCHAR2(255 BYTE)
   ) SEGMENT CREATION IMMEDIATE 
  PCTFREE 10 PCTUSED 40 INITRANS 1 MAXTRANS 255 
 NOCOMPRESS LOGGING
  STORAGE(INITIAL 65536 NEXT 1048576 MINEXTENTS 1 MAXEXTENTS 2147483645
  PCTINCREASE 0 FREELISTS 1 FREELIST GROUPS 1
  BUFFER_POOL DEFAULT FLASH_CACHE DEFAULT CELL_FLASH_CACHE DEFAULT)
  TABLESPACE "STUDENTI" ;
--------------------------------------------------------
--  DDL for Table OBJEKT_OZNAMENI
--------------------------------------------------------

  CREATE TABLE "ST52501"."OBJEKT_OZNAMENI" 
   (	"ID" NUMBER(*,0), 
	"ENTITY_TYPE" NUMBER(*,0), 
	"ENTITY_ID" NUMBER(*,0), 
	"CREATED_ON" TIMESTAMP (6), 
	"STATUS" NUMBER(*,0)
   ) SEGMENT CREATION IMMEDIATE 
  PCTFREE 10 PCTUSED 40 INITRANS 1 MAXTRANS 255 
 NOCOMPRESS LOGGING
  STORAGE(INITIAL 65536 NEXT 1048576 MINEXTENTS 1 MAXEXTENTS 2147483645
  PCTINCREASE 0 FREELISTS 1 FREELIST GROUPS 1
  BUFFER_POOL DEFAULT FLASH_CACHE DEFAULT CELL_FLASH_CACHE DEFAULT)
  TABLESPACE "STUDENTI" ;
--------------------------------------------------------
--  DDL for Table OBRAZKY
--------------------------------------------------------

  CREATE TABLE "ST52501"."OBRAZKY" 
   (	"ID" NUMBER(*,0), 
	"NAZEV" VARCHAR2(60 CHAR), 
	"DATUM" TIMESTAMP (6), 
	"POPISEK" VARCHAR2(200 CHAR)
   ) SEGMENT CREATION DEFERRED 
  PCTFREE 10 PCTUSED 40 INITRANS 1 MAXTRANS 255 
 NOCOMPRESS LOGGING
  TABLESPACE "STUDENTI" ;
--------------------------------------------------------
--  DDL for Table OZNAMENI
--------------------------------------------------------

  CREATE TABLE "ST52501"."OZNAMENI" 
   (	"ID" NUMBER(*,0), 
	"NOTIFICATION_OBJECT_ID" NUMBER(*,0), 
	"NOTIFIER_ID" NUMBER(*,0), 
	"STATUS" NUMBER(*,0)
   ) SEGMENT CREATION IMMEDIATE 
  PCTFREE 10 PCTUSED 40 INITRANS 1 MAXTRANS 255 
 NOCOMPRESS LOGGING
  STORAGE(INITIAL 65536 NEXT 1048576 MINEXTENTS 1 MAXEXTENTS 2147483645
  PCTINCREASE 0 FREELISTS 1 FREELIST GROUPS 1
  BUFFER_POOL DEFAULT FLASH_CACHE DEFAULT CELL_FLASH_CACHE DEFAULT)
  TABLESPACE "STUDENTI" ;
--------------------------------------------------------
--  DDL for Table OZNAMENI_ZMENA
--------------------------------------------------------

  CREATE TABLE "ST52501"."OZNAMENI_ZMENA" 
   (	"ID" NUMBER(*,0), 
	"NOTIFICATION_OBJECT_ID" NUMBER(*,0), 
	"ACTOR_ID" NUMBER(*,0), 
	"STATUS" NUMBER(*,0)
   ) SEGMENT CREATION IMMEDIATE 
  PCTFREE 10 PCTUSED 40 INITRANS 1 MAXTRANS 255 
 NOCOMPRESS LOGGING
  STORAGE(INITIAL 65536 NEXT 1048576 MINEXTENTS 1 MAXEXTENTS 2147483645
  PCTINCREASE 0 FREELISTS 1 FREELIST GROUPS 1
  BUFFER_POOL DEFAULT FLASH_CACHE DEFAULT CELL_FLASH_CACHE DEFAULT)
  TABLESPACE "STUDENTI" ;
--------------------------------------------------------
--  DDL for Table POST
--------------------------------------------------------

  CREATE TABLE "ST52501"."POST" 
   (	"ID" NUMBER(*,0), 
	"DATUMCAS" TIMESTAMP (6), 
	"TEXT" CLOB, 
	"TITULEK" CHAR(60 CHAR), 
	"ID_UZIV" NUMBER(*,0)
   ) SEGMENT CREATION DEFERRED 
  PCTFREE 10 PCTUSED 40 INITRANS 1 MAXTRANS 255 
 NOCOMPRESS LOGGING
  TABLESPACE "STUDENTI" 
 LOB ("TEXT") STORE AS SECUREFILE (
  TABLESPACE "STUDENTI" ENABLE STORAGE IN ROW CHUNK 8192
  NOCACHE LOGGING  NOCOMPRESS  KEEP_DUPLICATES ) ;
--------------------------------------------------------
--  DDL for Table POST2
--------------------------------------------------------

  CREATE TABLE "ST52501"."POST2" 
   (	"ID" NUMBER(*,0), 
	"DATUMCAS" TIMESTAMP (6), 
	"TEXT" CLOB, 
	"TITULEK" CHAR(60 CHAR), 
	"ID_UZIV" NUMBER(*,0)
   ) SEGMENT CREATION DEFERRED 
  PCTFREE 10 PCTUSED 40 INITRANS 1 MAXTRANS 255 
 NOCOMPRESS LOGGING
  TABLESPACE "STUDENTI" 
 LOB ("TEXT") STORE AS SECUREFILE (
  TABLESPACE "STUDENTI" ENABLE STORAGE IN ROW CHUNK 8192
  NOCACHE LOGGING  NOCOMPRESS  KEEP_DUPLICATES ) ;
--------------------------------------------------------
--  DDL for Table PREDMETY
--------------------------------------------------------

  CREATE TABLE "ST52501"."PREDMETY" 
   (	"ID_PREDMETU" NUMBER(*,0), 
	"ZKRATKA" CHAR(60 BYTE), 
	"NAZEV" VARCHAR2(200 BYTE)
   ) SEGMENT CREATION IMMEDIATE 
  PCTFREE 10 PCTUSED 40 INITRANS 1 MAXTRANS 255 
 NOCOMPRESS LOGGING
  STORAGE(INITIAL 65536 NEXT 1048576 MINEXTENTS 1 MAXEXTENTS 2147483645
  PCTINCREASE 0 FREELISTS 1 FREELIST GROUPS 1
  BUFFER_POOL DEFAULT FLASH_CACHE DEFAULT CELL_FLASH_CACHE DEFAULT)
  TABLESPACE "STUDENTI" ;
--------------------------------------------------------
--  DDL for Table PREDMETY_SP
--------------------------------------------------------

  CREATE TABLE "ST52501"."PREDMETY_SP" 
   (	"ID_PREDMETU_SP" NUMBER(6,0), 
	"ID_PLANU" NUMBER(6,0), 
	"ID_PREDMETU" NUMBER(6,0), 
	"ID_SKUPINY" NUMBER(6,0)
   ) SEGMENT CREATION IMMEDIATE 
  PCTFREE 10 PCTUSED 40 INITRANS 1 MAXTRANS 255 
 NOCOMPRESS LOGGING
  STORAGE(INITIAL 65536 NEXT 1048576 MINEXTENTS 1 MAXEXTENTS 2147483645
  PCTINCREASE 0 FREELISTS 1 FREELIST GROUPS 1
  BUFFER_POOL DEFAULT FLASH_CACHE DEFAULT CELL_FLASH_CACHE DEFAULT)
  TABLESPACE "STUDENTI" ;
--------------------------------------------------------
--  DDL for Table ROLE
--------------------------------------------------------

  CREATE TABLE "ST52501"."ROLE" 
   (	"ID_ROLE" NUMBER(*,0), 
	"NAZEV" VARCHAR2(20 BYTE), 
	"POZNAMKA" VARCHAR2(30 BYTE), 
	"OPRAVNENI" VARCHAR2(255 CHAR)
   ) SEGMENT CREATION IMMEDIATE 
  PCTFREE 10 PCTUSED 40 INITRANS 1 MAXTRANS 255 
 NOCOMPRESS LOGGING
  STORAGE(INITIAL 65536 NEXT 1048576 MINEXTENTS 1 MAXEXTENTS 2147483645
  PCTINCREASE 0 FREELISTS 1 FREELIST GROUPS 1
  BUFFER_POOL DEFAULT FLASH_CACHE DEFAULT CELL_FLASH_CACHE DEFAULT)
  TABLESPACE "STUDENTI" ;
--------------------------------------------------------
--  DDL for Table ROLE_UZIVATELE
--------------------------------------------------------

  CREATE TABLE "ST52501"."ROLE_UZIVATELE" 
   (	"ID_ROLE_UZIVATELE" NUMBER(6,0), 
	"ID_ROLE" NUMBER, 
	"ID_UZIVATELE" NUMBER
   ) SEGMENT CREATION IMMEDIATE 
  PCTFREE 10 PCTUSED 40 INITRANS 1 MAXTRANS 255 
 NOCOMPRESS LOGGING
  STORAGE(INITIAL 65536 NEXT 1048576 MINEXTENTS 1 MAXEXTENTS 2147483645
  PCTINCREASE 0 FREELISTS 1 FREELIST GROUPS 1
  BUFFER_POOL DEFAULT FLASH_CACHE DEFAULT CELL_FLASH_CACHE DEFAULT)
  TABLESPACE "STUDENTI" ;
--------------------------------------------------------
--  DDL for Table SKUPINY
--------------------------------------------------------

  CREATE TABLE "ST52501"."SKUPINY" 
   (	"ID_SKUPINY" NUMBER(6,0), 
	"NAZEV" VARCHAR2(30 BYTE), 
	"ID_KOMENTARE" NUMBER, 
	"ID_PLANU" NUMBER(6,0)
   ) SEGMENT CREATION IMMEDIATE 
  PCTFREE 10 PCTUSED 40 INITRANS 1 MAXTRANS 255 
 NOCOMPRESS LOGGING
  STORAGE(INITIAL 65536 NEXT 1048576 MINEXTENTS 1 MAXEXTENTS 2147483645
  PCTINCREASE 0 FREELISTS 1 FREELIST GROUPS 1
  BUFFER_POOL DEFAULT FLASH_CACHE DEFAULT CELL_FLASH_CACHE DEFAULT)
  TABLESPACE "STUDENTI" ;
--------------------------------------------------------
--  DDL for Table SMITH_TABLE
--------------------------------------------------------

  CREATE TABLE "ST52501"."SMITH_TABLE" 
   (	"LAST_NAME" VARCHAR2(50 CHAR), 
	"FIRST_NAME" VARCHAR2(50 CHAR), 
	"CREDITS" NUMBER, 
	"GRADUTE_DATE" DATE
   ) SEGMENT CREATION DEFERRED 
  PCTFREE 10 PCTUSED 40 INITRANS 1 MAXTRANS 255 
 NOCOMPRESS LOGGING
  TABLESPACE "STUDENTI" ;
--------------------------------------------------------
--  DDL for Table STUDENTS
--------------------------------------------------------

  CREATE TABLE "ST52501"."STUDENTS" 
   (	"ST_ID" NUMBER(*,0)
   ) SEGMENT CREATION DEFERRED 
  PCTFREE 10 PCTUSED 40 INITRANS 1 MAXTRANS 255 
 NOCOMPRESS LOGGING
  TABLESPACE "STUDENTI" ;
--------------------------------------------------------
--  DDL for Table STUDIJNI_OBORY
--------------------------------------------------------

  CREATE TABLE "ST52501"."STUDIJNI_OBORY" 
   (	"ID_OBORU" NUMBER(*,0), 
	"NAZEV" VARCHAR2(255 BYTE), 
	"POPIS" VARCHAR2(550 BYTE)
   ) SEGMENT CREATION IMMEDIATE 
  PCTFREE 10 PCTUSED 40 INITRANS 1 MAXTRANS 255 
 NOCOMPRESS LOGGING
  STORAGE(INITIAL 65536 NEXT 1048576 MINEXTENTS 1 MAXEXTENTS 2147483645
  PCTINCREASE 0 FREELISTS 1 FREELIST GROUPS 1
  BUFFER_POOL DEFAULT FLASH_CACHE DEFAULT CELL_FLASH_CACHE DEFAULT)
  TABLESPACE "STUDENTI" ;
--------------------------------------------------------
--  DDL for Table STUDIJNI_PLANY
--------------------------------------------------------

  CREATE TABLE "ST52501"."STUDIJNI_PLANY" 
   (	"ID_PLANU" NUMBER(*,0), 
	"NAZEV" VARCHAR2(120 BYTE), 
	"ID_OBORU" NUMBER(*,0), 
	"POPIS" VARCHAR2(260 BYTE)
   ) SEGMENT CREATION IMMEDIATE 
  PCTFREE 10 PCTUSED 40 INITRANS 1 MAXTRANS 255 
 NOCOMPRESS LOGGING
  STORAGE(INITIAL 65536 NEXT 1048576 MINEXTENTS 1 MAXEXTENTS 2147483645
  PCTINCREASE 0 FREELISTS 1 FREELIST GROUPS 1
  BUFFER_POOL DEFAULT FLASH_CACHE DEFAULT CELL_FLASH_CACHE DEFAULT)
  TABLESPACE "STUDENTI" ;
--------------------------------------------------------
--  DDL for Table UDALOSTI
--------------------------------------------------------

  CREATE TABLE "ST52501"."UDALOSTI" 
   (	"ID_UDALOSTI" NUMBER(6,0), 
	"DATUM" TIMESTAMP (6), 
	"OBSAH" CLOB, 
	"NAZEV" VARCHAR2(20 BYTE), 
	"ID_UZIVATELE" NUMBER(6,0), 
	"MISTO_KONANI" VARCHAR2(60 BYTE)
   ) SEGMENT CREATION IMMEDIATE 
  PCTFREE 10 PCTUSED 40 INITRANS 1 MAXTRANS 255 
 NOCOMPRESS LOGGING
  STORAGE(INITIAL 65536 NEXT 1048576 MINEXTENTS 1 MAXEXTENTS 2147483645
  PCTINCREASE 0 FREELISTS 1 FREELIST GROUPS 1
  BUFFER_POOL DEFAULT FLASH_CACHE DEFAULT CELL_FLASH_CACHE DEFAULT)
  TABLESPACE "STUDENTI" 
 LOB ("OBSAH") STORE AS SECUREFILE (
  TABLESPACE "STUDENTI" ENABLE STORAGE IN ROW CHUNK 8192
  NOCACHE LOGGING  NOCOMPRESS  KEEP_DUPLICATES 
  STORAGE(INITIAL 106496 NEXT 1048576 MINEXTENTS 1 MAXEXTENTS 2147483645
  PCTINCREASE 0
  BUFFER_POOL DEFAULT FLASH_CACHE DEFAULT CELL_FLASH_CACHE DEFAULT)) ;
--------------------------------------------------------
--  DDL for Table UNIVERZITY
--------------------------------------------------------

  CREATE TABLE "ST52501"."UNIVERZITY" 
   (	"ID_UNIVERZITY" NUMBER(6,0), 
	"NAZEV" VARCHAR2(20 BYTE), 
	"MESTO" VARCHAR2(20 BYTE), 
	"ULICE" VARCHAR2(20 BYTE), 
	"EMAIL" VARCHAR2(20 BYTE), 
	"WEB" VARCHAR2(20 BYTE)
   ) SEGMENT CREATION DEFERRED 
  PCTFREE 10 PCTUSED 40 INITRANS 1 MAXTRANS 255 
 NOCOMPRESS LOGGING
  TABLESPACE "STUDENTI" ;
--------------------------------------------------------
--  DDL for Table USER_OBRAZEK
--------------------------------------------------------

  CREATE TABLE "ST52501"."USER_OBRAZEK" 
   (	"ID" NUMBER(*,0), 
	"OBRAZEK_ID" NUMBER(*,0), 
	"USER_ID" NUMBER(*,0)
   ) SEGMENT CREATION DEFERRED 
  PCTFREE 10 PCTUSED 40 INITRANS 1 MAXTRANS 255 
 NOCOMPRESS LOGGING
  TABLESPACE "STUDENTI" ;
--------------------------------------------------------
--  DDL for Table UZIVATELE
--------------------------------------------------------

  CREATE TABLE "ST52501"."UZIVATELE" 
   (	"ID_UZIVATELE" NUMBER(10,0), 
	"LOGIN" VARCHAR2(20 BYTE), 
	"HESLO" VARCHAR2(20 BYTE), 
	"JMENO" VARCHAR2(20 BYTE), 
	"PRIJMENI" VARCHAR2(20 BYTE), 
	"POZNAMKA" VARCHAR2(20 BYTE), 
	"EMAIL" VARCHAR2(200 BYTE), 
	"BLOKACE" NUMBER(1,0)
   ) SEGMENT CREATION IMMEDIATE 
  PCTFREE 10 PCTUSED 40 INITRANS 1 MAXTRANS 255 
 NOCOMPRESS LOGGING
  STORAGE(INITIAL 65536 NEXT 1048576 MINEXTENTS 1 MAXEXTENTS 2147483645
  PCTINCREASE 0 FREELISTS 1 FREELIST GROUPS 1
  BUFFER_POOL DEFAULT FLASH_CACHE DEFAULT CELL_FLASH_CACHE DEFAULT)
  TABLESPACE "STUDENTI" ;
--------------------------------------------------------
--  DDL for Table UZIVATELE_SP
--------------------------------------------------------

  CREATE TABLE "ST52501"."UZIVATELE_SP" 
   (	"ID_UZIVATELE_SP" NUMBER(6,0), 
	"ID_UZIVATELE" NUMBER(6,0), 
	"ID_ST_PLANU" NUMBER(6,0)
   ) SEGMENT CREATION IMMEDIATE 
  PCTFREE 10 PCTUSED 40 INITRANS 1 MAXTRANS 255 
 NOCOMPRESS LOGGING
  STORAGE(INITIAL 65536 NEXT 1048576 MINEXTENTS 1 MAXEXTENTS 2147483645
  PCTINCREASE 0 FREELISTS 1 FREELIST GROUPS 1
  BUFFER_POOL DEFAULT FLASH_CACHE DEFAULT CELL_FLASH_CACHE DEFAULT)
  TABLESPACE "STUDENTI" ;
--------------------------------------------------------
--  DDL for Table ZPRAVY
--------------------------------------------------------

  CREATE TABLE "ST52501"."ZPRAVY" 
   (	"ID_ZPRAVY" NUMBER(*,0), 
	"CASOVE_RAZITKO" TIMESTAMP (6), 
	"OBSAH" CLOB, 
	"POZNAMKA" VARCHAR2(120 BYTE), 
	"PREDMET" VARCHAR2(120 BYTE)
   ) SEGMENT CREATION IMMEDIATE 
  PCTFREE 10 PCTUSED 40 INITRANS 1 MAXTRANS 255 
 NOCOMPRESS LOGGING
  STORAGE(INITIAL 65536 NEXT 1048576 MINEXTENTS 1 MAXEXTENTS 2147483645
  PCTINCREASE 0 FREELISTS 1 FREELIST GROUPS 1
  BUFFER_POOL DEFAULT FLASH_CACHE DEFAULT CELL_FLASH_CACHE DEFAULT)
  TABLESPACE "STUDENTI" 
 LOB ("OBSAH") STORE AS SECUREFILE (
  TABLESPACE "STUDENTI" ENABLE STORAGE IN ROW CHUNK 8192
  NOCACHE LOGGING  NOCOMPRESS  KEEP_DUPLICATES 
  STORAGE(INITIAL 106496 NEXT 1048576 MINEXTENTS 1 MAXEXTENTS 2147483645
  PCTINCREASE 0
  BUFFER_POOL DEFAULT FLASH_CACHE DEFAULT CELL_FLASH_CACHE DEFAULT)) ;
--------------------------------------------------------
--  DDL for View ROLES
--------------------------------------------------------

  CREATE OR REPLACE FORCE EDITIONABLE VIEW "ST52501"."ROLES" ("ID_ROLE", "NAZEV", "OPRAVNENI", "POZNAMKA", "ID_UZIVATELE") AS 
  select ro.id_role,ro.nazev,ro.opravneni,ro.poznamka, uz.id_uzivatele
            from role ro
                     inner join role_uzivatele ruz on ruz.id_role = ro.id_role
                     inner join uzivatele uz on uz.id_uzivatele = ruz.id_uzivatele
;
--------------------------------------------------------
--  DDL for View ROLE_UZIV
--------------------------------------------------------

  CREATE OR REPLACE FORCE EDITIONABLE VIEW "ST52501"."ROLE_UZIV" ("ID_ROLE") AS 
  SELECT COUNT(ru.id_role_uzivatele) id_role
from role_uzivatele ru
;
--------------------------------------------------------
--  DDL for View ROLE_UZIV2
--------------------------------------------------------

  CREATE OR REPLACE FORCE EDITIONABLE VIEW "ST52501"."ROLE_UZIV2" ("ID_ROLE") AS 
  SELECT COUNT(ru.id_role_uzivatele) id_role
from role_uzivatele ru
GROUP BY(ru.id_role)
;
--------------------------------------------------------
--  DDL for View UZIVATELE_VIEW
--------------------------------------------------------

  CREATE OR REPLACE FORCE EDITIONABLE VIEW "ST52501"."UZIVATELE_VIEW" ("ID_UZIVATELE", "JMENO", "PRIJMENI", "EMAIL", "BLOKACE") AS 
  select id_uzivatele,jmeno,prijmeni,email,blokace
from uzivatele
;
--------------------------------------------------------
--  DDL for View VIEW_TOP_LEAF
--------------------------------------------------------

  CREATE OR REPLACE FORCE EDITIONABLE VIEW "ST52501"."VIEW_TOP_LEAF" ("ZAMESTNANEC_ID", "JMENO", "PRIJMENI", "EMAIL", "TELEFON", "DATUM_NASTUP", "POZICE_ID", "MZDA", "PROVIZE_PROCENT", "MANAZER_ID", "ODDELENI_ID") AS 
  SELECT "ZAMESTNANEC_ID","JMENO","PRIJMENI","EMAIL","TELEFON","DATUM_NASTUP","POZICE_ID","MZDA","PROVIZE_PROCENT","MANAZER_ID","ODDELENI_ID" FROM A_HR.ZAMESTNANCI
WHERE CONNECT_BY_ISLEAF = 1
CONNECT BY MANAZER_ID = PRIOR ZAMESTNANEC_ID
START WITH MANAZER_ID IS NULL
;
--------------------------------------------------------
--  DDL for View VW_SKUPINY
--------------------------------------------------------

  CREATE OR REPLACE FORCE EDITIONABLE VIEW "ST52501"."VW_SKUPINY" ("ID_SKUPINY", "NAZEV", "ID_KOMENTARE", "ID_PLANU") AS 
  select "ID_SKUPINY","NAZEV","ID_KOMENTARE","ID_PLANU" from skupiny
;
--------------------------------------------------------
--  DDL for View V_NETID_STUDENTU_DESC
--------------------------------------------------------

  CREATE OR REPLACE FORCE EDITIONABLE VIEW "ST52501"."V_NETID_STUDENTU_DESC" ("PRIJMENI", "NASTUP") AS 
  Select prijmeni, nastup 
from cv7_studenti ORDER BY nastup
;
--------------------------------------------------------
--  DDL for View V_PR_NAS_STUDENTU_ASC
--------------------------------------------------------

  CREATE OR REPLACE FORCE EDITIONABLE VIEW "ST52501"."V_PR_NAS_STUDENTU_ASC" ("USRNETID", "NASTUP") AS 
  Select id_studenta AS UsrNetId, nastup 
from cv7_studenti ORDER BY UsrNetId ASC
;
--------------------------------------------------------
--  DDL for View V_UCITELE_NA_J
--------------------------------------------------------

  CREATE OR REPLACE FORCE EDITIONABLE VIEW "ST52501"."V_UCITELE_NA_J" ("ID_UCITELE", "JMENO", "PRIJMENI") AS 
  Select "ID_UCITELE","JMENO","PRIJMENI" from cv7_ucitele
Where jmeno ='J%'
;
REM INSERTING into ST52501.AUTORI
SET DEFINE OFF;
REM INSERTING into ST52501.CV7_KNIHY
SET DEFINE OFF;
REM INSERTING into ST52501.CV7_STUDENTI
SET DEFINE OFF;
Insert into ST52501.CV7_STUDENTI (ID_STUDENTA,JMENO,PRIJMENI,NASTUP) values (1,'Ales','Chalupa',to_date('01-APR-15','DD-MON-RR'));
Insert into ST52501.CV7_STUDENTI (ID_STUDENTA,JMENO,PRIJMENI,NASTUP) values (2,'Alen','Vopatova',to_date('10-SEP-17','DD-MON-RR'));
Insert into ST52501.CV7_STUDENTI (ID_STUDENTA,JMENO,PRIJMENI,NASTUP) values (3,'Tom','Bures',to_date('20-JAN-19','DD-MON-RR'));
Insert into ST52501.CV7_STUDENTI (ID_STUDENTA,JMENO,PRIJMENI,NASTUP) values (4,'Jana','Machata',to_date('01-SEP-15','DD-MON-RR'));
Insert into ST52501.CV7_STUDENTI (ID_STUDENTA,JMENO,PRIJMENI,NASTUP) values (5,'Petr','Vokoun',to_date('25-MAY-11','DD-MON-RR'));
Insert into ST52501.CV7_STUDENTI (ID_STUDENTA,JMENO,PRIJMENI,NASTUP) values (6,'Alen','Valdova',to_date('17-MAY-16','DD-MON-RR'));
Insert into ST52501.CV7_STUDENTI (ID_STUDENTA,JMENO,PRIJMENI,NASTUP) values (7,'Dan','Chyba',to_date('01-SEP-17','DD-MON-RR'));
Insert into ST52501.CV7_STUDENTI (ID_STUDENTA,JMENO,PRIJMENI,NASTUP) values (8,'Jana','Malinska',to_date('01-SEP-17','DD-MON-RR'));
Insert into ST52501.CV7_STUDENTI (ID_STUDENTA,JMENO,PRIJMENI,NASTUP) values (9,'Lenka','Valdova',to_date('01-SEP-18','DD-MON-RR'));
Insert into ST52501.CV7_STUDENTI (ID_STUDENTA,JMENO,PRIJMENI,NASTUP) values (10,'Pavel','Suchy',to_date('01-SEP-17','DD-MON-RR'));
Insert into ST52501.CV7_STUDENTI (ID_STUDENTA,JMENO,PRIJMENI,NASTUP) values (11,'Adam','Mejtsky',to_date('01-SEP-16','DD-MON-RR'));
Insert into ST52501.CV7_STUDENTI (ID_STUDENTA,JMENO,PRIJMENI,NASTUP) values (12,'Jan','Pikhart',to_date('01-SEP-15','DD-MON-RR'));
REM INSERTING into ST52501.CV7_UCI
SET DEFINE OFF;
REM INSERTING into ST52501.CV7_UCITELE
SET DEFINE OFF;
Insert into ST52501.CV7_UCITELE (ID_UCITELE,JMENO,PRIJMENI) values (1,'Jan','Suchy');
Insert into ST52501.CV7_UCITELE (ID_UCITELE,JMENO,PRIJMENI) values (2,'David','Zak');
Insert into ST52501.CV7_UCITELE (ID_UCITELE,JMENO,PRIJMENI) values (4,'Jan','Machovec');
Insert into ST52501.CV7_UCITELE (ID_UCITELE,JMENO,PRIJMENI) values (5,'Pavel','Mikan');
Insert into ST52501.CV7_UCITELE (ID_UCITELE,JMENO,PRIJMENI) values (3,'Karel','Greiner');
Insert into ST52501.CV7_UCITELE (ID_UCITELE,JMENO,PRIJMENI) values (6,'David','Sova');
Insert into ST52501.CV7_UCITELE (ID_UCITELE,JMENO,PRIJMENI) values (7,'Lukas','Pavlik');
Insert into ST52501.CV7_UCITELE (ID_UCITELE,JMENO,PRIJMENI) values (8,'Jana','Novakova');
Insert into ST52501.CV7_UCITELE (ID_UCITELE,JMENO,PRIJMENI) values (9,'Jan','Kratochvil');
Insert into ST52501.CV7_UCITELE (ID_UCITELE,JMENO,PRIJMENI) values (10,'Jiri','Matousek');
Insert into ST52501.CV7_UCITELE (ID_UCITELE,JMENO,PRIJMENI) values (11,'Lukas','Slansky');
Insert into ST52501.CV7_UCITELE (ID_UCITELE,JMENO,PRIJMENI) values (12,'Jan','Greiner');
REM INSERTING into ST52501.DEMO
SET DEFINE OFF;
Insert into ST52501.DEMO (DEMO_ID,DEMO_NAME) values (5,'Tony');
REM INSERTING into ST52501.EMP
SET DEFINE OFF;
REM INSERTING into ST52501.EMPLOYEES_DEMO
SET DEFINE OFF;
REM INSERTING into ST52501.FAKULTY
SET DEFINE OFF;
REM INSERTING into ST52501.F_ORDERS
SET DEFINE OFF;
REM INSERTING into ST52501.GRADUATE_CANDIDATE
SET DEFINE OFF;
REM INSERTING into ST52501.HODNOCENI
SET DEFINE OFF;
Insert into ST52501.HODNOCENI (ZNAMKA,SLOVNE) values (1,'Výborn?');
REM INSERTING into ST52501.IMAGES
SET DEFINE OFF;
Insert into ST52501.IMAGES (NAME,ID,CAS,POPISEK,ID_UZIV,DEFAULT_PC) values ('arctic2.jpg',49,to_timestamp('14-NOV-19 04.38.21.606000000 PM','DD-MON-RR HH.MI.SSXFF AM'),null,3995,0);
Insert into ST52501.IMAGES (NAME,ID,CAS,POPISEK,ID_UZIV,DEFAULT_PC) values ('zadani 6.PNG',61,to_timestamp('17-NOV-19 09.43.39.188000000 PM','DD-MON-RR HH.MI.SSXFF AM'),'Popisek',3995,1);
Insert into ST52501.IMAGES (NAME,ID,CAS,POPISEK,ID_UZIV,DEFAULT_PC) values ('3C456001-3B54-41CE-BA88-CB4F99075A4E.jpeg',101,to_timestamp('03-DEC-19 01.40.12.483000000 PM','DD-MON-RR HH.MI.SSXFF AM'),'Hahahaha',3995,0);
REM INSERTING into ST52501.KNIHY
SET DEFINE OFF;
REM INSERTING into ST52501.KOMENTARE
SET DEFINE OFF;
Insert into ST52501.KOMENTARE (ID_KOMENTARE,DATUM,ID_PODKOMENTARE,BLOKACE,NAZEV,ID_UZIVATELE,ID_OBRAZKU) values (103,to_timestamp('12-MAY-19 09.38.11.028000000 AM','DD-MON-RR HH.MI.SSXFF AM'),102,1,'test111',6125,null);
Insert into ST52501.KOMENTARE (ID_KOMENTARE,DATUM,ID_PODKOMENTARE,BLOKACE,NAZEV,ID_UZIVATELE,ID_OBRAZKU) values (102,to_timestamp('12-MAY-19 09.38.03.329000000 AM','DD-MON-RR HH.MI.SSXFF AM'),null,1,'testura',6125,null);
Insert into ST52501.KOMENTARE (ID_KOMENTARE,DATUM,ID_PODKOMENTARE,BLOKACE,NAZEV,ID_UZIVATELE,ID_OBRAZKU) values (104,to_timestamp('12-MAY-19 09.38.18.455000000 AM','DD-MON-RR HH.MI.SSXFF AM'),103,1,'test2',6125,null);
Insert into ST52501.KOMENTARE (ID_KOMENTARE,DATUM,ID_PODKOMENTARE,BLOKACE,NAZEV,ID_UZIVATELE,ID_OBRAZKU) values (105,to_timestamp('12-MAY-19 09.38.26.795000000 AM','DD-MON-RR HH.MI.SSXFF AM'),104,1,'test3',6125,null);
Insert into ST52501.KOMENTARE (ID_KOMENTARE,DATUM,ID_PODKOMENTARE,BLOKACE,NAZEV,ID_UZIVATELE,ID_OBRAZKU) values (106,to_timestamp('12-MAY-19 09.38.39.941000000 AM','DD-MON-RR HH.MI.SSXFF AM'),103,1,'test5',6125,null);
Insert into ST52501.KOMENTARE (ID_KOMENTARE,DATUM,ID_PODKOMENTARE,BLOKACE,NAZEV,ID_UZIVATELE,ID_OBRAZKU) values (108,to_timestamp('12-MAY-19 09.57.21.183000000 AM','DD-MON-RR HH.MI.SSXFF AM'),105,1,'test6',7289,null);
Insert into ST52501.KOMENTARE (ID_KOMENTARE,DATUM,ID_PODKOMENTARE,BLOKACE,NAZEV,ID_UZIVATELE,ID_OBRAZKU) values (107,to_timestamp('12-MAY-19 09.56.56.699000000 AM','DD-MON-RR HH.MI.SSXFF AM'),105,1,'st7289',7289,null);
Insert into ST52501.KOMENTARE (ID_KOMENTARE,DATUM,ID_PODKOMENTARE,BLOKACE,NAZEV,ID_UZIVATELE,ID_OBRAZKU) values (109,to_timestamp('12-MAY-19 09.58.40.550000000 AM','DD-MON-RR HH.MI.SSXFF AM'),null,1,'st7289',7289,null);
Insert into ST52501.KOMENTARE (ID_KOMENTARE,DATUM,ID_PODKOMENTARE,BLOKACE,NAZEV,ID_UZIVATELE,ID_OBRAZKU) values (110,to_timestamp('12-MAY-19 09.59.06.569000000 AM','DD-MON-RR HH.MI.SSXFF AM'),109,1,'test1',7289,null);
Insert into ST52501.KOMENTARE (ID_KOMENTARE,DATUM,ID_PODKOMENTARE,BLOKACE,NAZEV,ID_UZIVATELE,ID_OBRAZKU) values (111,to_timestamp('12-MAY-19 09.59.16.820000000 AM','DD-MON-RR HH.MI.SSXFF AM'),110,1,'test2',7289,null);
Insert into ST52501.KOMENTARE (ID_KOMENTARE,DATUM,ID_PODKOMENTARE,BLOKACE,NAZEV,ID_UZIVATELE,ID_OBRAZKU) values (112,to_timestamp('12-MAY-19 09.59.28.629000000 AM','DD-MON-RR HH.MI.SSXFF AM'),110,1,'test3',7289,null);
Insert into ST52501.KOMENTARE (ID_KOMENTARE,DATUM,ID_PODKOMENTARE,BLOKACE,NAZEV,ID_UZIVATELE,ID_OBRAZKU) values (113,to_timestamp('12-MAY-19 09.59.41.277000000 AM','DD-MON-RR HH.MI.SSXFF AM'),112,1,'test4',7289,null);
Insert into ST52501.KOMENTARE (ID_KOMENTARE,DATUM,ID_PODKOMENTARE,BLOKACE,NAZEV,ID_UZIVATELE,ID_OBRAZKU) values (114,to_timestamp('12-MAY-19 10.14.26.576000000 AM','DD-MON-RR HH.MI.SSXFF AM'),108,1,'test7',2508,null);
Insert into ST52501.KOMENTARE (ID_KOMENTARE,DATUM,ID_PODKOMENTARE,BLOKACE,NAZEV,ID_UZIVATELE,ID_OBRAZKU) values (115,to_timestamp('12-MAY-19 10.14.39.502000000 AM','DD-MON-RR HH.MI.SSXFF AM'),108,1,'test8',2508,null);
Insert into ST52501.KOMENTARE (ID_KOMENTARE,DATUM,ID_PODKOMENTARE,BLOKACE,NAZEV,ID_UZIVATELE,ID_OBRAZKU) values (116,to_timestamp('12-MAY-19 10.14.49.871000000 AM','DD-MON-RR HH.MI.SSXFF AM'),115,1,'test9',2508,null);
Insert into ST52501.KOMENTARE (ID_KOMENTARE,DATUM,ID_PODKOMENTARE,BLOKACE,NAZEV,ID_UZIVATELE,ID_OBRAZKU) values (117,to_timestamp('12-MAY-19 10.15.39.238000000 AM','DD-MON-RR HH.MI.SSXFF AM'),113,1,'test5',2508,null);
Insert into ST52501.KOMENTARE (ID_KOMENTARE,DATUM,ID_PODKOMENTARE,BLOKACE,NAZEV,ID_UZIVATELE,ID_OBRAZKU) values (118,to_timestamp('12-MAY-19 10.15.49.213000000 AM','DD-MON-RR HH.MI.SSXFF AM'),117,1,'test6',2508,null);
Insert into ST52501.KOMENTARE (ID_KOMENTARE,DATUM,ID_PODKOMENTARE,BLOKACE,NAZEV,ID_UZIVATELE,ID_OBRAZKU) values (119,to_timestamp('12-MAY-19 10.16.02.724000000 AM','DD-MON-RR HH.MI.SSXFF AM'),118,1,'test7',2508,null);
Insert into ST52501.KOMENTARE (ID_KOMENTARE,DATUM,ID_PODKOMENTARE,BLOKACE,NAZEV,ID_UZIVATELE,ID_OBRAZKU) values (120,to_timestamp('12-MAY-19 10.32.01.874000000 AM','DD-MON-RR HH.MI.SSXFF AM'),116,1,'test10',3237,null);
Insert into ST52501.KOMENTARE (ID_KOMENTARE,DATUM,ID_PODKOMENTARE,BLOKACE,NAZEV,ID_UZIVATELE,ID_OBRAZKU) values (121,to_timestamp('12-MAY-19 10.32.14.113000000 AM','DD-MON-RR HH.MI.SSXFF AM'),120,1,'test11',3237,null);
Insert into ST52501.KOMENTARE (ID_KOMENTARE,DATUM,ID_PODKOMENTARE,BLOKACE,NAZEV,ID_UZIVATELE,ID_OBRAZKU) values (122,to_timestamp('12-MAY-19 10.33.02.877000000 AM','DD-MON-RR HH.MI.SSXFF AM'),119,1,'test8',3237,null);
Insert into ST52501.KOMENTARE (ID_KOMENTARE,DATUM,ID_PODKOMENTARE,BLOKACE,NAZEV,ID_UZIVATELE,ID_OBRAZKU) values (123,to_timestamp('12-MAY-19 10.44.48.203000000 AM','DD-MON-RR HH.MI.SSXFF AM'),122,1,'test9',1655,null);
Insert into ST52501.KOMENTARE (ID_KOMENTARE,DATUM,ID_PODKOMENTARE,BLOKACE,NAZEV,ID_UZIVATELE,ID_OBRAZKU) values (161,to_timestamp('02-NOV-19 03.14.39.078000000 PM','DD-MON-RR HH.MI.SSXFF AM'),130,1,'jhgf',3995,null);
Insert into ST52501.KOMENTARE (ID_KOMENTARE,DATUM,ID_PODKOMENTARE,BLOKACE,NAZEV,ID_UZIVATELE,ID_OBRAZKU) values (124,to_timestamp('12-MAY-19 10.57.50.427000000 AM','DD-MON-RR HH.MI.SSXFF AM'),null,1,'test1',7741,null);
Insert into ST52501.KOMENTARE (ID_KOMENTARE,DATUM,ID_PODKOMENTARE,BLOKACE,NAZEV,ID_UZIVATELE,ID_OBRAZKU) values (125,to_timestamp('12-MAY-19 10.57.58.099000000 AM','DD-MON-RR HH.MI.SSXFF AM'),124,1,'test2',7741,null);
Insert into ST52501.KOMENTARE (ID_KOMENTARE,DATUM,ID_PODKOMENTARE,BLOKACE,NAZEV,ID_UZIVATELE,ID_OBRAZKU) values (181,to_timestamp('17-NOV-19 09.32.40.240000000 PM','DD-MON-RR HH.MI.SSXFF AM'),null,1,'Issayev',3995,49);
Insert into ST52501.KOMENTARE (ID_KOMENTARE,DATUM,ID_PODKOMENTARE,BLOKACE,NAZEV,ID_UZIVATELE,ID_OBRAZKU) values (127,to_timestamp('12-MAY-19 10.58.27.109000000 AM','DD-MON-RR HH.MI.SSXFF AM'),null,1,'test1',7741,null);
Insert into ST52501.KOMENTARE (ID_KOMENTARE,DATUM,ID_PODKOMENTARE,BLOKACE,NAZEV,ID_UZIVATELE,ID_OBRAZKU) values (128,to_timestamp('12-MAY-19 10.58.32.820000000 AM','DD-MON-RR HH.MI.SSXFF AM'),null,1,'test1test1',7741,null);
Insert into ST52501.KOMENTARE (ID_KOMENTARE,DATUM,ID_PODKOMENTARE,BLOKACE,NAZEV,ID_UZIVATELE,ID_OBRAZKU) values (129,to_timestamp('12-MAY-19 10.58.54.390000000 AM','DD-MON-RR HH.MI.SSXFF AM'),127,1,'test1test1',7741,null);
Insert into ST52501.KOMENTARE (ID_KOMENTARE,DATUM,ID_PODKOMENTARE,BLOKACE,NAZEV,ID_UZIVATELE,ID_OBRAZKU) values (130,to_timestamp('12-MAY-19 10.59.02.958000000 AM','DD-MON-RR HH.MI.SSXFF AM'),129,1,'test1test1test1',7741,null);
Insert into ST52501.KOMENTARE (ID_KOMENTARE,DATUM,ID_PODKOMENTARE,BLOKACE,NAZEV,ID_UZIVATELE,ID_OBRAZKU) values (182,to_timestamp('17-NOV-19 09.32.41.858000000 PM','DD-MON-RR HH.MI.SSXFF AM'),null,1,'Issayev',3995,49);
Insert into ST52501.KOMENTARE (ID_KOMENTARE,DATUM,ID_PODKOMENTARE,BLOKACE,NAZEV,ID_UZIVATELE,ID_OBRAZKU) values (183,to_timestamp('17-NOV-19 09.32.43.715000000 PM','DD-MON-RR HH.MI.SSXFF AM'),null,1,'Issayev',3995,49);
Insert into ST52501.KOMENTARE (ID_KOMENTARE,DATUM,ID_PODKOMENTARE,BLOKACE,NAZEV,ID_UZIVATELE,ID_OBRAZKU) values (184,to_timestamp('17-NOV-19 09.37.07.812000000 PM','DD-MON-RR HH.MI.SSXFF AM'),null,1,'Issayev',3995,49);
Insert into ST52501.KOMENTARE (ID_KOMENTARE,DATUM,ID_PODKOMENTARE,BLOKACE,NAZEV,ID_UZIVATELE,ID_OBRAZKU) values (185,to_timestamp('17-NOV-19 09.39.31.284000000 PM','DD-MON-RR HH.MI.SSXFF AM'),null,1,'Issayev',3995,49);
Insert into ST52501.KOMENTARE (ID_KOMENTARE,DATUM,ID_PODKOMENTARE,BLOKACE,NAZEV,ID_UZIVATELE,ID_OBRAZKU) values (186,to_timestamp('17-NOV-19 09.42.59.384000000 PM','DD-MON-RR HH.MI.SSXFF AM'),null,1,'Issayev',3995,49);
Insert into ST52501.KOMENTARE (ID_KOMENTARE,DATUM,ID_PODKOMENTARE,BLOKACE,NAZEV,ID_UZIVATELE,ID_OBRAZKU) values (187,to_timestamp('17-NOV-19 09.43.09.049000000 PM','DD-MON-RR HH.MI.SSXFF AM'),null,1,'Issayev',3995,49);
Insert into ST52501.KOMENTARE (ID_KOMENTARE,DATUM,ID_PODKOMENTARE,BLOKACE,NAZEV,ID_UZIVATELE,ID_OBRAZKU) values (188,to_timestamp('17-NOV-19 09.44.35.711000000 PM','DD-MON-RR HH.MI.SSXFF AM'),null,1,'Issayev',3995,61);
Insert into ST52501.KOMENTARE (ID_KOMENTARE,DATUM,ID_PODKOMENTARE,BLOKACE,NAZEV,ID_UZIVATELE,ID_OBRAZKU) values (189,to_timestamp('17-NOV-19 09.51.14.739000000 PM','DD-MON-RR HH.MI.SSXFF AM'),null,1,'Issayev',3995,61);
Insert into ST52501.KOMENTARE (ID_KOMENTARE,DATUM,ID_PODKOMENTARE,BLOKACE,NAZEV,ID_UZIVATELE,ID_OBRAZKU) values (190,to_timestamp('17-NOV-19 10.14.25.099000000 PM','DD-MON-RR HH.MI.SSXFF AM'),null,1,'Issayev',3995,49);
Insert into ST52501.KOMENTARE (ID_KOMENTARE,DATUM,ID_PODKOMENTARE,BLOKACE,NAZEV,ID_UZIVATELE,ID_OBRAZKU) values (191,to_timestamp('17-NOV-19 10.15.59.942000000 PM','DD-MON-RR HH.MI.SSXFF AM'),null,1,'Issayev',3995,61);
Insert into ST52501.KOMENTARE (ID_KOMENTARE,DATUM,ID_PODKOMENTARE,BLOKACE,NAZEV,ID_UZIVATELE,ID_OBRAZKU) values (192,to_timestamp('17-NOV-19 10.16.01.182000000 PM','DD-MON-RR HH.MI.SSXFF AM'),null,1,'Issayev',3995,61);
Insert into ST52501.KOMENTARE (ID_KOMENTARE,DATUM,ID_PODKOMENTARE,BLOKACE,NAZEV,ID_UZIVATELE,ID_OBRAZKU) values (193,to_timestamp('17-NOV-19 10.16.01.730000000 PM','DD-MON-RR HH.MI.SSXFF AM'),null,1,'Issayev',3995,61);
Insert into ST52501.KOMENTARE (ID_KOMENTARE,DATUM,ID_PODKOMENTARE,BLOKACE,NAZEV,ID_UZIVATELE,ID_OBRAZKU) values (194,to_timestamp('17-NOV-19 10.16.01.909000000 PM','DD-MON-RR HH.MI.SSXFF AM'),null,1,'Issayev',3995,61);
Insert into ST52501.KOMENTARE (ID_KOMENTARE,DATUM,ID_PODKOMENTARE,BLOKACE,NAZEV,ID_UZIVATELE,ID_OBRAZKU) values (195,to_timestamp('18-NOV-19 10.46.37.483000000 AM','DD-MON-RR HH.MI.SSXFF AM'),null,1,'Issayev',3995,49);
Insert into ST52501.KOMENTARE (ID_KOMENTARE,DATUM,ID_PODKOMENTARE,BLOKACE,NAZEV,ID_UZIVATELE,ID_OBRAZKU) values (196,to_timestamp('18-NOV-19 10.49.54.634000000 AM','DD-MON-RR HH.MI.SSXFF AM'),null,1,'Issayev',3995,49);
Insert into ST52501.KOMENTARE (ID_KOMENTARE,DATUM,ID_PODKOMENTARE,BLOKACE,NAZEV,ID_UZIVATELE,ID_OBRAZKU) values (197,to_timestamp('18-NOV-19 10.51.23.004000000 AM','DD-MON-RR HH.MI.SSXFF AM'),null,1,'Issayev',3995,49);
Insert into ST52501.KOMENTARE (ID_KOMENTARE,DATUM,ID_PODKOMENTARE,BLOKACE,NAZEV,ID_UZIVATELE,ID_OBRAZKU) values (198,to_timestamp('18-NOV-19 10.53.41.422000000 AM','DD-MON-RR HH.MI.SSXFF AM'),null,1,'Issayev',3995,49);
Insert into ST52501.KOMENTARE (ID_KOMENTARE,DATUM,ID_PODKOMENTARE,BLOKACE,NAZEV,ID_UZIVATELE,ID_OBRAZKU) values (201,to_timestamp('30-NOV-19 10.16.32.552000000 AM','DD-MON-RR HH.MI.SSXFF AM'),null,1,'Issayev',3995,61);
Insert into ST52501.KOMENTARE (ID_KOMENTARE,DATUM,ID_PODKOMENTARE,BLOKACE,NAZEV,ID_UZIVATELE,ID_OBRAZKU) values (145,to_timestamp('14-MAY-19 03.40.46.121000000 PM','DD-MON-RR HH.MI.SSXFF AM'),107,1,'????',7289,null);
REM INSERTING into ST52501.KONTAKTY
SET DEFINE OFF;
Insert into ST52501.KONTAKTY (ID_KONT,PLATNOST,POZNAMKA,ID_UZIVATELE) values (63,to_timestamp('15-JUN-19 09.18.00.000000000 AM','DD-MON-RR HH.MI.SSXFF AM'),'*****',6142);
Insert into ST52501.KONTAKTY (ID_KONT,PLATNOST,POZNAMKA,ID_UZIVATELE) values (64,to_timestamp('24-MAY-19 04.41.00.000000000 AM','DD-MON-RR HH.MI.SSXFF AM'),null,353);
Insert into ST52501.KONTAKTY (ID_KONT,PLATNOST,POZNAMKA,ID_UZIVATELE) values (65,to_timestamp('26-MAY-19 02.21.00.000000000 AM','DD-MON-RR HH.MI.SSXFF AM'),null,8512);
Insert into ST52501.KONTAKTY (ID_KONT,PLATNOST,POZNAMKA,ID_UZIVATELE) values (66,to_timestamp('26-MAY-19 06.06.00.000000000 PM','DD-MON-RR HH.MI.SSXFF AM'),null,6125);
Insert into ST52501.KONTAKTY (ID_KONT,PLATNOST,POZNAMKA,ID_UZIVATELE) values (25,to_timestamp('09-MAY-19 03.57.00.000000000 PM','DD-MON-RR HH.MI.SSXFF AM'),'dfgdg',3259);
Insert into ST52501.KONTAKTY (ID_KONT,PLATNOST,POZNAMKA,ID_UZIVATELE) values (-1,to_timestamp('01-MAY-19 02.54.00.000000000 PM','DD-MON-RR HH.MI.SSXFF AM'),'dfsfs',7289);
Insert into ST52501.KONTAKTY (ID_KONT,PLATNOST,POZNAMKA,ID_UZIVATELE) values (24,to_timestamp('01-MAY-19 02.55.00.000000000 PM','DD-MON-RR HH.MI.SSXFF AM'),'dfdf',7289);
Insert into ST52501.KONTAKTY (ID_KONT,PLATNOST,POZNAMKA,ID_UZIVATELE) values (67,to_timestamp('25-MAY-19 04.55.00.000000000 PM','DD-MON-RR HH.MI.SSXFF AM'),null,5655);
Insert into ST52501.KONTAKTY (ID_KONT,PLATNOST,POZNAMKA,ID_UZIVATELE) values (4,to_timestamp('30-APR-19 11.45.31.986000000 PM','DD-MON-RR HH.MI.SSXFF AM'),null,7418);
Insert into ST52501.KONTAKTY (ID_KONT,PLATNOST,POZNAMKA,ID_UZIVATELE) values (22,to_timestamp('25-APR-19 05.08.03.725000000 PM','DD-MON-RR HH.MI.SSXFF AM'),null,3649);
Insert into ST52501.KONTAKTY (ID_KONT,PLATNOST,POZNAMKA,ID_UZIVATELE) values (3,to_timestamp('30-APR-19 10.06.59.794000000 PM','DD-MON-RR HH.MI.SSXFF AM'),null,5617);
Insert into ST52501.KONTAKTY (ID_KONT,PLATNOST,POZNAMKA,ID_UZIVATELE) values (11,to_timestamp('30-APR-19 11.45.29.283000000 PM','DD-MON-RR HH.MI.SSXFF AM'),null,1655);
Insert into ST52501.KONTAKTY (ID_KONT,PLATNOST,POZNAMKA,ID_UZIVATELE) values (5,to_timestamp('30-APR-19 11.45.32.033000000 PM','DD-MON-RR HH.MI.SSXFF AM'),null,4199);
Insert into ST52501.KONTAKTY (ID_KONT,PLATNOST,POZNAMKA,ID_UZIVATELE) values (6,to_timestamp('30-APR-19 11.45.32.080000000 PM','DD-MON-RR HH.MI.SSXFF AM'),null,1838);
Insert into ST52501.KONTAKTY (ID_KONT,PLATNOST,POZNAMKA,ID_UZIVATELE) values (7,to_timestamp('30-APR-19 11.45.32.111000000 PM','DD-MON-RR HH.MI.SSXFF AM'),null,1709);
Insert into ST52501.KONTAKTY (ID_KONT,PLATNOST,POZNAMKA,ID_UZIVATELE) values (8,to_timestamp('30-APR-19 11.45.32.127000000 PM','DD-MON-RR HH.MI.SSXFF AM'),null,3741);
Insert into ST52501.KONTAKTY (ID_KONT,PLATNOST,POZNAMKA,ID_UZIVATELE) values (9,to_timestamp('30-APR-19 11.45.32.158000000 PM','DD-MON-RR HH.MI.SSXFF AM'),null,6213);
Insert into ST52501.KONTAKTY (ID_KONT,PLATNOST,POZNAMKA,ID_UZIVATELE) values (10,to_timestamp('30-APR-19 11.45.32.189000000 PM','DD-MON-RR HH.MI.SSXFF AM'),null,1806);
Insert into ST52501.KONTAKTY (ID_KONT,PLATNOST,POZNAMKA,ID_UZIVATELE) values (43,to_timestamp('03-MAY-19 01.12.00.000000000 PM','DD-MON-RR HH.MI.SSXFF AM'),'fdgfd',1055);
Insert into ST52501.KONTAKTY (ID_KONT,PLATNOST,POZNAMKA,ID_UZIVATELE) values (83,to_timestamp('30-NOV-19 06.49.00.000000000 PM','DD-MON-RR HH.MI.SSXFF AM'),'bude odstranen',275);
REM INSERTING into ST52501.KONTAKTY_UZIVATELE
SET DEFINE OFF;
Insert into ST52501.KONTAKTY_UZIVATELE (ID_KONT_UZIV,ID_UZIVATELE,ID_KONTAKTA) values (161,1055,-1);
Insert into ST52501.KONTAKTY_UZIVATELE (ID_KONT_UZIV,ID_UZIVATELE,ID_KONTAKTA) values (162,1055,83);
Insert into ST52501.KONTAKTY_UZIVATELE (ID_KONT_UZIV,ID_UZIVATELE,ID_KONTAKTA) values (133,1655,64);
Insert into ST52501.KONTAKTY_UZIVATELE (ID_KONT_UZIV,ID_UZIVATELE,ID_KONTAKTA) values (134,1655,65);
Insert into ST52501.KONTAKTY_UZIVATELE (ID_KONT_UZIV,ID_UZIVATELE,ID_KONTAKTA) values (135,1655,66);
Insert into ST52501.KONTAKTY_UZIVATELE (ID_KONT_UZIV,ID_UZIVATELE,ID_KONTAKTA) values (125,2508,4);
Insert into ST52501.KONTAKTY_UZIVATELE (ID_KONT_UZIV,ID_UZIVATELE,ID_KONTAKTA) values (127,2508,5);
Insert into ST52501.KONTAKTY_UZIVATELE (ID_KONT_UZIV,ID_UZIVATELE,ID_KONTAKTA) values (128,2508,8);
Insert into ST52501.KONTAKTY_UZIVATELE (ID_KONT_UZIV,ID_UZIVATELE,ID_KONTAKTA) values (129,2508,63);
Insert into ST52501.KONTAKTY_UZIVATELE (ID_KONT_UZIV,ID_UZIVATELE,ID_KONTAKTA) values (132,3237,7);
Insert into ST52501.KONTAKTY_UZIVATELE (ID_KONT_UZIV,ID_UZIVATELE,ID_KONTAKTA) values (131,3237,8);
Insert into ST52501.KONTAKTY_UZIVATELE (ID_KONT_UZIV,ID_UZIVATELE,ID_KONTAKTA) values (130,3237,63);
Insert into ST52501.KONTAKTY_UZIVATELE (ID_KONT_UZIV,ID_UZIVATELE,ID_KONTAKTA) values (141,3995,43);
Insert into ST52501.KONTAKTY_UZIVATELE (ID_KONT_UZIV,ID_UZIVATELE,ID_KONTAKTA) values (3,4199,3);
Insert into ST52501.KONTAKTY_UZIVATELE (ID_KONT_UZIV,ID_UZIVATELE,ID_KONTAKTA) values (109,6125,43);
Insert into ST52501.KONTAKTY_UZIVATELE (ID_KONT_UZIV,ID_UZIVATELE,ID_KONTAKTA) values (122,7289,3);
Insert into ST52501.KONTAKTY_UZIVATELE (ID_KONT_UZIV,ID_UZIVATELE,ID_KONTAKTA) values (124,7289,6);
Insert into ST52501.KONTAKTY_UZIVATELE (ID_KONT_UZIV,ID_UZIVATELE,ID_KONTAKTA) values (139,7289,8);
Insert into ST52501.KONTAKTY_UZIVATELE (ID_KONT_UZIV,ID_UZIVATELE,ID_KONTAKTA) values (123,7289,9);
Insert into ST52501.KONTAKTY_UZIVATELE (ID_KONT_UZIV,ID_UZIVATELE,ID_KONTAKTA) values (121,7289,25);
Insert into ST52501.KONTAKTY_UZIVATELE (ID_KONT_UZIV,ID_UZIVATELE,ID_KONTAKTA) values (103,7289,43);
Insert into ST52501.KONTAKTY_UZIVATELE (ID_KONT_UZIV,ID_UZIVATELE,ID_KONTAKTA) values (137,7741,8);
Insert into ST52501.KONTAKTY_UZIVATELE (ID_KONT_UZIV,ID_UZIVATELE,ID_KONTAKTA) values (136,7741,43);
Insert into ST52501.KONTAKTY_UZIVATELE (ID_KONT_UZIV,ID_UZIVATELE,ID_KONTAKTA) values (138,7741,67);
REM INSERTING into ST52501.KORESPONDENCE
SET DEFINE OFF;
Insert into ST52501.KORESPONDENCE (ID_KORESPONDENCE,ID_KONTAKTU,ID_ZPRAVY) values (201,43,201);
Insert into ST52501.KORESPONDENCE (ID_KORESPONDENCE,ID_KONTAKTU,ID_ZPRAVY) values (143,9,143);
Insert into ST52501.KORESPONDENCE (ID_KORESPONDENCE,ID_KONTAKTU,ID_ZPRAVY) values (141,3,141);
Insert into ST52501.KORESPONDENCE (ID_KORESPONDENCE,ID_KONTAKTU,ID_ZPRAVY) values (142,6,142);
Insert into ST52501.KORESPONDENCE (ID_KORESPONDENCE,ID_KONTAKTU,ID_ZPRAVY) values (144,8,145);
Insert into ST52501.KORESPONDENCE (ID_KORESPONDENCE,ID_KONTAKTU,ID_ZPRAVY) values (145,5,146);
Insert into ST52501.KORESPONDENCE (ID_KORESPONDENCE,ID_KONTAKTU,ID_ZPRAVY) values (146,4,147);
Insert into ST52501.KORESPONDENCE (ID_KORESPONDENCE,ID_KONTAKTU,ID_ZPRAVY) values (147,8,148);
Insert into ST52501.KORESPONDENCE (ID_KORESPONDENCE,ID_KONTAKTU,ID_ZPRAVY) values (148,7,149);
Insert into ST52501.KORESPONDENCE (ID_KORESPONDENCE,ID_KONTAKTU,ID_ZPRAVY) values (149,64,150);
Insert into ST52501.KORESPONDENCE (ID_KORESPONDENCE,ID_KONTAKTU,ID_ZPRAVY) values (150,65,151);
Insert into ST52501.KORESPONDENCE (ID_KORESPONDENCE,ID_KONTAKTU,ID_ZPRAVY) values (151,66,152);
Insert into ST52501.KORESPONDENCE (ID_KORESPONDENCE,ID_KONTAKTU,ID_ZPRAVY) values (182,43,182);
Insert into ST52501.KORESPONDENCE (ID_KORESPONDENCE,ID_KONTAKTU,ID_ZPRAVY) values (61,8,61);
Insert into ST52501.KORESPONDENCE (ID_KORESPONDENCE,ID_KONTAKTU,ID_ZPRAVY) values (154,67,155);
Insert into ST52501.KORESPONDENCE (ID_KORESPONDENCE,ID_KONTAKTU,ID_ZPRAVY) values (153,8,154);
Insert into ST52501.KORESPONDENCE (ID_KORESPONDENCE,ID_KONTAKTU,ID_ZPRAVY) values (52,5,2);
Insert into ST52501.KORESPONDENCE (ID_KORESPONDENCE,ID_KONTAKTU,ID_ZPRAVY) values (184,43,184);
Insert into ST52501.KORESPONDENCE (ID_KORESPONDENCE,ID_KONTAKTU,ID_ZPRAVY) values (202,-1,202);
Insert into ST52501.KORESPONDENCE (ID_KORESPONDENCE,ID_KONTAKTU,ID_ZPRAVY) values (203,-1,203);
REM INSERTING into ST52501.L
SET DEFINE OFF;
REM INSERTING into ST52501.LIKES
SET DEFINE OFF;
Insert into ST52501.LIKES (ID,DATETIME,OBRAZEK_ID,POST_ID,ID_UZIVATELE) values (201,to_timestamp('17-NOV-19 09.45.32.260000000 PM','DD-MON-RR HH.MI.SSXFF AM'),61,0,3995);
Insert into ST52501.LIKES (ID,DATETIME,OBRAZEK_ID,POST_ID,ID_UZIVATELE) values (202,to_timestamp('17-NOV-19 09.45.36.154000000 PM','DD-MON-RR HH.MI.SSXFF AM'),49,0,3995);
Insert into ST52501.LIKES (ID,DATETIME,OBRAZEK_ID,POST_ID,ID_UZIVATELE) values (241,to_timestamp('03-DEC-19 01.40.42.922000000 PM','DD-MON-RR HH.MI.SSXFF AM'),101,0,3995);
REM INSERTING into ST52501.MEMBERS
SET DEFINE OFF;
Insert into ST52501.MEMBERS (MEMBER_ID,FIRST_NAME,LAST_NAME,GENDER,DOB,EMAIL) values (389,'Wade','Stockford','M',to_date('09-JUN-97','DD-MON-RR'),'wstockfordas@telegraph.co.uk');
Insert into ST52501.MEMBERS (MEMBER_ID,FIRST_NAME,LAST_NAME,GENDER,DOB,EMAIL) values (390,'Ermentrude','Yardy','F',to_date('02-JAN-93','DD-MON-RR'),'eyardyat@rediff.com');
Insert into ST52501.MEMBERS (MEMBER_ID,FIRST_NAME,LAST_NAME,GENDER,DOB,EMAIL) values (391,'Alikee','Ivett','F',to_date('12-SEP-90','DD-MON-RR'),'aivettau@elegantthemes.com');
Insert into ST52501.MEMBERS (MEMBER_ID,FIRST_NAME,LAST_NAME,GENDER,DOB,EMAIL) values (392,'Bethanne','Robichon','F',to_date('13-FEB-91','DD-MON-RR'),'brobichonav@sfgate.com');
Insert into ST52501.MEMBERS (MEMBER_ID,FIRST_NAME,LAST_NAME,GENDER,DOB,EMAIL) values (393,'Willette','Pencost','F',to_date('30-JUL-90','DD-MON-RR'),'wpencostaw@yahoo.co.jp');
Insert into ST52501.MEMBERS (MEMBER_ID,FIRST_NAME,LAST_NAME,GENDER,DOB,EMAIL) values (394,'Tiffani','Kiffe','F',to_date('24-JUL-70','DD-MON-RR'),'tkiffeax@about.com');
Insert into ST52501.MEMBERS (MEMBER_ID,FIRST_NAME,LAST_NAME,GENDER,DOB,EMAIL) values (395,'Georgina','Temby','F',to_date('10-JUL-89','DD-MON-RR'),'gtembyay@free.fr');
Insert into ST52501.MEMBERS (MEMBER_ID,FIRST_NAME,LAST_NAME,GENDER,DOB,EMAIL) values (396,'Darrel','Berecloth','M',to_date('26-MAR-70','DD-MON-RR'),'dbereclothaz@last.fm');
Insert into ST52501.MEMBERS (MEMBER_ID,FIRST_NAME,LAST_NAME,GENDER,DOB,EMAIL) values (397,'Addia','Budibent','F',to_date('09-APR-75','DD-MON-RR'),'abudibentb0@noaa.gov');
Insert into ST52501.MEMBERS (MEMBER_ID,FIRST_NAME,LAST_NAME,GENDER,DOB,EMAIL) values (398,'Dallis','McNirlan','M',to_date('09-NOV-91','DD-MON-RR'),'dmcnirlanb1@issuu.com');
Insert into ST52501.MEMBERS (MEMBER_ID,FIRST_NAME,LAST_NAME,GENDER,DOB,EMAIL) values (399,'Clementine','Anniwell','F',to_date('19-DEC-75','DD-MON-RR'),'canniwellb2@army.mil');
Insert into ST52501.MEMBERS (MEMBER_ID,FIRST_NAME,LAST_NAME,GENDER,DOB,EMAIL) values (400,'Reinold','Drejer','M',to_date('22-DEC-83','DD-MON-RR'),'rdrejerb3@usda.gov');
Insert into ST52501.MEMBERS (MEMBER_ID,FIRST_NAME,LAST_NAME,GENDER,DOB,EMAIL) values (401,'Victoria','Hobbert','F',to_date('14-APR-82','DD-MON-RR'),'vhobbertb4@topsy.com');
Insert into ST52501.MEMBERS (MEMBER_ID,FIRST_NAME,LAST_NAME,GENDER,DOB,EMAIL) values (402,'Dix','Klesse','F',to_date('06-OCT-94','DD-MON-RR'),'dklesseb5@illinois.edu');
Insert into ST52501.MEMBERS (MEMBER_ID,FIRST_NAME,LAST_NAME,GENDER,DOB,EMAIL) values (403,'Benoit','Lammers','M',to_date('16-OCT-75','DD-MON-RR'),'blammersb6@over-blog.com');
Insert into ST52501.MEMBERS (MEMBER_ID,FIRST_NAME,LAST_NAME,GENDER,DOB,EMAIL) values (404,'Kitty','Shervil','F',to_date('25-NOV-77','DD-MON-RR'),'kshervilb7@creativecommons.org');
Insert into ST52501.MEMBERS (MEMBER_ID,FIRST_NAME,LAST_NAME,GENDER,DOB,EMAIL) values (405,'Grayce','Korneichuk','F',to_date('01-JAN-85','DD-MON-RR'),'gkorneichukb8@vinaora.com');
Insert into ST52501.MEMBERS (MEMBER_ID,FIRST_NAME,LAST_NAME,GENDER,DOB,EMAIL) values (406,'Ebeneser','Gounot','M',to_date('04-APR-74','DD-MON-RR'),'egounotb9@bloglines.com');
Insert into ST52501.MEMBERS (MEMBER_ID,FIRST_NAME,LAST_NAME,GENDER,DOB,EMAIL) values (407,'Redford','Bracegirdle','M',to_date('08-APR-92','DD-MON-RR'),'rbracegirdleba@webmd.com');
Insert into ST52501.MEMBERS (MEMBER_ID,FIRST_NAME,LAST_NAME,GENDER,DOB,EMAIL) values (408,'Hedvig','Waiton','F',to_date('07-MAY-79','DD-MON-RR'),'hwaitonbb@paginegialle.it');
Insert into ST52501.MEMBERS (MEMBER_ID,FIRST_NAME,LAST_NAME,GENDER,DOB,EMAIL) values (409,'Rollins','Blanchard','M',to_date('31-DEC-80','DD-MON-RR'),'rblanchardbc@amazon.com');
Insert into ST52501.MEMBERS (MEMBER_ID,FIRST_NAME,LAST_NAME,GENDER,DOB,EMAIL) values (410,'Jodie','Yurshev','M',to_date('05-SEP-89','DD-MON-RR'),'jyurshevbd@squidoo.com');
Insert into ST52501.MEMBERS (MEMBER_ID,FIRST_NAME,LAST_NAME,GENDER,DOB,EMAIL) values (411,'Kelsey','Errichi','F',to_date('26-FEB-90','DD-MON-RR'),'kerrichibe@angelfire.com');
Insert into ST52501.MEMBERS (MEMBER_ID,FIRST_NAME,LAST_NAME,GENDER,DOB,EMAIL) values (412,'Lane','Hek','F',to_date('01-JUN-81','DD-MON-RR'),'lhekbf@japanpost.jp');
Insert into ST52501.MEMBERS (MEMBER_ID,FIRST_NAME,LAST_NAME,GENDER,DOB,EMAIL) values (413,'Brendis','Harrie','M',to_date('14-JUN-92','DD-MON-RR'),'bharriebg@mediafire.com');
Insert into ST52501.MEMBERS (MEMBER_ID,FIRST_NAME,LAST_NAME,GENDER,DOB,EMAIL) values (414,'Pace','Tappin','M',to_date('01-OCT-77','DD-MON-RR'),'ptappinbh@jugem.jp');
Insert into ST52501.MEMBERS (MEMBER_ID,FIRST_NAME,LAST_NAME,GENDER,DOB,EMAIL) values (415,'Gerald','Hamnet','M',to_date('29-APR-97','DD-MON-RR'),'ghamnetbi@netscape.com');
Insert into ST52501.MEMBERS (MEMBER_ID,FIRST_NAME,LAST_NAME,GENDER,DOB,EMAIL) values (416,'Abelard','Grealish','M',to_date('13-APR-81','DD-MON-RR'),'agrealishbj@xing.com');
Insert into ST52501.MEMBERS (MEMBER_ID,FIRST_NAME,LAST_NAME,GENDER,DOB,EMAIL) values (417,'Shepard','Worland','M',to_date('01-JAN-77','DD-MON-RR'),'sworlandbk@discuz.net');
Insert into ST52501.MEMBERS (MEMBER_ID,FIRST_NAME,LAST_NAME,GENDER,DOB,EMAIL) values (418,'Gregoor','Blanden','M',to_date('01-JAN-81','DD-MON-RR'),'gblandenbl@timesonline.co.uk');
Insert into ST52501.MEMBERS (MEMBER_ID,FIRST_NAME,LAST_NAME,GENDER,DOB,EMAIL) values (419,'Patty','Kobiela','F',to_date('21-JUL-71','DD-MON-RR'),'pkobielabm@live.com');
Insert into ST52501.MEMBERS (MEMBER_ID,FIRST_NAME,LAST_NAME,GENDER,DOB,EMAIL) values (420,'Jim','Burgiss','M',to_date('20-JUN-97','DD-MON-RR'),'jburgissbn@comsenz.com');
Insert into ST52501.MEMBERS (MEMBER_ID,FIRST_NAME,LAST_NAME,GENDER,DOB,EMAIL) values (421,'Albrecht','Jaine','M',to_date('18-NOV-70','DD-MON-RR'),'ajainebo@moonfruit.com');
Insert into ST52501.MEMBERS (MEMBER_ID,FIRST_NAME,LAST_NAME,GENDER,DOB,EMAIL) values (422,'Rriocard','Grewe','M',to_date('11-MAR-84','DD-MON-RR'),'rgrewebp@psu.edu');
Insert into ST52501.MEMBERS (MEMBER_ID,FIRST_NAME,LAST_NAME,GENDER,DOB,EMAIL) values (423,'Quill','Fairney','M',to_date('18-DEC-85','DD-MON-RR'),'qfairneybq@barnesandnoble.com');
Insert into ST52501.MEMBERS (MEMBER_ID,FIRST_NAME,LAST_NAME,GENDER,DOB,EMAIL) values (424,'Kym','Joust','F',to_date('11-JAN-92','DD-MON-RR'),'kjoustbr@mapquest.com');
Insert into ST52501.MEMBERS (MEMBER_ID,FIRST_NAME,LAST_NAME,GENDER,DOB,EMAIL) values (425,'Linnie','Tunnow','F',to_date('15-JAN-89','DD-MON-RR'),'ltunnowbs@merriam-webster.com');
Insert into ST52501.MEMBERS (MEMBER_ID,FIRST_NAME,LAST_NAME,GENDER,DOB,EMAIL) values (426,'Alano','Komorowski','M',to_date('26-JAN-76','DD-MON-RR'),'akomorowskibt@uol.com.br');
Insert into ST52501.MEMBERS (MEMBER_ID,FIRST_NAME,LAST_NAME,GENDER,DOB,EMAIL) values (427,'Rubie','Crookall','F',to_date('16-OCT-90','DD-MON-RR'),'rcrookallbu@bbc.co.uk');
Insert into ST52501.MEMBERS (MEMBER_ID,FIRST_NAME,LAST_NAME,GENDER,DOB,EMAIL) values (428,'Kale','Stollard','M',to_date('27-APR-78','DD-MON-RR'),'kstollardbv@accuweather.com');
Insert into ST52501.MEMBERS (MEMBER_ID,FIRST_NAME,LAST_NAME,GENDER,DOB,EMAIL) values (429,'Traci','Rickesies','F',to_date('16-JUL-73','DD-MON-RR'),'trickesiesbw@wordpress.org');
Insert into ST52501.MEMBERS (MEMBER_ID,FIRST_NAME,LAST_NAME,GENDER,DOB,EMAIL) values (430,'Aldin','Purkiss','M',to_date('14-APR-94','DD-MON-RR'),'apurkissbx@parallels.com');
Insert into ST52501.MEMBERS (MEMBER_ID,FIRST_NAME,LAST_NAME,GENDER,DOB,EMAIL) values (431,'Shayne','Fitzsimon','M',to_date('25-JAN-73','DD-MON-RR'),'sfitzsimonby@nbcnews.com');
Insert into ST52501.MEMBERS (MEMBER_ID,FIRST_NAME,LAST_NAME,GENDER,DOB,EMAIL) values (432,'Helene','Heaysman','F',to_date('05-JUN-72','DD-MON-RR'),'hheaysmanbz@answers.com');
Insert into ST52501.MEMBERS (MEMBER_ID,FIRST_NAME,LAST_NAME,GENDER,DOB,EMAIL) values (433,'Riki','Llewellen','F',to_date('10-JAN-76','DD-MON-RR'),'rllewellenc0@usatoday.com');
Insert into ST52501.MEMBERS (MEMBER_ID,FIRST_NAME,LAST_NAME,GENDER,DOB,EMAIL) values (434,'Oralla','Copley','F',to_date('06-MAR-78','DD-MON-RR'),'ocopleyc1@sogou.com');
Insert into ST52501.MEMBERS (MEMBER_ID,FIRST_NAME,LAST_NAME,GENDER,DOB,EMAIL) values (435,'Marius','Aymes','M',to_date('13-APR-87','DD-MON-RR'),'maymesc2@wisc.edu');
Insert into ST52501.MEMBERS (MEMBER_ID,FIRST_NAME,LAST_NAME,GENDER,DOB,EMAIL) values (436,'Gerardo','De Beneditti','M',to_date('13-MAY-71','DD-MON-RR'),'gdebenedittic3@yolasite.com');
Insert into ST52501.MEMBERS (MEMBER_ID,FIRST_NAME,LAST_NAME,GENDER,DOB,EMAIL) values (437,'Marcy','Moffett','F',to_date('14-SEP-95','DD-MON-RR'),'mmoffettc4@about.com');
Insert into ST52501.MEMBERS (MEMBER_ID,FIRST_NAME,LAST_NAME,GENDER,DOB,EMAIL) values (438,'Geno','Gawthrop','M',to_date('21-MAR-87','DD-MON-RR'),'ggawthropc5@taobao.com');
Insert into ST52501.MEMBERS (MEMBER_ID,FIRST_NAME,LAST_NAME,GENDER,DOB,EMAIL) values (439,'Dewey','Cody','M',to_date('20-JUL-86','DD-MON-RR'),'dcodyc6@intel.com');
Insert into ST52501.MEMBERS (MEMBER_ID,FIRST_NAME,LAST_NAME,GENDER,DOB,EMAIL) values (440,'Meridel','Guerrieri','F',to_date('26-SEP-85','DD-MON-RR'),'mguerrieric7@fc2.com');
Insert into ST52501.MEMBERS (MEMBER_ID,FIRST_NAME,LAST_NAME,GENDER,DOB,EMAIL) values (441,'Pollyanna','Hutt','F',to_date('07-JUL-80','DD-MON-RR'),'phuttc8@devhub.com');
Insert into ST52501.MEMBERS (MEMBER_ID,FIRST_NAME,LAST_NAME,GENDER,DOB,EMAIL) values (442,'Ruddy','Kembry','M',to_date('13-APR-97','DD-MON-RR'),'rkembryc9@cargocollective.com');
Insert into ST52501.MEMBERS (MEMBER_ID,FIRST_NAME,LAST_NAME,GENDER,DOB,EMAIL) values (443,'Aguste','McClary','M',to_date('22-AUG-97','DD-MON-RR'),'amcclaryca@newyorker.com');
Insert into ST52501.MEMBERS (MEMBER_ID,FIRST_NAME,LAST_NAME,GENDER,DOB,EMAIL) values (444,'Darbee','Roderham','M',to_date('13-APR-85','DD-MON-RR'),'droderhamcb@cmu.edu');
Insert into ST52501.MEMBERS (MEMBER_ID,FIRST_NAME,LAST_NAME,GENDER,DOB,EMAIL) values (445,'Aube','Cutler','M',to_date('01-NOV-92','DD-MON-RR'),'acutlercc@google.ca');
Insert into ST52501.MEMBERS (MEMBER_ID,FIRST_NAME,LAST_NAME,GENDER,DOB,EMAIL) values (446,'Zachariah','Oneal','M',to_date('09-JAN-93','DD-MON-RR'),'zonealcd@prlog.org');
Insert into ST52501.MEMBERS (MEMBER_ID,FIRST_NAME,LAST_NAME,GENDER,DOB,EMAIL) values (447,'Talyah','Mullally','F',to_date('19-FEB-76','DD-MON-RR'),'tmullallyce@about.com');
Insert into ST52501.MEMBERS (MEMBER_ID,FIRST_NAME,LAST_NAME,GENDER,DOB,EMAIL) values (448,'Jabez','Johnigan','M',to_date('18-AUG-90','DD-MON-RR'),'jjohnigancf@nhs.uk');
Insert into ST52501.MEMBERS (MEMBER_ID,FIRST_NAME,LAST_NAME,GENDER,DOB,EMAIL) values (449,'Marlie','Hazelhurst','F',to_date('13-JUN-83','DD-MON-RR'),'mhazelhurstcg@ocn.ne.jp');
Insert into ST52501.MEMBERS (MEMBER_ID,FIRST_NAME,LAST_NAME,GENDER,DOB,EMAIL) values (450,'Carmelle','Colvin','F',to_date('22-FEB-78','DD-MON-RR'),'ccolvinch@miitbeian.gov.cn');
Insert into ST52501.MEMBERS (MEMBER_ID,FIRST_NAME,LAST_NAME,GENDER,DOB,EMAIL) values (451,'Candide','Tregido','F',to_date('23-MAR-83','DD-MON-RR'),'ctregidoci@wikipedia.org');
Insert into ST52501.MEMBERS (MEMBER_ID,FIRST_NAME,LAST_NAME,GENDER,DOB,EMAIL) values (452,'Nalani','Josephsen','F',to_date('09-JUL-77','DD-MON-RR'),'njosephsencj@amazon.de');
Insert into ST52501.MEMBERS (MEMBER_ID,FIRST_NAME,LAST_NAME,GENDER,DOB,EMAIL) values (453,'Diann','Shrive','F',to_date('30-JUN-84','DD-MON-RR'),'dshriveck@typepad.com');
Insert into ST52501.MEMBERS (MEMBER_ID,FIRST_NAME,LAST_NAME,GENDER,DOB,EMAIL) values (454,'Cort','Alexsandrowicz','M',to_date('31-DEC-78','DD-MON-RR'),'calexsandrowiczcl@trellian.com');
Insert into ST52501.MEMBERS (MEMBER_ID,FIRST_NAME,LAST_NAME,GENDER,DOB,EMAIL) values (455,'Milty','Tapply','M',to_date('16-FEB-93','DD-MON-RR'),'mtapplycm@hao123.com');
Insert into ST52501.MEMBERS (MEMBER_ID,FIRST_NAME,LAST_NAME,GENDER,DOB,EMAIL) values (456,'Grata','Garm','F',to_date('06-JAN-72','DD-MON-RR'),'ggarmcn@deviantart.com');
Insert into ST52501.MEMBERS (MEMBER_ID,FIRST_NAME,LAST_NAME,GENDER,DOB,EMAIL) values (457,'Ingram','Levane','M',to_date('28-APR-82','DD-MON-RR'),'ilevaneco@printfriendly.com');
Insert into ST52501.MEMBERS (MEMBER_ID,FIRST_NAME,LAST_NAME,GENDER,DOB,EMAIL) values (458,'Cal','Tomalin','F',to_date('06-NOV-95','DD-MON-RR'),'ctomalincp@example.com');
Insert into ST52501.MEMBERS (MEMBER_ID,FIRST_NAME,LAST_NAME,GENDER,DOB,EMAIL) values (459,'Arvy','Bridgwood','M',to_date('26-MAR-81','DD-MON-RR'),'abridgwoodcq@webnode.com');
Insert into ST52501.MEMBERS (MEMBER_ID,FIRST_NAME,LAST_NAME,GENDER,DOB,EMAIL) values (460,'Datha','Speight','F',to_date('08-AUG-91','DD-MON-RR'),'dspeightcr@github.io');
Insert into ST52501.MEMBERS (MEMBER_ID,FIRST_NAME,LAST_NAME,GENDER,DOB,EMAIL) values (461,'Diana','Schulze','F',to_date('08-OCT-90','DD-MON-RR'),'dschulzecs@blogs.com');
Insert into ST52501.MEMBERS (MEMBER_ID,FIRST_NAME,LAST_NAME,GENDER,DOB,EMAIL) values (462,'Ikey','Pretsell','M',to_date('16-DEC-83','DD-MON-RR'),'ipretsellct@ezinearticles.com');
Insert into ST52501.MEMBERS (MEMBER_ID,FIRST_NAME,LAST_NAME,GENDER,DOB,EMAIL) values (463,'Khalil','Goodwyn','M',to_date('22-JUN-83','DD-MON-RR'),'kgoodwyncu@artisteer.com');
Insert into ST52501.MEMBERS (MEMBER_ID,FIRST_NAME,LAST_NAME,GENDER,DOB,EMAIL) values (464,'Pasquale','Patching','M',to_date('09-OCT-84','DD-MON-RR'),'ppatchingcv@smh.com.au');
Insert into ST52501.MEMBERS (MEMBER_ID,FIRST_NAME,LAST_NAME,GENDER,DOB,EMAIL) values (465,'Reynard','Gascoigne','M',to_date('02-SEP-75','DD-MON-RR'),'rgascoignecw@engadget.com');
Insert into ST52501.MEMBERS (MEMBER_ID,FIRST_NAME,LAST_NAME,GENDER,DOB,EMAIL) values (466,'Genevieve','Smedley','F',to_date('04-APR-84','DD-MON-RR'),'gsmedleycx@tumblr.com');
Insert into ST52501.MEMBERS (MEMBER_ID,FIRST_NAME,LAST_NAME,GENDER,DOB,EMAIL) values (467,'Elston','Semerad','M',to_date('12-MAR-98','DD-MON-RR'),'esemeradcy@pcworld.com');
Insert into ST52501.MEMBERS (MEMBER_ID,FIRST_NAME,LAST_NAME,GENDER,DOB,EMAIL) values (468,'Melva','Trynor','F',to_date('24-JUN-94','DD-MON-RR'),'mtrynorcz@businessweek.com');
Insert into ST52501.MEMBERS (MEMBER_ID,FIRST_NAME,LAST_NAME,GENDER,DOB,EMAIL) values (469,'Geno','Tilliard','M',to_date('07-MAR-87','DD-MON-RR'),'gtilliardd0@yahoo.co.jp');
Insert into ST52501.MEMBERS (MEMBER_ID,FIRST_NAME,LAST_NAME,GENDER,DOB,EMAIL) values (470,'Melicent','Critten','F',to_date('29-OCT-89','DD-MON-RR'),'mcrittend1@g.co');
Insert into ST52501.MEMBERS (MEMBER_ID,FIRST_NAME,LAST_NAME,GENDER,DOB,EMAIL) values (471,'Pietra','Town','F',to_date('29-JAN-72','DD-MON-RR'),'ptownd2@sohu.com');
Insert into ST52501.MEMBERS (MEMBER_ID,FIRST_NAME,LAST_NAME,GENDER,DOB,EMAIL) values (472,'Nathanil','Faltin','M',to_date('30-APR-85','DD-MON-RR'),'nfaltind3@unblog.fr');
Insert into ST52501.MEMBERS (MEMBER_ID,FIRST_NAME,LAST_NAME,GENDER,DOB,EMAIL) values (473,'Bart','Mabbs','M',to_date('25-NOV-81','DD-MON-RR'),'bmabbsd4@howstuffworks.com');
Insert into ST52501.MEMBERS (MEMBER_ID,FIRST_NAME,LAST_NAME,GENDER,DOB,EMAIL) values (474,'Kara-lynn','Shephard','F',to_date('12-OCT-93','DD-MON-RR'),'kshephardd5@hp.com');
Insert into ST52501.MEMBERS (MEMBER_ID,FIRST_NAME,LAST_NAME,GENDER,DOB,EMAIL) values (475,'Christy','Collerd','F',to_date('03-FEB-99','DD-MON-RR'),'ccollerdd6@prweb.com');
Insert into ST52501.MEMBERS (MEMBER_ID,FIRST_NAME,LAST_NAME,GENDER,DOB,EMAIL) values (476,'Fraser','Creany','M',to_date('19-DEC-91','DD-MON-RR'),'fcreanyd7@so-net.ne.jp');
Insert into ST52501.MEMBERS (MEMBER_ID,FIRST_NAME,LAST_NAME,GENDER,DOB,EMAIL) values (477,'Joanie','Ivoshin','F',to_date('14-JAN-91','DD-MON-RR'),'jivoshind8@marketwatch.com');
Insert into ST52501.MEMBERS (MEMBER_ID,FIRST_NAME,LAST_NAME,GENDER,DOB,EMAIL) values (478,'Keenan','Camois','M',to_date('10-NOV-87','DD-MON-RR'),'kcamoisd9@newsvine.com');
Insert into ST52501.MEMBERS (MEMBER_ID,FIRST_NAME,LAST_NAME,GENDER,DOB,EMAIL) values (479,'Cacilie','Phillins','F',to_date('11-DEC-72','DD-MON-RR'),'cphillinsda@4shared.com');
Insert into ST52501.MEMBERS (MEMBER_ID,FIRST_NAME,LAST_NAME,GENDER,DOB,EMAIL) values (480,'Dyann','Cluer','F',to_date('07-JUN-90','DD-MON-RR'),'dcluerdb@umich.edu');
Insert into ST52501.MEMBERS (MEMBER_ID,FIRST_NAME,LAST_NAME,GENDER,DOB,EMAIL) values (481,'Kerwin','Corbishley','M',to_date('22-MAY-94','DD-MON-RR'),'kcorbishleydc@artisteer.com');
Insert into ST52501.MEMBERS (MEMBER_ID,FIRST_NAME,LAST_NAME,GENDER,DOB,EMAIL) values (482,'Lusa','Rayworth','F',to_date('07-APR-90','DD-MON-RR'),'lrayworthdd@state.tx.us');
Insert into ST52501.MEMBERS (MEMBER_ID,FIRST_NAME,LAST_NAME,GENDER,DOB,EMAIL) values (483,'Erin','Hagland','F',to_date('17-MAR-94','DD-MON-RR'),'ehaglandde@ucla.edu');
Insert into ST52501.MEMBERS (MEMBER_ID,FIRST_NAME,LAST_NAME,GENDER,DOB,EMAIL) values (484,'Abbe','Hargreves','M',to_date('27-NOV-96','DD-MON-RR'),'ahargrevesdf@mapy.cz');
Insert into ST52501.MEMBERS (MEMBER_ID,FIRST_NAME,LAST_NAME,GENDER,DOB,EMAIL) values (485,'Nestor','Losemann','M',to_date('06-SEP-81','DD-MON-RR'),'nlosemanndg@va.gov');
Insert into ST52501.MEMBERS (MEMBER_ID,FIRST_NAME,LAST_NAME,GENDER,DOB,EMAIL) values (486,'Lisabeth','Plimmer','F',to_date('28-SEP-97','DD-MON-RR'),'lplimmerdh@gizmodo.com');
Insert into ST52501.MEMBERS (MEMBER_ID,FIRST_NAME,LAST_NAME,GENDER,DOB,EMAIL) values (487,'Cecilius','Hessing','M',to_date('29-MAY-89','DD-MON-RR'),'chessingdi@usatoday.com');
Insert into ST52501.MEMBERS (MEMBER_ID,FIRST_NAME,LAST_NAME,GENDER,DOB,EMAIL) values (488,'Panchito','Stannering','M',to_date('22-FEB-72','DD-MON-RR'),'pstanneringdj@hugedomains.com');
Insert into ST52501.MEMBERS (MEMBER_ID,FIRST_NAME,LAST_NAME,GENDER,DOB,EMAIL) values (489,'Maighdiln','Alliston','F',to_date('13-AUG-94','DD-MON-RR'),'mallistondk@51.la');
Insert into ST52501.MEMBERS (MEMBER_ID,FIRST_NAME,LAST_NAME,GENDER,DOB,EMAIL) values (490,'Inesita','Blaxley','F',to_date('23-MAR-76','DD-MON-RR'),'iblaxleydl@pen.io');
Insert into ST52501.MEMBERS (MEMBER_ID,FIRST_NAME,LAST_NAME,GENDER,DOB,EMAIL) values (491,'Marius','Mawhinney','M',to_date('22-MAY-78','DD-MON-RR'),'mmawhinneydm@delicious.com');
Insert into ST52501.MEMBERS (MEMBER_ID,FIRST_NAME,LAST_NAME,GENDER,DOB,EMAIL) values (492,'Reyna','Clemon','F',to_date('08-JAN-83','DD-MON-RR'),'rclemondn@woothemes.com');
Insert into ST52501.MEMBERS (MEMBER_ID,FIRST_NAME,LAST_NAME,GENDER,DOB,EMAIL) values (493,'Wolf','Iamittii','M',to_date('02-AUG-72','DD-MON-RR'),'wiamittiido@dion.ne.jp');
Insert into ST52501.MEMBERS (MEMBER_ID,FIRST_NAME,LAST_NAME,GENDER,DOB,EMAIL) values (494,'Jaimie','Villaret','F',to_date('02-MAR-79','DD-MON-RR'),'jvillaretdp@a8.net');
Insert into ST52501.MEMBERS (MEMBER_ID,FIRST_NAME,LAST_NAME,GENDER,DOB,EMAIL) values (495,'Marsh','Children','M',to_date('13-JUL-77','DD-MON-RR'),'mchildrendq@instagram.com');
Insert into ST52501.MEMBERS (MEMBER_ID,FIRST_NAME,LAST_NAME,GENDER,DOB,EMAIL) values (496,'Lyn','Leroux','M',to_date('24-JUL-77','DD-MON-RR'),'llerouxdr@ifeng.com');
Insert into ST52501.MEMBERS (MEMBER_ID,FIRST_NAME,LAST_NAME,GENDER,DOB,EMAIL) values (497,'Othilia','Eckery','F',to_date('10-APR-88','DD-MON-RR'),'oeckeryds@studiopress.com');
Insert into ST52501.MEMBERS (MEMBER_ID,FIRST_NAME,LAST_NAME,GENDER,DOB,EMAIL) values (498,'Armand','O''Fearguise','M',to_date('21-NOV-75','DD-MON-RR'),'aofearguisedt@answers.com');
Insert into ST52501.MEMBERS (MEMBER_ID,FIRST_NAME,LAST_NAME,GENDER,DOB,EMAIL) values (499,'Jada','Hallewell','F',to_date('21-MAY-89','DD-MON-RR'),'jhallewelldu@reference.com');
Insert into ST52501.MEMBERS (MEMBER_ID,FIRST_NAME,LAST_NAME,GENDER,DOB,EMAIL) values (500,'Arley','McCerery','M',to_date('10-MAY-76','DD-MON-RR'),'amccererydv@netvibes.com');
Insert into ST52501.MEMBERS (MEMBER_ID,FIRST_NAME,LAST_NAME,GENDER,DOB,EMAIL) values (501,'Chariot','Perrottet','M',to_date('09-OCT-90','DD-MON-RR'),'cperrottetdw@jalbum.net');
Insert into ST52501.MEMBERS (MEMBER_ID,FIRST_NAME,LAST_NAME,GENDER,DOB,EMAIL) values (502,'Guthrie','Craufurd','M',to_date('19-MAR-93','DD-MON-RR'),'gcraufurddx@va.gov');
Insert into ST52501.MEMBERS (MEMBER_ID,FIRST_NAME,LAST_NAME,GENDER,DOB,EMAIL) values (503,'Arabelle','Culpin','F',to_date('12-JUL-79','DD-MON-RR'),'aculpindy@princeton.edu');
Insert into ST52501.MEMBERS (MEMBER_ID,FIRST_NAME,LAST_NAME,GENDER,DOB,EMAIL) values (504,'Stacy','Kalkofer','F',to_date('15-JUN-87','DD-MON-RR'),'skalkoferdz@sciencedirect.com');
Insert into ST52501.MEMBERS (MEMBER_ID,FIRST_NAME,LAST_NAME,GENDER,DOB,EMAIL) values (505,'Karena','Humm','F',to_date('29-SEP-97','DD-MON-RR'),'khumme0@wordpress.com');
Insert into ST52501.MEMBERS (MEMBER_ID,FIRST_NAME,LAST_NAME,GENDER,DOB,EMAIL) values (506,'Fin','Parsall','M',to_date('11-JUN-87','DD-MON-RR'),'fparsalle1@xrea.com');
Insert into ST52501.MEMBERS (MEMBER_ID,FIRST_NAME,LAST_NAME,GENDER,DOB,EMAIL) values (507,'Loy','Klementz','M',to_date('18-MAR-80','DD-MON-RR'),'lklementze2@europa.eu');
Insert into ST52501.MEMBERS (MEMBER_ID,FIRST_NAME,LAST_NAME,GENDER,DOB,EMAIL) values (508,'Delly','Duffell','F',to_date('08-FEB-98','DD-MON-RR'),'dduffelle3@hud.gov');
Insert into ST52501.MEMBERS (MEMBER_ID,FIRST_NAME,LAST_NAME,GENDER,DOB,EMAIL) values (509,'Margot','Scarce','F',to_date('18-JUL-75','DD-MON-RR'),'mscarcee4@ucoz.ru');
Insert into ST52501.MEMBERS (MEMBER_ID,FIRST_NAME,LAST_NAME,GENDER,DOB,EMAIL) values (510,'Rudolf','De la Perrelle','M',to_date('16-JAN-94','DD-MON-RR'),'rdelaperrellee5@cafepress.com');
Insert into ST52501.MEMBERS (MEMBER_ID,FIRST_NAME,LAST_NAME,GENDER,DOB,EMAIL) values (511,'Lars','O''Shields','M',to_date('13-AUG-80','DD-MON-RR'),'loshieldse6@acquirethisname.com');
Insert into ST52501.MEMBERS (MEMBER_ID,FIRST_NAME,LAST_NAME,GENDER,DOB,EMAIL) values (512,'Ryon','Gorbell','M',to_date('03-NOV-75','DD-MON-RR'),'rgorbelle7@parallels.com');
Insert into ST52501.MEMBERS (MEMBER_ID,FIRST_NAME,LAST_NAME,GENDER,DOB,EMAIL) values (513,'Ivory','Cosgriff','F',to_date('26-NOV-97','DD-MON-RR'),'icosgriffe8@telegraph.co.uk');
Insert into ST52501.MEMBERS (MEMBER_ID,FIRST_NAME,LAST_NAME,GENDER,DOB,EMAIL) values (514,'Zelma','Langworthy','F',to_date('26-DEC-81','DD-MON-RR'),'zlangworthye9@google.fr');
Insert into ST52501.MEMBERS (MEMBER_ID,FIRST_NAME,LAST_NAME,GENDER,DOB,EMAIL) values (515,'Ellsworth','Spurman','M',to_date('10-MAR-95','DD-MON-RR'),'espurmanea@moonfruit.com');
Insert into ST52501.MEMBERS (MEMBER_ID,FIRST_NAME,LAST_NAME,GENDER,DOB,EMAIL) values (516,'Karrah','Cabena','F',to_date('30-SEP-78','DD-MON-RR'),'kcabenaeb@sfgate.com');
Insert into ST52501.MEMBERS (MEMBER_ID,FIRST_NAME,LAST_NAME,GENDER,DOB,EMAIL) values (517,'Kearney','McKue','M',to_date('17-SEP-82','DD-MON-RR'),'kmckueec@woothemes.com');
Insert into ST52501.MEMBERS (MEMBER_ID,FIRST_NAME,LAST_NAME,GENDER,DOB,EMAIL) values (518,'Filmer','Jurek','M',to_date('15-SEP-81','DD-MON-RR'),'fjureked@abc.net.au');
Insert into ST52501.MEMBERS (MEMBER_ID,FIRST_NAME,LAST_NAME,GENDER,DOB,EMAIL) values (519,'Fiann','Goldstraw','F',to_date('09-JUL-94','DD-MON-RR'),'fgoldstrawee@sina.com.cn');
Insert into ST52501.MEMBERS (MEMBER_ID,FIRST_NAME,LAST_NAME,GENDER,DOB,EMAIL) values (520,'Rubin','Spawell','M',to_date('10-SEP-76','DD-MON-RR'),'rspawellef@upenn.edu');
Insert into ST52501.MEMBERS (MEMBER_ID,FIRST_NAME,LAST_NAME,GENDER,DOB,EMAIL) values (521,'Aaron','Vasiliu','M',to_date('09-SEP-82','DD-MON-RR'),'avasiliueg@blogger.com');
Insert into ST52501.MEMBERS (MEMBER_ID,FIRST_NAME,LAST_NAME,GENDER,DOB,EMAIL) values (522,'Dulcie','Beccera','F',to_date('07-JUL-77','DD-MON-RR'),'dbecceraeh@nyu.edu');
Insert into ST52501.MEMBERS (MEMBER_ID,FIRST_NAME,LAST_NAME,GENDER,DOB,EMAIL) values (523,'Ortensia','Basketfield','F',to_date('28-DEC-77','DD-MON-RR'),'obasketfieldei@prweb.com');
Insert into ST52501.MEMBERS (MEMBER_ID,FIRST_NAME,LAST_NAME,GENDER,DOB,EMAIL) values (524,'Nicolais','Kimpton','M',to_date('04-AUG-95','DD-MON-RR'),'nkimptonej@illinois.edu');
Insert into ST52501.MEMBERS (MEMBER_ID,FIRST_NAME,LAST_NAME,GENDER,DOB,EMAIL) values (525,'Giorgi','Dalligan','M',to_date('21-SEP-73','DD-MON-RR'),'gdalliganek@storify.com');
Insert into ST52501.MEMBERS (MEMBER_ID,FIRST_NAME,LAST_NAME,GENDER,DOB,EMAIL) values (526,'Waldemar','De Beauchemp','M',to_date('29-JAN-79','DD-MON-RR'),'wdebeauchempel@who.int');
Insert into ST52501.MEMBERS (MEMBER_ID,FIRST_NAME,LAST_NAME,GENDER,DOB,EMAIL) values (527,'Philippa','Bollis','F',to_date('18-MAY-72','DD-MON-RR'),'pbollisem@wikipedia.org');
Insert into ST52501.MEMBERS (MEMBER_ID,FIRST_NAME,LAST_NAME,GENDER,DOB,EMAIL) values (528,'Sanford','Yallowley','M',to_date('22-MAR-72','DD-MON-RR'),'syallowleyen@yellowpages.com');
Insert into ST52501.MEMBERS (MEMBER_ID,FIRST_NAME,LAST_NAME,GENDER,DOB,EMAIL) values (529,'Nancey','MacCleod','F',to_date('18-JUN-81','DD-MON-RR'),'nmaccleodeo@indiatimes.com');
Insert into ST52501.MEMBERS (MEMBER_ID,FIRST_NAME,LAST_NAME,GENDER,DOB,EMAIL) values (530,'Kristofer','Beall','M',to_date('29-SEP-71','DD-MON-RR'),'kbeallep@macromedia.com');
Insert into ST52501.MEMBERS (MEMBER_ID,FIRST_NAME,LAST_NAME,GENDER,DOB,EMAIL) values (531,'Sutherlan','Antoniutti','M',to_date('01-NOV-82','DD-MON-RR'),'santoniuttieq@woothemes.com');
Insert into ST52501.MEMBERS (MEMBER_ID,FIRST_NAME,LAST_NAME,GENDER,DOB,EMAIL) values (532,'Appolonia','D''Avaux','F',to_date('02-DEC-71','DD-MON-RR'),'adavauxer@cnet.com');
Insert into ST52501.MEMBERS (MEMBER_ID,FIRST_NAME,LAST_NAME,GENDER,DOB,EMAIL) values (533,'Jock','Ruane','M',to_date('06-MAR-77','DD-MON-RR'),'jruanees@drupal.org');
Insert into ST52501.MEMBERS (MEMBER_ID,FIRST_NAME,LAST_NAME,GENDER,DOB,EMAIL) values (534,'Karena','Hinksen','F',to_date('26-MAR-94','DD-MON-RR'),'khinksenet@netvibes.com');
Insert into ST52501.MEMBERS (MEMBER_ID,FIRST_NAME,LAST_NAME,GENDER,DOB,EMAIL) values (535,'Stacia','Collymore','F',to_date('12-SEP-98','DD-MON-RR'),'scollymoreeu@vistaprint.com');
Insert into ST52501.MEMBERS (MEMBER_ID,FIRST_NAME,LAST_NAME,GENDER,DOB,EMAIL) values (536,'Ludvig','Creamer','M',to_date('20-JAN-75','DD-MON-RR'),'lcreamerev@ebay.com');
Insert into ST52501.MEMBERS (MEMBER_ID,FIRST_NAME,LAST_NAME,GENDER,DOB,EMAIL) values (537,'Sterling','Paulton','M',to_date('31-MAY-99','DD-MON-RR'),'spaultonew@google.de');
Insert into ST52501.MEMBERS (MEMBER_ID,FIRST_NAME,LAST_NAME,GENDER,DOB,EMAIL) values (538,'Renate','Sarver','F',to_date('01-APR-80','DD-MON-RR'),'rsarverex@desdev.cn');
Insert into ST52501.MEMBERS (MEMBER_ID,FIRST_NAME,LAST_NAME,GENDER,DOB,EMAIL) values (539,'Jennine','McLise','F',to_date('28-DEC-78','DD-MON-RR'),'jmcliseey@example.com');
Insert into ST52501.MEMBERS (MEMBER_ID,FIRST_NAME,LAST_NAME,GENDER,DOB,EMAIL) values (540,'Vinita','Sinkins','F',to_date('01-APR-96','DD-MON-RR'),'vsinkinsez@behance.net');
Insert into ST52501.MEMBERS (MEMBER_ID,FIRST_NAME,LAST_NAME,GENDER,DOB,EMAIL) values (541,'Jeffrey','Parry','M',to_date('14-NOV-87','DD-MON-RR'),'jparryf0@mail.ru');
Insert into ST52501.MEMBERS (MEMBER_ID,FIRST_NAME,LAST_NAME,GENDER,DOB,EMAIL) values (542,'Zsa zsa','Mann','F',to_date('08-FEB-88','DD-MON-RR'),'zmannf1@squidoo.com');
Insert into ST52501.MEMBERS (MEMBER_ID,FIRST_NAME,LAST_NAME,GENDER,DOB,EMAIL) values (543,'Lance','Demicoli','M',to_date('18-JAN-83','DD-MON-RR'),'ldemicolif2@elpais.com');
Insert into ST52501.MEMBERS (MEMBER_ID,FIRST_NAME,LAST_NAME,GENDER,DOB,EMAIL) values (544,'Truman','Sail','M',to_date('05-MAY-89','DD-MON-RR'),'tsailf3@slideshare.net');
Insert into ST52501.MEMBERS (MEMBER_ID,FIRST_NAME,LAST_NAME,GENDER,DOB,EMAIL) values (545,'Dulciana','Redborn','F',to_date('03-MAY-85','DD-MON-RR'),'dredbornf4@nhs.uk');
Insert into ST52501.MEMBERS (MEMBER_ID,FIRST_NAME,LAST_NAME,GENDER,DOB,EMAIL) values (546,'Flossy','Pyer','F',to_date('21-DEC-88','DD-MON-RR'),'fpyerf5@nydailynews.com');
Insert into ST52501.MEMBERS (MEMBER_ID,FIRST_NAME,LAST_NAME,GENDER,DOB,EMAIL) values (547,'Claybourne','Borless','M',to_date('02-DEC-82','DD-MON-RR'),'cborlessf6@bing.com');
Insert into ST52501.MEMBERS (MEMBER_ID,FIRST_NAME,LAST_NAME,GENDER,DOB,EMAIL) values (548,'Annadiana','Fidal','F',to_date('03-JUN-83','DD-MON-RR'),'afidalf7@pinterest.com');
Insert into ST52501.MEMBERS (MEMBER_ID,FIRST_NAME,LAST_NAME,GENDER,DOB,EMAIL) values (549,'Ryan','Begg','M',to_date('29-APR-84','DD-MON-RR'),'rbeggf8@va.gov');
Insert into ST52501.MEMBERS (MEMBER_ID,FIRST_NAME,LAST_NAME,GENDER,DOB,EMAIL) values (550,'Farlie','Holehouse','M',to_date('26-DEC-82','DD-MON-RR'),'fholehousef9@weebly.com');
Insert into ST52501.MEMBERS (MEMBER_ID,FIRST_NAME,LAST_NAME,GENDER,DOB,EMAIL) values (551,'Mavis','Semble','F',to_date('09-JUL-72','DD-MON-RR'),'msemblefa@goo.ne.jp');
Insert into ST52501.MEMBERS (MEMBER_ID,FIRST_NAME,LAST_NAME,GENDER,DOB,EMAIL) values (552,'Harp','Pennacci','M',to_date('09-JUL-95','DD-MON-RR'),'hpennaccifb@hibu.com');
Insert into ST52501.MEMBERS (MEMBER_ID,FIRST_NAME,LAST_NAME,GENDER,DOB,EMAIL) values (553,'Monti','Feldman','M',to_date('17-NOV-87','DD-MON-RR'),'mfeldmanfc@tiny.cc');
Insert into ST52501.MEMBERS (MEMBER_ID,FIRST_NAME,LAST_NAME,GENDER,DOB,EMAIL) values (554,'Shaun','Christofor','M',to_date('06-DEC-98','DD-MON-RR'),'schristoforfd@sitemeter.com');
Insert into ST52501.MEMBERS (MEMBER_ID,FIRST_NAME,LAST_NAME,GENDER,DOB,EMAIL) values (555,'Margarethe','Searchwell','F',to_date('13-JUL-78','DD-MON-RR'),'msearchwellfe@feedburner.com');
Insert into ST52501.MEMBERS (MEMBER_ID,FIRST_NAME,LAST_NAME,GENDER,DOB,EMAIL) values (556,'Ronna','Trembath','F',to_date('21-MAR-93','DD-MON-RR'),'rtrembathff@1688.com');
Insert into ST52501.MEMBERS (MEMBER_ID,FIRST_NAME,LAST_NAME,GENDER,DOB,EMAIL) values (557,'Siusan','Studdal','F',to_date('21-JUN-93','DD-MON-RR'),'sstuddalfg@theguardian.com');
Insert into ST52501.MEMBERS (MEMBER_ID,FIRST_NAME,LAST_NAME,GENDER,DOB,EMAIL) values (558,'Lalo','Greeson','M',to_date('16-OCT-82','DD-MON-RR'),'lgreesonfh@illinois.edu');
Insert into ST52501.MEMBERS (MEMBER_ID,FIRST_NAME,LAST_NAME,GENDER,DOB,EMAIL) values (559,'Bunni','O''Cassidy','F',to_date('20-MAR-78','DD-MON-RR'),'bocassidyfi@tamu.edu');
Insert into ST52501.MEMBERS (MEMBER_ID,FIRST_NAME,LAST_NAME,GENDER,DOB,EMAIL) values (560,'Mohandis','Borchardt','M',to_date('03-NOV-91','DD-MON-RR'),'mborchardtfj@homestead.com');
Insert into ST52501.MEMBERS (MEMBER_ID,FIRST_NAME,LAST_NAME,GENDER,DOB,EMAIL) values (561,'Sollie','Hinrichsen','M',to_date('02-DEC-76','DD-MON-RR'),'shinrichsenfk@unblog.fr');
Insert into ST52501.MEMBERS (MEMBER_ID,FIRST_NAME,LAST_NAME,GENDER,DOB,EMAIL) values (562,'Alyse','Lethbrig','F',to_date('07-FEB-96','DD-MON-RR'),'alethbrigfl@springer.com');
Insert into ST52501.MEMBERS (MEMBER_ID,FIRST_NAME,LAST_NAME,GENDER,DOB,EMAIL) values (563,'Clement','Buckland','M',to_date('13-MAR-76','DD-MON-RR'),'cbucklandfm@uol.com.br');
Insert into ST52501.MEMBERS (MEMBER_ID,FIRST_NAME,LAST_NAME,GENDER,DOB,EMAIL) values (564,'Cori','Andreu','M',to_date('05-JUL-70','DD-MON-RR'),'candreufn@123-reg.co.uk');
Insert into ST52501.MEMBERS (MEMBER_ID,FIRST_NAME,LAST_NAME,GENDER,DOB,EMAIL) values (565,'Allys','Plackstone','F',to_date('19-FEB-97','DD-MON-RR'),'aplackstonefo@mac.com');
Insert into ST52501.MEMBERS (MEMBER_ID,FIRST_NAME,LAST_NAME,GENDER,DOB,EMAIL) values (566,'Wheeler','Orable','M',to_date('12-APR-79','DD-MON-RR'),'worablefp@reference.com');
Insert into ST52501.MEMBERS (MEMBER_ID,FIRST_NAME,LAST_NAME,GENDER,DOB,EMAIL) values (567,'Edyth','Klimentov','F',to_date('23-JAN-93','DD-MON-RR'),'eklimentovfq@noaa.gov');
Insert into ST52501.MEMBERS (MEMBER_ID,FIRST_NAME,LAST_NAME,GENDER,DOB,EMAIL) values (568,'Adrien','Buckhurst','M',to_date('05-AUG-87','DD-MON-RR'),'abuckhurstfr@forbes.com');
Insert into ST52501.MEMBERS (MEMBER_ID,FIRST_NAME,LAST_NAME,GENDER,DOB,EMAIL) values (569,'Purcell','Everington','M',to_date('26-JUL-72','DD-MON-RR'),'peveringtonfs@mozilla.com');
Insert into ST52501.MEMBERS (MEMBER_ID,FIRST_NAME,LAST_NAME,GENDER,DOB,EMAIL) values (570,'Lombard','Nathan','M',to_date('01-JUN-71','DD-MON-RR'),'lnathanft@fda.gov');
Insert into ST52501.MEMBERS (MEMBER_ID,FIRST_NAME,LAST_NAME,GENDER,DOB,EMAIL) values (571,'Chris','Keable','F',to_date('15-JAN-87','DD-MON-RR'),'ckeablefu@meetup.com');
Insert into ST52501.MEMBERS (MEMBER_ID,FIRST_NAME,LAST_NAME,GENDER,DOB,EMAIL) values (572,'Iggy','Birdseye','M',to_date('17-NOV-87','DD-MON-RR'),'ibirdseyefv@simplemachines.org');
Insert into ST52501.MEMBERS (MEMBER_ID,FIRST_NAME,LAST_NAME,GENDER,DOB,EMAIL) values (573,'Adolph','Tartt','M',to_date('29-JAN-71','DD-MON-RR'),'atarttfw@deliciousdays.com');
Insert into ST52501.MEMBERS (MEMBER_ID,FIRST_NAME,LAST_NAME,GENDER,DOB,EMAIL) values (574,'Skye','Joanic','M',to_date('12-JAN-82','DD-MON-RR'),'sjoanicfx@hostgator.com');
Insert into ST52501.MEMBERS (MEMBER_ID,FIRST_NAME,LAST_NAME,GENDER,DOB,EMAIL) values (575,'Corny','Cockell','F',to_date('11-FEB-71','DD-MON-RR'),'ccockellfy@nih.gov');
Insert into ST52501.MEMBERS (MEMBER_ID,FIRST_NAME,LAST_NAME,GENDER,DOB,EMAIL) values (576,'Joe','Grabert','M',to_date('24-AUG-93','DD-MON-RR'),'jgrabertfz@state.tx.us');
Insert into ST52501.MEMBERS (MEMBER_ID,FIRST_NAME,LAST_NAME,GENDER,DOB,EMAIL) values (577,'Arlena','Sherwyn','F',to_date('12-DEC-95','DD-MON-RR'),'asherwyng0@fotki.com');
Insert into ST52501.MEMBERS (MEMBER_ID,FIRST_NAME,LAST_NAME,GENDER,DOB,EMAIL) values (578,'Teodorico','Toffler','M',to_date('16-MAY-84','DD-MON-RR'),'ttofflerg1@myspace.com');
Insert into ST52501.MEMBERS (MEMBER_ID,FIRST_NAME,LAST_NAME,GENDER,DOB,EMAIL) values (579,'Jelene','Abele','F',to_date('26-DEC-96','DD-MON-RR'),'jabeleg2@scribd.com');
Insert into ST52501.MEMBERS (MEMBER_ID,FIRST_NAME,LAST_NAME,GENDER,DOB,EMAIL) values (580,'Currey','Orwin','M',to_date('17-APR-91','DD-MON-RR'),'corwing3@163.com');
Insert into ST52501.MEMBERS (MEMBER_ID,FIRST_NAME,LAST_NAME,GENDER,DOB,EMAIL) values (581,'Madlin','Algate','F',to_date('06-FEB-78','DD-MON-RR'),'malgateg4@homestead.com');
Insert into ST52501.MEMBERS (MEMBER_ID,FIRST_NAME,LAST_NAME,GENDER,DOB,EMAIL) values (582,'Paule','Rosario','F',to_date('24-MAR-78','DD-MON-RR'),'prosariog5@last.fm');
Insert into ST52501.MEMBERS (MEMBER_ID,FIRST_NAME,LAST_NAME,GENDER,DOB,EMAIL) values (583,'Sissy','Rospars','F',to_date('15-JAN-89','DD-MON-RR'),'srosparsg6@cdc.gov');
Insert into ST52501.MEMBERS (MEMBER_ID,FIRST_NAME,LAST_NAME,GENDER,DOB,EMAIL) values (584,'Bordy','Genny','M',to_date('26-JUN-74','DD-MON-RR'),'bgennyg7@marketwatch.com');
Insert into ST52501.MEMBERS (MEMBER_ID,FIRST_NAME,LAST_NAME,GENDER,DOB,EMAIL) values (585,'Debera','Carnachen','F',to_date('01-JAN-85','DD-MON-RR'),'dcarnacheng8@163.com');
Insert into ST52501.MEMBERS (MEMBER_ID,FIRST_NAME,LAST_NAME,GENDER,DOB,EMAIL) values (586,'Elspeth','McComb','F',to_date('19-AUG-77','DD-MON-RR'),'emccombg9@google.co.jp');
Insert into ST52501.MEMBERS (MEMBER_ID,FIRST_NAME,LAST_NAME,GENDER,DOB,EMAIL) values (587,'Lacey','Titford','F',to_date('21-JAN-89','DD-MON-RR'),'ltitfordga@bing.com');
Insert into ST52501.MEMBERS (MEMBER_ID,FIRST_NAME,LAST_NAME,GENDER,DOB,EMAIL) values (588,'Sylas','Maine','M',to_date('20-JUL-77','DD-MON-RR'),'smainegb@tuttocitta.it');
Insert into ST52501.MEMBERS (MEMBER_ID,FIRST_NAME,LAST_NAME,GENDER,DOB,EMAIL) values (589,'Lavinia','Earle','F',to_date('01-MAR-71','DD-MON-RR'),'learlegc@examiner.com');
Insert into ST52501.MEMBERS (MEMBER_ID,FIRST_NAME,LAST_NAME,GENDER,DOB,EMAIL) values (590,'Helene','Doylend','F',to_date('18-APR-78','DD-MON-RR'),'hdoylendgd@xinhuanet.com');
Insert into ST52501.MEMBERS (MEMBER_ID,FIRST_NAME,LAST_NAME,GENDER,DOB,EMAIL) values (591,'Clerissa','Dinneen','F',to_date('27-JUN-85','DD-MON-RR'),'cdinneenge@google.de');
Insert into ST52501.MEMBERS (MEMBER_ID,FIRST_NAME,LAST_NAME,GENDER,DOB,EMAIL) values (592,'Zebedee','Cosby','M',to_date('21-MAR-89','DD-MON-RR'),'zcosbygf@samsung.com');
Insert into ST52501.MEMBERS (MEMBER_ID,FIRST_NAME,LAST_NAME,GENDER,DOB,EMAIL) values (593,'Ansel','Hendron','M',to_date('11-APR-95','DD-MON-RR'),'ahendrongg@is.gd');
Insert into ST52501.MEMBERS (MEMBER_ID,FIRST_NAME,LAST_NAME,GENDER,DOB,EMAIL) values (594,'Halimeda','O''Corren','F',to_date('15-FEB-73','DD-MON-RR'),'hocorrengh@unesco.org');
Insert into ST52501.MEMBERS (MEMBER_ID,FIRST_NAME,LAST_NAME,GENDER,DOB,EMAIL) values (595,'Sharline','Curuclis','F',to_date('22-DEC-90','DD-MON-RR'),'scuruclisgi@csmonitor.com');
Insert into ST52501.MEMBERS (MEMBER_ID,FIRST_NAME,LAST_NAME,GENDER,DOB,EMAIL) values (596,'Whitaker','Imlin','M',to_date('18-MAR-81','DD-MON-RR'),'wimlingj@4shared.com');
Insert into ST52501.MEMBERS (MEMBER_ID,FIRST_NAME,LAST_NAME,GENDER,DOB,EMAIL) values (597,'Jo','Feast','M',to_date('30-NOV-85','DD-MON-RR'),'jfeastgk@virginia.edu');
Insert into ST52501.MEMBERS (MEMBER_ID,FIRST_NAME,LAST_NAME,GENDER,DOB,EMAIL) values (598,'Winn','Chevis','M',to_date('21-MAY-75','DD-MON-RR'),'wchevisgl@cargocollective.com');
Insert into ST52501.MEMBERS (MEMBER_ID,FIRST_NAME,LAST_NAME,GENDER,DOB,EMAIL) values (599,'Daile','Douberday','F',to_date('20-NOV-95','DD-MON-RR'),'ddouberdaygm@cocolog-nifty.com');
Insert into ST52501.MEMBERS (MEMBER_ID,FIRST_NAME,LAST_NAME,GENDER,DOB,EMAIL) values (600,'Elvina','Skeels','F',to_date('09-SEP-84','DD-MON-RR'),'eskeelsgn@pen.io');
Insert into ST52501.MEMBERS (MEMBER_ID,FIRST_NAME,LAST_NAME,GENDER,DOB,EMAIL) values (601,'Brandtr','Sorbey','M',to_date('01-MAY-78','DD-MON-RR'),'bsorbeygo@nih.gov');
Insert into ST52501.MEMBERS (MEMBER_ID,FIRST_NAME,LAST_NAME,GENDER,DOB,EMAIL) values (602,'Nikolos','Brent','M',to_date('17-MAR-76','DD-MON-RR'),'nbrentgp@typepad.com');
Insert into ST52501.MEMBERS (MEMBER_ID,FIRST_NAME,LAST_NAME,GENDER,DOB,EMAIL) values (603,'Robby','Sherrard','M',to_date('18-OCT-75','DD-MON-RR'),'rsherrardgq@wikispaces.com');
Insert into ST52501.MEMBERS (MEMBER_ID,FIRST_NAME,LAST_NAME,GENDER,DOB,EMAIL) values (604,'Elke','Bourtoumieux','F',to_date('27-DEC-77','DD-MON-RR'),'ebourtoumieuxgr@opera.com');
Insert into ST52501.MEMBERS (MEMBER_ID,FIRST_NAME,LAST_NAME,GENDER,DOB,EMAIL) values (605,'Willy','Petigrew','M',to_date('09-AUG-87','DD-MON-RR'),'wpetigrewgs@pbs.org');
Insert into ST52501.MEMBERS (MEMBER_ID,FIRST_NAME,LAST_NAME,GENDER,DOB,EMAIL) values (606,'Loydie','Lefley','M',to_date('25-JUL-92','DD-MON-RR'),'llefleygt@gizmodo.com');
Insert into ST52501.MEMBERS (MEMBER_ID,FIRST_NAME,LAST_NAME,GENDER,DOB,EMAIL) values (607,'Dar','Edis','M',to_date('05-MAR-99','DD-MON-RR'),'dedisgu@imdb.com');
Insert into ST52501.MEMBERS (MEMBER_ID,FIRST_NAME,LAST_NAME,GENDER,DOB,EMAIL) values (608,'Culver','Wardingley','M',to_date('09-AUG-90','DD-MON-RR'),'cwardingleygv@latimes.com');
Insert into ST52501.MEMBERS (MEMBER_ID,FIRST_NAME,LAST_NAME,GENDER,DOB,EMAIL) values (609,'Ingemar','Abele','M',to_date('13-APR-78','DD-MON-RR'),'iabelegw@guardian.co.uk');
Insert into ST52501.MEMBERS (MEMBER_ID,FIRST_NAME,LAST_NAME,GENDER,DOB,EMAIL) values (610,'Guthrey','Davers','M',to_date('18-FEB-79','DD-MON-RR'),'gdaversgx@yellowbook.com');
Insert into ST52501.MEMBERS (MEMBER_ID,FIRST_NAME,LAST_NAME,GENDER,DOB,EMAIL) values (611,'Godfree','Abramamovh','M',to_date('24-JAN-93','DD-MON-RR'),'gabramamovhgy@slate.com');
Insert into ST52501.MEMBERS (MEMBER_ID,FIRST_NAME,LAST_NAME,GENDER,DOB,EMAIL) values (612,'Annabal','Graveney','F',to_date('31-JUL-87','DD-MON-RR'),'agraveneygz@163.com');
Insert into ST52501.MEMBERS (MEMBER_ID,FIRST_NAME,LAST_NAME,GENDER,DOB,EMAIL) values (613,'Stephi','Lord','F',to_date('31-JUL-85','DD-MON-RR'),'slordh0@latimes.com');
Insert into ST52501.MEMBERS (MEMBER_ID,FIRST_NAME,LAST_NAME,GENDER,DOB,EMAIL) values (614,'Aurore','Mudd','F',to_date('09-JAN-86','DD-MON-RR'),'amuddh1@craigslist.org');
Insert into ST52501.MEMBERS (MEMBER_ID,FIRST_NAME,LAST_NAME,GENDER,DOB,EMAIL) values (615,'Dot','Muckart','F',to_date('25-MAR-70','DD-MON-RR'),'dmuckarth2@liveinternet.ru');
Insert into ST52501.MEMBERS (MEMBER_ID,FIRST_NAME,LAST_NAME,GENDER,DOB,EMAIL) values (616,'Kimball','Harris','M',to_date('08-SEP-94','DD-MON-RR'),'kharrish3@angelfire.com');
Insert into ST52501.MEMBERS (MEMBER_ID,FIRST_NAME,LAST_NAME,GENDER,DOB,EMAIL) values (617,'Florella','Mandy','F',to_date('16-DEC-81','DD-MON-RR'),'fmandyh4@51.la');
Insert into ST52501.MEMBERS (MEMBER_ID,FIRST_NAME,LAST_NAME,GENDER,DOB,EMAIL) values (618,'Claire','Gissing','M',to_date('03-SEP-88','DD-MON-RR'),'cgissingh5@nba.com');
Insert into ST52501.MEMBERS (MEMBER_ID,FIRST_NAME,LAST_NAME,GENDER,DOB,EMAIL) values (619,'Chrissy','Bhar','F',to_date('20-DEC-75','DD-MON-RR'),'cbharh6@statcounter.com');
Insert into ST52501.MEMBERS (MEMBER_ID,FIRST_NAME,LAST_NAME,GENDER,DOB,EMAIL) values (620,'Thayne','Sturges','M',to_date('18-OCT-85','DD-MON-RR'),'tsturgesh7@mtv.com');
Insert into ST52501.MEMBERS (MEMBER_ID,FIRST_NAME,LAST_NAME,GENDER,DOB,EMAIL) values (621,'Juliane','Morgon','F',to_date('01-FEB-79','DD-MON-RR'),'jmorgonh8@house.gov');
Insert into ST52501.MEMBERS (MEMBER_ID,FIRST_NAME,LAST_NAME,GENDER,DOB,EMAIL) values (622,'Egan','Hardes','M',to_date('03-JAN-85','DD-MON-RR'),'ehardesh9@nba.com');
Insert into ST52501.MEMBERS (MEMBER_ID,FIRST_NAME,LAST_NAME,GENDER,DOB,EMAIL) values (623,'Cristi','Grigolli','F',to_date('01-APR-78','DD-MON-RR'),'cgrigolliha@com.com');
Insert into ST52501.MEMBERS (MEMBER_ID,FIRST_NAME,LAST_NAME,GENDER,DOB,EMAIL) values (624,'Mayer','Ridley','M',to_date('14-OCT-78','DD-MON-RR'),'mridleyhb@merriam-webster.com');
Insert into ST52501.MEMBERS (MEMBER_ID,FIRST_NAME,LAST_NAME,GENDER,DOB,EMAIL) values (625,'Tobit','Kopfen','M',to_date('01-JUN-91','DD-MON-RR'),'tkopfenhc@cornell.edu');
Insert into ST52501.MEMBERS (MEMBER_ID,FIRST_NAME,LAST_NAME,GENDER,DOB,EMAIL) values (626,'Claudina','Spinage','F',to_date('21-MAR-81','DD-MON-RR'),'cspinagehd@walmart.com');
Insert into ST52501.MEMBERS (MEMBER_ID,FIRST_NAME,LAST_NAME,GENDER,DOB,EMAIL) values (627,'Arel','O''Cullen','M',to_date('09-AUG-99','DD-MON-RR'),'aocullenhe@hc360.com');
Insert into ST52501.MEMBERS (MEMBER_ID,FIRST_NAME,LAST_NAME,GENDER,DOB,EMAIL) values (628,'Timmy','Letts','M',to_date('03-JUL-83','DD-MON-RR'),'tlettshf@omniture.com');
Insert into ST52501.MEMBERS (MEMBER_ID,FIRST_NAME,LAST_NAME,GENDER,DOB,EMAIL) values (629,'Reba','Coo','F',to_date('14-AUG-93','DD-MON-RR'),'rcoohg@techcrunch.com');
Insert into ST52501.MEMBERS (MEMBER_ID,FIRST_NAME,LAST_NAME,GENDER,DOB,EMAIL) values (630,'Grover','Killik','M',to_date('09-JAN-84','DD-MON-RR'),'gkillikhh@sakura.ne.jp');
Insert into ST52501.MEMBERS (MEMBER_ID,FIRST_NAME,LAST_NAME,GENDER,DOB,EMAIL) values (631,'Krystalle','Waith','F',to_date('22-JUL-91','DD-MON-RR'),'kwaithhi@acquirethisname.com');
Insert into ST52501.MEMBERS (MEMBER_ID,FIRST_NAME,LAST_NAME,GENDER,DOB,EMAIL) values (632,'Rebecca','Briztman','F',to_date('11-JAN-71','DD-MON-RR'),'rbriztmanhj@jugem.jp');
Insert into ST52501.MEMBERS (MEMBER_ID,FIRST_NAME,LAST_NAME,GENDER,DOB,EMAIL) values (633,'Francis','Kearley','M',to_date('31-JUL-81','DD-MON-RR'),'fkearleyhk@economist.com');
Insert into ST52501.MEMBERS (MEMBER_ID,FIRST_NAME,LAST_NAME,GENDER,DOB,EMAIL) values (634,'Lusa','Bakhrushin','F',to_date('04-JAN-90','DD-MON-RR'),'lbakhrushinhl@hibu.com');
Insert into ST52501.MEMBERS (MEMBER_ID,FIRST_NAME,LAST_NAME,GENDER,DOB,EMAIL) values (635,'Con','Cox','F',to_date('21-JAN-76','DD-MON-RR'),'ccoxhm@deliciousdays.com');
Insert into ST52501.MEMBERS (MEMBER_ID,FIRST_NAME,LAST_NAME,GENDER,DOB,EMAIL) values (636,'Selma','Wapplington','F',to_date('27-OCT-96','DD-MON-RR'),'swapplingtonhn@imageshack.us');
Insert into ST52501.MEMBERS (MEMBER_ID,FIRST_NAME,LAST_NAME,GENDER,DOB,EMAIL) values (637,'Marnia','Collick','F',to_date('11-DEC-95','DD-MON-RR'),'mcollickho@miibeian.gov.cn');
Insert into ST52501.MEMBERS (MEMBER_ID,FIRST_NAME,LAST_NAME,GENDER,DOB,EMAIL) values (638,'Maggee','Frie','F',to_date('29-MAR-73','DD-MON-RR'),'mfriehp@smugmug.com');
Insert into ST52501.MEMBERS (MEMBER_ID,FIRST_NAME,LAST_NAME,GENDER,DOB,EMAIL) values (639,'Jazmin','Suller','F',to_date('26-JAN-85','DD-MON-RR'),'jsullerhq@wikispaces.com');
Insert into ST52501.MEMBERS (MEMBER_ID,FIRST_NAME,LAST_NAME,GENDER,DOB,EMAIL) values (640,'Silvano','Kinnoch','M',to_date('06-FEB-86','DD-MON-RR'),'skinnochhr@epa.gov');
Insert into ST52501.MEMBERS (MEMBER_ID,FIRST_NAME,LAST_NAME,GENDER,DOB,EMAIL) values (641,'Iago','Binding','M',to_date('17-JUN-97','DD-MON-RR'),'ibindinghs@eventbrite.com');
Insert into ST52501.MEMBERS (MEMBER_ID,FIRST_NAME,LAST_NAME,GENDER,DOB,EMAIL) values (642,'Meryl','Brine','M',to_date('12-NOV-84','DD-MON-RR'),'mbrineht@parallels.com');
Insert into ST52501.MEMBERS (MEMBER_ID,FIRST_NAME,LAST_NAME,GENDER,DOB,EMAIL) values (1,'Pepi','Elce','F',to_date('04-MAR-84','DD-MON-RR'),'pelce0@trellian.com');
Insert into ST52501.MEMBERS (MEMBER_ID,FIRST_NAME,LAST_NAME,GENDER,DOB,EMAIL) values (2,'Barr','Wabersich','M',to_date('04-AUG-76','DD-MON-RR'),'bwabersich1@china.com.cn');
Insert into ST52501.MEMBERS (MEMBER_ID,FIRST_NAME,LAST_NAME,GENDER,DOB,EMAIL) values (3,'Gretal','Grassick','F',to_date('15-AUG-84','DD-MON-RR'),'ggrassick2@deliciousdays.com');
Insert into ST52501.MEMBERS (MEMBER_ID,FIRST_NAME,LAST_NAME,GENDER,DOB,EMAIL) values (4,'Byron','Angeli','M',to_date('24-MAY-96','DD-MON-RR'),'bangeli3@globo.com');
Insert into ST52501.MEMBERS (MEMBER_ID,FIRST_NAME,LAST_NAME,GENDER,DOB,EMAIL) values (5,'Birch','Vickar','M',to_date('28-SEP-72','DD-MON-RR'),'bvickar4@harvard.edu');
Insert into ST52501.MEMBERS (MEMBER_ID,FIRST_NAME,LAST_NAME,GENDER,DOB,EMAIL) values (6,'Romy','Torvey','F',to_date('19-JAN-79','DD-MON-RR'),'rtorvey5@google.com.hk');
Insert into ST52501.MEMBERS (MEMBER_ID,FIRST_NAME,LAST_NAME,GENDER,DOB,EMAIL) values (7,'Brien','Poole','M',to_date('16-JUL-71','DD-MON-RR'),'bpoole6@mozilla.com');
Insert into ST52501.MEMBERS (MEMBER_ID,FIRST_NAME,LAST_NAME,GENDER,DOB,EMAIL) values (8,'Mercy','Worcester','F',to_date('03-JUL-91','DD-MON-RR'),'mworcester7@epa.gov');
Insert into ST52501.MEMBERS (MEMBER_ID,FIRST_NAME,LAST_NAME,GENDER,DOB,EMAIL) values (9,'Ernesta','Brewett','F',to_date('05-JAN-79','DD-MON-RR'),'ebrewett8@xing.com');
Insert into ST52501.MEMBERS (MEMBER_ID,FIRST_NAME,LAST_NAME,GENDER,DOB,EMAIL) values (10,'Fran','Torrese','F',to_date('09-OCT-91','DD-MON-RR'),'ftorrese9@feedburner.com');
Insert into ST52501.MEMBERS (MEMBER_ID,FIRST_NAME,LAST_NAME,GENDER,DOB,EMAIL) values (11,'Obadias','Dowtry','M',to_date('09-JUL-73','DD-MON-RR'),'odowtrya@wikispaces.com');
Insert into ST52501.MEMBERS (MEMBER_ID,FIRST_NAME,LAST_NAME,GENDER,DOB,EMAIL) values (12,'Shalom','Kincla','M',to_date('06-NOV-95','DD-MON-RR'),'skinclab@infoseek.co.jp');
Insert into ST52501.MEMBERS (MEMBER_ID,FIRST_NAME,LAST_NAME,GENDER,DOB,EMAIL) values (13,'Rosy','Josh','F',to_date('28-JUN-95','DD-MON-RR'),'rjoshc@ameblo.jp');
Insert into ST52501.MEMBERS (MEMBER_ID,FIRST_NAME,LAST_NAME,GENDER,DOB,EMAIL) values (14,'Christopher','Snare','M',to_date('11-JUL-84','DD-MON-RR'),'csnared@devhub.com');
Insert into ST52501.MEMBERS (MEMBER_ID,FIRST_NAME,LAST_NAME,GENDER,DOB,EMAIL) values (15,'Malchy','Jelf','M',to_date('10-NOV-71','DD-MON-RR'),'mjelfe@odnoklassniki.ru');
Insert into ST52501.MEMBERS (MEMBER_ID,FIRST_NAME,LAST_NAME,GENDER,DOB,EMAIL) values (16,'Seward','Eck','M',to_date('05-SEP-92','DD-MON-RR'),'seckf@cbc.ca');
Insert into ST52501.MEMBERS (MEMBER_ID,FIRST_NAME,LAST_NAME,GENDER,DOB,EMAIL) values (17,'Brear','Chapiro','F',to_date('07-APR-87','DD-MON-RR'),'bchapirog@issuu.com');
Insert into ST52501.MEMBERS (MEMBER_ID,FIRST_NAME,LAST_NAME,GENDER,DOB,EMAIL) values (18,'Gussy','Graves','F',to_date('07-FEB-80','DD-MON-RR'),'ggravesh@wikia.com');
Insert into ST52501.MEMBERS (MEMBER_ID,FIRST_NAME,LAST_NAME,GENDER,DOB,EMAIL) values (19,'Janina','Ranahan','F',to_date('22-MAY-72','DD-MON-RR'),'jranahani@ucoz.com');
Insert into ST52501.MEMBERS (MEMBER_ID,FIRST_NAME,LAST_NAME,GENDER,DOB,EMAIL) values (20,'Izabel','Trenholme','F',to_date('06-JUL-93','DD-MON-RR'),'itrenholmej@bigcartel.com');
Insert into ST52501.MEMBERS (MEMBER_ID,FIRST_NAME,LAST_NAME,GENDER,DOB,EMAIL) values (21,'Frazer','Ruben','M',to_date('29-OCT-90','DD-MON-RR'),'frubenk@dailymail.co.uk');
Insert into ST52501.MEMBERS (MEMBER_ID,FIRST_NAME,LAST_NAME,GENDER,DOB,EMAIL) values (22,'Elston','Stansbie','M',to_date('24-JUN-98','DD-MON-RR'),'estansbiel@ameblo.jp');
Insert into ST52501.MEMBERS (MEMBER_ID,FIRST_NAME,LAST_NAME,GENDER,DOB,EMAIL) values (23,'Debor','Janny','F',to_date('19-JAN-79','DD-MON-RR'),'djannym@apple.com');
Insert into ST52501.MEMBERS (MEMBER_ID,FIRST_NAME,LAST_NAME,GENDER,DOB,EMAIL) values (24,'Regan','Edelman','F',to_date('21-APR-97','DD-MON-RR'),'redelmann@nbcnews.com');
Insert into ST52501.MEMBERS (MEMBER_ID,FIRST_NAME,LAST_NAME,GENDER,DOB,EMAIL) values (25,'Birdie','Bogays','F',to_date('29-JAN-91','DD-MON-RR'),'bbogayso@tinypic.com');
Insert into ST52501.MEMBERS (MEMBER_ID,FIRST_NAME,LAST_NAME,GENDER,DOB,EMAIL) values (26,'Tabor','Neill','M',to_date('09-FEB-71','DD-MON-RR'),'tneillp@webs.com');
Insert into ST52501.MEMBERS (MEMBER_ID,FIRST_NAME,LAST_NAME,GENDER,DOB,EMAIL) values (27,'Ewart','Barnshaw','M',to_date('25-DEC-91','DD-MON-RR'),'ebarnshawq@gov.uk');
Insert into ST52501.MEMBERS (MEMBER_ID,FIRST_NAME,LAST_NAME,GENDER,DOB,EMAIL) values (28,'Delcine','Westmarland','F',to_date('30-AUG-83','DD-MON-RR'),'dwestmarlandr@intel.com');
Insert into ST52501.MEMBERS (MEMBER_ID,FIRST_NAME,LAST_NAME,GENDER,DOB,EMAIL) values (29,'Larina','Bladen','F',to_date('10-AUG-90','DD-MON-RR'),'lbladens@mapy.cz');
Insert into ST52501.MEMBERS (MEMBER_ID,FIRST_NAME,LAST_NAME,GENDER,DOB,EMAIL) values (30,'Netti','Geggie','F',to_date('30-JAN-88','DD-MON-RR'),'ngeggiet@google.com.hk');
Insert into ST52501.MEMBERS (MEMBER_ID,FIRST_NAME,LAST_NAME,GENDER,DOB,EMAIL) values (31,'Ebony','Marconi','F',to_date('28-SEP-93','DD-MON-RR'),'emarconiu@washingtonpost.com');
Insert into ST52501.MEMBERS (MEMBER_ID,FIRST_NAME,LAST_NAME,GENDER,DOB,EMAIL) values (32,'Luz','Najafian','F',to_date('13-SEP-80','DD-MON-RR'),'lnajafianv@omniture.com');
Insert into ST52501.MEMBERS (MEMBER_ID,FIRST_NAME,LAST_NAME,GENDER,DOB,EMAIL) values (33,'Dan','Tarr','M',to_date('14-OCT-78','DD-MON-RR'),'dtarrw@hc360.com');
Insert into ST52501.MEMBERS (MEMBER_ID,FIRST_NAME,LAST_NAME,GENDER,DOB,EMAIL) values (34,'Zach','Snalom','M',to_date('02-AUG-94','DD-MON-RR'),'zsnalomx@whitehouse.gov');
Insert into ST52501.MEMBERS (MEMBER_ID,FIRST_NAME,LAST_NAME,GENDER,DOB,EMAIL) values (35,'Terese','Belhome','F',to_date('05-MAY-92','DD-MON-RR'),'tbelhomey@nasa.gov');
Insert into ST52501.MEMBERS (MEMBER_ID,FIRST_NAME,LAST_NAME,GENDER,DOB,EMAIL) values (36,'Corbett','Blaylock','M',to_date('02-APR-71','DD-MON-RR'),'cblaylockz@digg.com');
Insert into ST52501.MEMBERS (MEMBER_ID,FIRST_NAME,LAST_NAME,GENDER,DOB,EMAIL) values (37,'Calla','Ricco','F',to_date('12-AUG-90','DD-MON-RR'),'cricco10@soup.io');
Insert into ST52501.MEMBERS (MEMBER_ID,FIRST_NAME,LAST_NAME,GENDER,DOB,EMAIL) values (38,'Reinold','Gossart','M',to_date('28-JAN-78','DD-MON-RR'),'rgossart11@economist.com');
Insert into ST52501.MEMBERS (MEMBER_ID,FIRST_NAME,LAST_NAME,GENDER,DOB,EMAIL) values (39,'Selena','Skones','F',to_date('11-JUL-97','DD-MON-RR'),'sskones12@yellowbook.com');
Insert into ST52501.MEMBERS (MEMBER_ID,FIRST_NAME,LAST_NAME,GENDER,DOB,EMAIL) values (40,'Jamison','Perse','M',to_date('18-AUG-82','DD-MON-RR'),'jperse13@newyorker.com');
Insert into ST52501.MEMBERS (MEMBER_ID,FIRST_NAME,LAST_NAME,GENDER,DOB,EMAIL) values (41,'Iorgos','Culter','M',to_date('30-OCT-92','DD-MON-RR'),'iculter14@behance.net');
Insert into ST52501.MEMBERS (MEMBER_ID,FIRST_NAME,LAST_NAME,GENDER,DOB,EMAIL) values (42,'De witt','Teresi','M',to_date('07-DEC-77','DD-MON-RR'),'dteresi15@elegantthemes.com');
Insert into ST52501.MEMBERS (MEMBER_ID,FIRST_NAME,LAST_NAME,GENDER,DOB,EMAIL) values (43,'Westley','Blaszkiewicz','M',to_date('08-MAR-78','DD-MON-RR'),'wblaszkiewicz16@arstechnica.com');
Insert into ST52501.MEMBERS (MEMBER_ID,FIRST_NAME,LAST_NAME,GENDER,DOB,EMAIL) values (44,'Luz','Parlot','F',to_date('29-SEP-75','DD-MON-RR'),'lparlot17@infoseek.co.jp');
Insert into ST52501.MEMBERS (MEMBER_ID,FIRST_NAME,LAST_NAME,GENDER,DOB,EMAIL) values (45,'Rosemonde','Shingfield','F',to_date('06-OCT-99','DD-MON-RR'),'rshingfield18@google.de');
Insert into ST52501.MEMBERS (MEMBER_ID,FIRST_NAME,LAST_NAME,GENDER,DOB,EMAIL) values (46,'Lenka','Buck','F',to_date('11-NOV-91','DD-MON-RR'),'lbuck19@google.pl');
Insert into ST52501.MEMBERS (MEMBER_ID,FIRST_NAME,LAST_NAME,GENDER,DOB,EMAIL) values (47,'Catlaina','Collier','F',to_date('14-APR-74','DD-MON-RR'),'ccollier1a@economist.com');
Insert into ST52501.MEMBERS (MEMBER_ID,FIRST_NAME,LAST_NAME,GENDER,DOB,EMAIL) values (48,'Ignatius','Cozzi','M',to_date('17-MAY-83','DD-MON-RR'),'icozzi1b@utexas.edu');
Insert into ST52501.MEMBERS (MEMBER_ID,FIRST_NAME,LAST_NAME,GENDER,DOB,EMAIL) values (49,'Pippo','Jerrard','M',to_date('06-APR-88','DD-MON-RR'),'pjerrard1c@gov.uk');
Insert into ST52501.MEMBERS (MEMBER_ID,FIRST_NAME,LAST_NAME,GENDER,DOB,EMAIL) values (50,'Ellary','Laughrey','M',to_date('01-JAN-87','DD-MON-RR'),'elaughrey1d@technorati.com');
Insert into ST52501.MEMBERS (MEMBER_ID,FIRST_NAME,LAST_NAME,GENDER,DOB,EMAIL) values (51,'Margaretha','Hudghton','F',to_date('24-OCT-76','DD-MON-RR'),'mhudghton1e@bing.com');
Insert into ST52501.MEMBERS (MEMBER_ID,FIRST_NAME,LAST_NAME,GENDER,DOB,EMAIL) values (52,'Osmund','Elrick','M',to_date('08-MAY-71','DD-MON-RR'),'oelrick1f@dmoz.org');
Insert into ST52501.MEMBERS (MEMBER_ID,FIRST_NAME,LAST_NAME,GENDER,DOB,EMAIL) values (53,'Way','MacDearmont','M',to_date('02-MAR-83','DD-MON-RR'),'wmacdearmont1g@posterous.com');
Insert into ST52501.MEMBERS (MEMBER_ID,FIRST_NAME,LAST_NAME,GENDER,DOB,EMAIL) values (54,'Joya','Yakubowicz','F',to_date('11-NOV-95','DD-MON-RR'),'jyakubowicz1h@wired.com');
Insert into ST52501.MEMBERS (MEMBER_ID,FIRST_NAME,LAST_NAME,GENDER,DOB,EMAIL) values (55,'Lyndsay','Pardue','F',to_date('13-AUG-86','DD-MON-RR'),'lpardue1i@google.com.hk');
Insert into ST52501.MEMBERS (MEMBER_ID,FIRST_NAME,LAST_NAME,GENDER,DOB,EMAIL) values (56,'Yanaton','McGeechan','M',to_date('10-DEC-89','DD-MON-RR'),'ymcgeechan1j@businessinsider.com');
Insert into ST52501.MEMBERS (MEMBER_ID,FIRST_NAME,LAST_NAME,GENDER,DOB,EMAIL) values (57,'Suellen','Ogan','F',to_date('26-NOV-77','DD-MON-RR'),'sogan1k@tinyurl.com');
Insert into ST52501.MEMBERS (MEMBER_ID,FIRST_NAME,LAST_NAME,GENDER,DOB,EMAIL) values (58,'Ashlin','O''Cullen','M',to_date('12-AUG-71','DD-MON-RR'),'aocullen1l@facebook.com');
Insert into ST52501.MEMBERS (MEMBER_ID,FIRST_NAME,LAST_NAME,GENDER,DOB,EMAIL) values (59,'Ephrem','Parkman','M',to_date('05-JAN-94','DD-MON-RR'),'eparkman1m@utexas.edu');
Insert into ST52501.MEMBERS (MEMBER_ID,FIRST_NAME,LAST_NAME,GENDER,DOB,EMAIL) values (60,'Yolanda','Witherden','F',to_date('14-SEP-78','DD-MON-RR'),'ywitherden1n@4shared.com');
Insert into ST52501.MEMBERS (MEMBER_ID,FIRST_NAME,LAST_NAME,GENDER,DOB,EMAIL) values (61,'Tucky','Scogin','M',to_date('15-APR-83','DD-MON-RR'),'tscogin1o@comsenz.com');
Insert into ST52501.MEMBERS (MEMBER_ID,FIRST_NAME,LAST_NAME,GENDER,DOB,EMAIL) values (62,'Maurise','Cordall','F',to_date('31-OCT-86','DD-MON-RR'),'mcordall1p@nytimes.com');
Insert into ST52501.MEMBERS (MEMBER_ID,FIRST_NAME,LAST_NAME,GENDER,DOB,EMAIL) values (63,'Trixy','Coleborn','F',to_date('31-OCT-95','DD-MON-RR'),'tcoleborn1q@rambler.ru');
Insert into ST52501.MEMBERS (MEMBER_ID,FIRST_NAME,LAST_NAME,GENDER,DOB,EMAIL) values (64,'Barn','Halifax','M',to_date('30-JAN-95','DD-MON-RR'),'bhalifax1r@opensource.org');
Insert into ST52501.MEMBERS (MEMBER_ID,FIRST_NAME,LAST_NAME,GENDER,DOB,EMAIL) values (65,'Simmonds','Bernardy','M',to_date('12-JUL-97','DD-MON-RR'),'sbernardy1s@ycombinator.com');
Insert into ST52501.MEMBERS (MEMBER_ID,FIRST_NAME,LAST_NAME,GENDER,DOB,EMAIL) values (66,'Thomas','Dunsford','M',to_date('27-JAN-78','DD-MON-RR'),'tdunsford1t@jimdo.com');
Insert into ST52501.MEMBERS (MEMBER_ID,FIRST_NAME,LAST_NAME,GENDER,DOB,EMAIL) values (67,'Piper','Franek','F',to_date('29-APR-91','DD-MON-RR'),'pfranek1u@irs.gov');
Insert into ST52501.MEMBERS (MEMBER_ID,FIRST_NAME,LAST_NAME,GENDER,DOB,EMAIL) values (68,'Hermie','Ghilardini','M',to_date('07-SEP-85','DD-MON-RR'),'hghilardini1v@reference.com');
Insert into ST52501.MEMBERS (MEMBER_ID,FIRST_NAME,LAST_NAME,GENDER,DOB,EMAIL) values (69,'Claudette','Hudspith','F',to_date('10-OCT-87','DD-MON-RR'),'chudspith1w@discovery.com');
Insert into ST52501.MEMBERS (MEMBER_ID,FIRST_NAME,LAST_NAME,GENDER,DOB,EMAIL) values (70,'Angus','Stagg','M',to_date('26-JAN-93','DD-MON-RR'),'astagg1x@lulu.com');
Insert into ST52501.MEMBERS (MEMBER_ID,FIRST_NAME,LAST_NAME,GENDER,DOB,EMAIL) values (71,'Laurette','Altree','F',to_date('05-SEP-96','DD-MON-RR'),'laltree1y@nih.gov');
Insert into ST52501.MEMBERS (MEMBER_ID,FIRST_NAME,LAST_NAME,GENDER,DOB,EMAIL) values (72,'Carleen','MacAnellye','F',to_date('22-APR-88','DD-MON-RR'),'cmacanellye1z@devhub.com');
Insert into ST52501.MEMBERS (MEMBER_ID,FIRST_NAME,LAST_NAME,GENDER,DOB,EMAIL) values (73,'Didi','Morgan','F',to_date('26-DEC-96','DD-MON-RR'),'dmorgan20@bravesites.com');
Insert into ST52501.MEMBERS (MEMBER_ID,FIRST_NAME,LAST_NAME,GENDER,DOB,EMAIL) values (74,'Cherye','Duce','F',to_date('07-NOV-88','DD-MON-RR'),'cduce21@ibm.com');
Insert into ST52501.MEMBERS (MEMBER_ID,FIRST_NAME,LAST_NAME,GENDER,DOB,EMAIL) values (75,'Monty','Deverale','M',to_date('08-NOV-87','DD-MON-RR'),'mdeverale22@amazon.com');
Insert into ST52501.MEMBERS (MEMBER_ID,FIRST_NAME,LAST_NAME,GENDER,DOB,EMAIL) values (76,'Johnny','Laytham','M',to_date('28-FEB-72','DD-MON-RR'),'jlaytham23@t.co');
Insert into ST52501.MEMBERS (MEMBER_ID,FIRST_NAME,LAST_NAME,GENDER,DOB,EMAIL) values (77,'Rudiger','Warsap','M',to_date('07-DEC-86','DD-MON-RR'),'rwarsap24@utexas.edu');
Insert into ST52501.MEMBERS (MEMBER_ID,FIRST_NAME,LAST_NAME,GENDER,DOB,EMAIL) values (78,'Jacklin','Kielt','F',to_date('21-MAY-86','DD-MON-RR'),'jkielt25@icq.com');
Insert into ST52501.MEMBERS (MEMBER_ID,FIRST_NAME,LAST_NAME,GENDER,DOB,EMAIL) values (79,'Barth','Traske','M',to_date('04-DEC-87','DD-MON-RR'),'btraske26@a8.net');
Insert into ST52501.MEMBERS (MEMBER_ID,FIRST_NAME,LAST_NAME,GENDER,DOB,EMAIL) values (80,'Holly-anne','Sandry','F',to_date('18-JUN-74','DD-MON-RR'),'hsandry27@php.net');
Insert into ST52501.MEMBERS (MEMBER_ID,FIRST_NAME,LAST_NAME,GENDER,DOB,EMAIL) values (81,'Lonee','Maultby','F',to_date('22-JUL-75','DD-MON-RR'),'lmaultby28@craigslist.org');
Insert into ST52501.MEMBERS (MEMBER_ID,FIRST_NAME,LAST_NAME,GENDER,DOB,EMAIL) values (82,'Marcel','Botger','M',to_date('03-JUL-79','DD-MON-RR'),'mbotger29@exblog.jp');
Insert into ST52501.MEMBERS (MEMBER_ID,FIRST_NAME,LAST_NAME,GENDER,DOB,EMAIL) values (83,'Roshelle','Peatt','F',to_date('14-FEB-97','DD-MON-RR'),'rpeatt2a@godaddy.com');
Insert into ST52501.MEMBERS (MEMBER_ID,FIRST_NAME,LAST_NAME,GENDER,DOB,EMAIL) values (84,'Even','Willgress','M',to_date('07-JUL-91','DD-MON-RR'),'ewillgress2b@networkadvertising.org');
Insert into ST52501.MEMBERS (MEMBER_ID,FIRST_NAME,LAST_NAME,GENDER,DOB,EMAIL) values (85,'Greer','Hoggin','F',to_date('16-MAY-86','DD-MON-RR'),'ghoggin2c@amazon.co.jp');
Insert into ST52501.MEMBERS (MEMBER_ID,FIRST_NAME,LAST_NAME,GENDER,DOB,EMAIL) values (86,'Eugine','Succamore','F',to_date('16-DEC-86','DD-MON-RR'),'esuccamore2d@utexas.edu');
Insert into ST52501.MEMBERS (MEMBER_ID,FIRST_NAME,LAST_NAME,GENDER,DOB,EMAIL) values (87,'Hannie','Burwell','F',to_date('19-DEC-98','DD-MON-RR'),'hburwell2e@gmpg.org');
Insert into ST52501.MEMBERS (MEMBER_ID,FIRST_NAME,LAST_NAME,GENDER,DOB,EMAIL) values (88,'Randell','Fores','M',to_date('26-MAY-86','DD-MON-RR'),'rfores2f@sciencedaily.com');
Insert into ST52501.MEMBERS (MEMBER_ID,FIRST_NAME,LAST_NAME,GENDER,DOB,EMAIL) values (89,'Parnell','Schroder','M',to_date('16-JUL-96','DD-MON-RR'),'pschroder2g@storify.com');
Insert into ST52501.MEMBERS (MEMBER_ID,FIRST_NAME,LAST_NAME,GENDER,DOB,EMAIL) values (90,'Petunia','Woollons','F',to_date('24-AUG-77','DD-MON-RR'),'pwoollons2h@usgs.gov');
Insert into ST52501.MEMBERS (MEMBER_ID,FIRST_NAME,LAST_NAME,GENDER,DOB,EMAIL) values (91,'Abramo','Albutt','M',to_date('25-JAN-84','DD-MON-RR'),'aalbutt2i@webeden.co.uk');
Insert into ST52501.MEMBERS (MEMBER_ID,FIRST_NAME,LAST_NAME,GENDER,DOB,EMAIL) values (92,'Peria','Tuffs','F',to_date('15-MAR-92','DD-MON-RR'),'ptuffs2j@pbs.org');
Insert into ST52501.MEMBERS (MEMBER_ID,FIRST_NAME,LAST_NAME,GENDER,DOB,EMAIL) values (93,'Albie','Bitten','M',to_date('01-SEP-73','DD-MON-RR'),'abitten2k@hhs.gov');
Insert into ST52501.MEMBERS (MEMBER_ID,FIRST_NAME,LAST_NAME,GENDER,DOB,EMAIL) values (94,'Lars','FitzAlan','M',to_date('09-OCT-87','DD-MON-RR'),'lfitzalan2l@gizmodo.com');
Insert into ST52501.MEMBERS (MEMBER_ID,FIRST_NAME,LAST_NAME,GENDER,DOB,EMAIL) values (95,'Elijah','Hansley','M',to_date('23-MAY-71','DD-MON-RR'),'ehansley2m@shareasale.com');
Insert into ST52501.MEMBERS (MEMBER_ID,FIRST_NAME,LAST_NAME,GENDER,DOB,EMAIL) values (96,'Neal','Rettie','M',to_date('24-FEB-98','DD-MON-RR'),'nrettie2n@thetimes.co.uk');
Insert into ST52501.MEMBERS (MEMBER_ID,FIRST_NAME,LAST_NAME,GENDER,DOB,EMAIL) values (97,'Taite','Aviss','M',to_date('02-APR-95','DD-MON-RR'),'taviss2o@latimes.com');
Insert into ST52501.MEMBERS (MEMBER_ID,FIRST_NAME,LAST_NAME,GENDER,DOB,EMAIL) values (98,'Alvis','Scown','M',to_date('02-APR-86','DD-MON-RR'),'ascown2p@discuz.net');
Insert into ST52501.MEMBERS (MEMBER_ID,FIRST_NAME,LAST_NAME,GENDER,DOB,EMAIL) values (99,'Bail','Stones','M',to_date('09-MAY-99','DD-MON-RR'),'bstones2q@devhub.com');
Insert into ST52501.MEMBERS (MEMBER_ID,FIRST_NAME,LAST_NAME,GENDER,DOB,EMAIL) values (100,'Rudy','Kerans','M',to_date('27-FEB-77','DD-MON-RR'),'rkerans2r@usa.gov');
Insert into ST52501.MEMBERS (MEMBER_ID,FIRST_NAME,LAST_NAME,GENDER,DOB,EMAIL) values (101,'Diane','Stickney','F',to_date('24-OCT-97','DD-MON-RR'),'dstickney2s@livejournal.com');
Insert into ST52501.MEMBERS (MEMBER_ID,FIRST_NAME,LAST_NAME,GENDER,DOB,EMAIL) values (102,'Dimitri','Reddell','M',to_date('14-OCT-81','DD-MON-RR'),'dreddell2t@hostgator.com');
Insert into ST52501.MEMBERS (MEMBER_ID,FIRST_NAME,LAST_NAME,GENDER,DOB,EMAIL) values (103,'Kendal','Gaenor','M',to_date('02-AUG-70','DD-MON-RR'),'kgaenor2u@ibm.com');
Insert into ST52501.MEMBERS (MEMBER_ID,FIRST_NAME,LAST_NAME,GENDER,DOB,EMAIL) values (104,'Sydney','Gussin','M',to_date('18-FEB-78','DD-MON-RR'),'sgussin2v@dailymotion.com');
Insert into ST52501.MEMBERS (MEMBER_ID,FIRST_NAME,LAST_NAME,GENDER,DOB,EMAIL) values (105,'Rich','Auchterlonie','M',to_date('26-MAY-82','DD-MON-RR'),'rauchterlonie2w@ow.ly');
Insert into ST52501.MEMBERS (MEMBER_ID,FIRST_NAME,LAST_NAME,GENDER,DOB,EMAIL) values (106,'Guy','Ferrarotti','M',to_date('11-MAY-96','DD-MON-RR'),'gferrarotti2x@fema.gov');
Insert into ST52501.MEMBERS (MEMBER_ID,FIRST_NAME,LAST_NAME,GENDER,DOB,EMAIL) values (107,'Aime','Salter','F',to_date('05-APR-79','DD-MON-RR'),'asalter2y@dropbox.com');
Insert into ST52501.MEMBERS (MEMBER_ID,FIRST_NAME,LAST_NAME,GENDER,DOB,EMAIL) values (108,'Fayette','Suston','F',to_date('15-NOV-76','DD-MON-RR'),'fsuston2z@yolasite.com');
Insert into ST52501.MEMBERS (MEMBER_ID,FIRST_NAME,LAST_NAME,GENDER,DOB,EMAIL) values (109,'Gabrila','Colclough','F',to_date('06-MAY-99','DD-MON-RR'),'gcolclough30@youtu.be');
Insert into ST52501.MEMBERS (MEMBER_ID,FIRST_NAME,LAST_NAME,GENDER,DOB,EMAIL) values (110,'Deane','Muncer','M',to_date('18-SEP-87','DD-MON-RR'),'dmuncer31@marriott.com');
Insert into ST52501.MEMBERS (MEMBER_ID,FIRST_NAME,LAST_NAME,GENDER,DOB,EMAIL) values (111,'Lenora','Terrelly','F',to_date('11-MAY-87','DD-MON-RR'),'lterrelly32@wufoo.com');
Insert into ST52501.MEMBERS (MEMBER_ID,FIRST_NAME,LAST_NAME,GENDER,DOB,EMAIL) values (112,'Sholom','Minnock','M',to_date('12-NOV-91','DD-MON-RR'),'sminnock33@tripadvisor.com');
Insert into ST52501.MEMBERS (MEMBER_ID,FIRST_NAME,LAST_NAME,GENDER,DOB,EMAIL) values (113,'Kiah','Buckston','F',to_date('10-OCT-99','DD-MON-RR'),'kbuckston34@msn.com');
Insert into ST52501.MEMBERS (MEMBER_ID,FIRST_NAME,LAST_NAME,GENDER,DOB,EMAIL) values (114,'Betty','Hoodless','F',to_date('15-JUL-91','DD-MON-RR'),'bhoodless35@geocities.com');
Insert into ST52501.MEMBERS (MEMBER_ID,FIRST_NAME,LAST_NAME,GENDER,DOB,EMAIL) values (115,'Minette','Summerrell','F',to_date('05-NOV-88','DD-MON-RR'),'msummerrell36@buzzfeed.com');
Insert into ST52501.MEMBERS (MEMBER_ID,FIRST_NAME,LAST_NAME,GENDER,DOB,EMAIL) values (116,'Onida','Guilayn','F',to_date('12-AUG-71','DD-MON-RR'),'oguilayn37@privacy.gov.au');
Insert into ST52501.MEMBERS (MEMBER_ID,FIRST_NAME,LAST_NAME,GENDER,DOB,EMAIL) values (117,'Adrea','de la Valette Parisot','F',to_date('07-APR-81','DD-MON-RR'),'adelavaletteparisot38@spiegel.de');
Insert into ST52501.MEMBERS (MEMBER_ID,FIRST_NAME,LAST_NAME,GENDER,DOB,EMAIL) values (118,'Selie','Lynch','F',to_date('17-JUN-88','DD-MON-RR'),'slynch39@over-blog.com');
Insert into ST52501.MEMBERS (MEMBER_ID,FIRST_NAME,LAST_NAME,GENDER,DOB,EMAIL) values (119,'Tamara','Ficken','F',to_date('17-MAR-94','DD-MON-RR'),'tficken3a@a8.net');
Insert into ST52501.MEMBERS (MEMBER_ID,FIRST_NAME,LAST_NAME,GENDER,DOB,EMAIL) values (120,'Geordie','Wintringham','M',to_date('15-FEB-92','DD-MON-RR'),'gwintringham3b@dyndns.org');
Insert into ST52501.MEMBERS (MEMBER_ID,FIRST_NAME,LAST_NAME,GENDER,DOB,EMAIL) values (121,'Ulric','Hitzschke','M',to_date('13-SEP-74','DD-MON-RR'),'uhitzschke3c@sakura.ne.jp');
Insert into ST52501.MEMBERS (MEMBER_ID,FIRST_NAME,LAST_NAME,GENDER,DOB,EMAIL) values (122,'Wini','Perocci','F',to_date('05-JAN-99','DD-MON-RR'),'wperocci3d@wsj.com');
Insert into ST52501.MEMBERS (MEMBER_ID,FIRST_NAME,LAST_NAME,GENDER,DOB,EMAIL) values (123,'Charlena','Romi','F',to_date('24-APR-74','DD-MON-RR'),'cromi3e@netvibes.com');
Insert into ST52501.MEMBERS (MEMBER_ID,FIRST_NAME,LAST_NAME,GENDER,DOB,EMAIL) values (124,'Rouvin','Doward','M',to_date('25-JUL-86','DD-MON-RR'),'rdoward3f@zimbio.com');
Insert into ST52501.MEMBERS (MEMBER_ID,FIRST_NAME,LAST_NAME,GENDER,DOB,EMAIL) values (125,'Jacquetta','Blew','F',to_date('18-JUL-70','DD-MON-RR'),'jblew3g@hhs.gov');
Insert into ST52501.MEMBERS (MEMBER_ID,FIRST_NAME,LAST_NAME,GENDER,DOB,EMAIL) values (126,'Verla','Palfrie','F',to_date('19-JUL-96','DD-MON-RR'),'vpalfrie3h@parallels.com');
Insert into ST52501.MEMBERS (MEMBER_ID,FIRST_NAME,LAST_NAME,GENDER,DOB,EMAIL) values (127,'Catlaina','Keavy','F',to_date('14-JUL-95','DD-MON-RR'),'ckeavy3i@meetup.com');
Insert into ST52501.MEMBERS (MEMBER_ID,FIRST_NAME,LAST_NAME,GENDER,DOB,EMAIL) values (128,'Britney','Lowdham','F',to_date('14-DEC-90','DD-MON-RR'),'blowdham3j@youtu.be');
Insert into ST52501.MEMBERS (MEMBER_ID,FIRST_NAME,LAST_NAME,GENDER,DOB,EMAIL) values (129,'Tynan','Lamp','M',to_date('20-JUN-86','DD-MON-RR'),'tlamp3k@google.com.br');
Insert into ST52501.MEMBERS (MEMBER_ID,FIRST_NAME,LAST_NAME,GENDER,DOB,EMAIL) values (130,'Alfonse','Raye','M',to_date('24-OCT-82','DD-MON-RR'),'araye3l@slate.com');
Insert into ST52501.MEMBERS (MEMBER_ID,FIRST_NAME,LAST_NAME,GENDER,DOB,EMAIL) values (131,'Eberhard','Wilbud','M',to_date('18-JUN-71','DD-MON-RR'),'ewilbud3m@miibeian.gov.cn');
Insert into ST52501.MEMBERS (MEMBER_ID,FIRST_NAME,LAST_NAME,GENDER,DOB,EMAIL) values (132,'Analiese','Danilowicz','F',to_date('14-MAY-79','DD-MON-RR'),'adanilowicz3n@time.com');
Insert into ST52501.MEMBERS (MEMBER_ID,FIRST_NAME,LAST_NAME,GENDER,DOB,EMAIL) values (133,'Ambrosius','Bratton','M',to_date('25-JAN-75','DD-MON-RR'),'abratton3o@paginegialle.it');
Insert into ST52501.MEMBERS (MEMBER_ID,FIRST_NAME,LAST_NAME,GENDER,DOB,EMAIL) values (134,'Nefen','Aisbett','M',to_date('04-APR-71','DD-MON-RR'),'naisbett3p@wired.com');
Insert into ST52501.MEMBERS (MEMBER_ID,FIRST_NAME,LAST_NAME,GENDER,DOB,EMAIL) values (135,'Audie','Ducker','F',to_date('07-NOV-82','DD-MON-RR'),'aducker3q@opera.com');
Insert into ST52501.MEMBERS (MEMBER_ID,FIRST_NAME,LAST_NAME,GENDER,DOB,EMAIL) values (136,'Roger','Sparkes','M',to_date('18-FEB-86','DD-MON-RR'),'rsparkes3r@goo.gl');
Insert into ST52501.MEMBERS (MEMBER_ID,FIRST_NAME,LAST_NAME,GENDER,DOB,EMAIL) values (137,'Nicoline','Spight','F',to_date('09-OCT-73','DD-MON-RR'),'nspight3s@chronoengine.com');
Insert into ST52501.MEMBERS (MEMBER_ID,FIRST_NAME,LAST_NAME,GENDER,DOB,EMAIL) values (138,'Paten','Covell','M',to_date('24-JAN-80','DD-MON-RR'),'pcovell3t@smh.com.au');
Insert into ST52501.MEMBERS (MEMBER_ID,FIRST_NAME,LAST_NAME,GENDER,DOB,EMAIL) values (139,'Stinky','Harse','M',to_date('30-JAN-95','DD-MON-RR'),'sharse3u@hhs.gov');
Insert into ST52501.MEMBERS (MEMBER_ID,FIRST_NAME,LAST_NAME,GENDER,DOB,EMAIL) values (140,'Bard','Lamy','M',to_date('04-JUL-92','DD-MON-RR'),'blamy3v@vkontakte.ru');
Insert into ST52501.MEMBERS (MEMBER_ID,FIRST_NAME,LAST_NAME,GENDER,DOB,EMAIL) values (141,'Dinny','Caudrelier','F',to_date('24-APR-97','DD-MON-RR'),'dcaudrelier3w@altervista.org');
Insert into ST52501.MEMBERS (MEMBER_ID,FIRST_NAME,LAST_NAME,GENDER,DOB,EMAIL) values (142,'Lazar','Drews','M',to_date('29-OCT-91','DD-MON-RR'),'ldrews3x@fda.gov');
Insert into ST52501.MEMBERS (MEMBER_ID,FIRST_NAME,LAST_NAME,GENDER,DOB,EMAIL) values (143,'Lyndsay','Garie','F',to_date('13-MAR-74','DD-MON-RR'),'lgarie3y@nature.com');
Insert into ST52501.MEMBERS (MEMBER_ID,FIRST_NAME,LAST_NAME,GENDER,DOB,EMAIL) values (144,'Mateo','Wrassell','M',to_date('08-AUG-74','DD-MON-RR'),'mwrassell3z@mashable.com');
Insert into ST52501.MEMBERS (MEMBER_ID,FIRST_NAME,LAST_NAME,GENDER,DOB,EMAIL) values (145,'Tabor','Gulston','M',to_date('14-OCT-98','DD-MON-RR'),'tgulston40@google.it');
Insert into ST52501.MEMBERS (MEMBER_ID,FIRST_NAME,LAST_NAME,GENDER,DOB,EMAIL) values (146,'Brett','Dealy','F',to_date('24-MAY-78','DD-MON-RR'),'bdealy41@flavors.me');
Insert into ST52501.MEMBERS (MEMBER_ID,FIRST_NAME,LAST_NAME,GENDER,DOB,EMAIL) values (147,'Ryun','Schubbert','M',to_date('09-SEP-88','DD-MON-RR'),'rschubbert42@theatlantic.com');
Insert into ST52501.MEMBERS (MEMBER_ID,FIRST_NAME,LAST_NAME,GENDER,DOB,EMAIL) values (148,'Patti','Meredyth','F',to_date('03-APR-73','DD-MON-RR'),'pmeredyth43@princeton.edu');
Insert into ST52501.MEMBERS (MEMBER_ID,FIRST_NAME,LAST_NAME,GENDER,DOB,EMAIL) values (149,'Corbet','Giannasi','M',to_date('21-NOV-89','DD-MON-RR'),'cgiannasi44@toplist.cz');
Insert into ST52501.MEMBERS (MEMBER_ID,FIRST_NAME,LAST_NAME,GENDER,DOB,EMAIL) values (150,'Eva','Burgott','F',to_date('25-JAN-75','DD-MON-RR'),'eburgott45@washingtonpost.com');
Insert into ST52501.MEMBERS (MEMBER_ID,FIRST_NAME,LAST_NAME,GENDER,DOB,EMAIL) values (151,'Yancey','Rawsen','M',to_date('29-JUL-97','DD-MON-RR'),'yrawsen46@alexa.com');
Insert into ST52501.MEMBERS (MEMBER_ID,FIRST_NAME,LAST_NAME,GENDER,DOB,EMAIL) values (152,'Bear','Woodruffe','M',to_date('03-MAR-86','DD-MON-RR'),'bwoodruffe47@reference.com');
Insert into ST52501.MEMBERS (MEMBER_ID,FIRST_NAME,LAST_NAME,GENDER,DOB,EMAIL) values (153,'Bent','Cotherill','M',to_date('06-OCT-97','DD-MON-RR'),'bcotherill48@ebay.com');
Insert into ST52501.MEMBERS (MEMBER_ID,FIRST_NAME,LAST_NAME,GENDER,DOB,EMAIL) values (154,'Lois','Brayshay','F',to_date('07-APR-88','DD-MON-RR'),'lbrayshay49@mit.edu');
Insert into ST52501.MEMBERS (MEMBER_ID,FIRST_NAME,LAST_NAME,GENDER,DOB,EMAIL) values (155,'Francois','Mattiussi','M',to_date('03-JUN-95','DD-MON-RR'),'fmattiussi4a@reference.com');
Insert into ST52501.MEMBERS (MEMBER_ID,FIRST_NAME,LAST_NAME,GENDER,DOB,EMAIL) values (156,'Margery','Rideout','F',to_date('24-MAR-75','DD-MON-RR'),'mrideout4b@newyorker.com');
Insert into ST52501.MEMBERS (MEMBER_ID,FIRST_NAME,LAST_NAME,GENDER,DOB,EMAIL) values (157,'Rustin','Middleton','M',to_date('28-JUN-77','DD-MON-RR'),'rmiddleton4c@tmall.com');
Insert into ST52501.MEMBERS (MEMBER_ID,FIRST_NAME,LAST_NAME,GENDER,DOB,EMAIL) values (158,'Valeda','Jachimiak','F',to_date('08-JUL-99','DD-MON-RR'),'vjachimiak4d@mail.ru');
Insert into ST52501.MEMBERS (MEMBER_ID,FIRST_NAME,LAST_NAME,GENDER,DOB,EMAIL) values (159,'Creighton','Puve','M',to_date('20-JUL-85','DD-MON-RR'),'cpuve4e@themeforest.net');
Insert into ST52501.MEMBERS (MEMBER_ID,FIRST_NAME,LAST_NAME,GENDER,DOB,EMAIL) values (160,'Lucie','Bourhill','F',to_date('06-NOV-75','DD-MON-RR'),'lbourhill4f@free.fr');
Insert into ST52501.MEMBERS (MEMBER_ID,FIRST_NAME,LAST_NAME,GENDER,DOB,EMAIL) values (162,'Cullie','Arlett','M',to_date('20-FEB-79','DD-MON-RR'),'carlett4h@foxnews.com');
Insert into ST52501.MEMBERS (MEMBER_ID,FIRST_NAME,LAST_NAME,GENDER,DOB,EMAIL) values (163,'Meris','Roofe','F',to_date('30-JUL-98','DD-MON-RR'),'mroofe4i@eventbrite.com');
Insert into ST52501.MEMBERS (MEMBER_ID,FIRST_NAME,LAST_NAME,GENDER,DOB,EMAIL) values (164,'Katlin','De Gregorio','F',to_date('15-NOV-91','DD-MON-RR'),'kdegregorio4j@paginegialle.it');
Insert into ST52501.MEMBERS (MEMBER_ID,FIRST_NAME,LAST_NAME,GENDER,DOB,EMAIL) values (165,'Benjy','McGready','M',to_date('22-JUN-90','DD-MON-RR'),'bmcgready4k@webs.com');
Insert into ST52501.MEMBERS (MEMBER_ID,FIRST_NAME,LAST_NAME,GENDER,DOB,EMAIL) values (166,'Caroljean','Tuddenham','F',to_date('12-AUG-91','DD-MON-RR'),'ctuddenham4l@acquirethisname.com');
Insert into ST52501.MEMBERS (MEMBER_ID,FIRST_NAME,LAST_NAME,GENDER,DOB,EMAIL) values (167,'Donetta','Timlin','F',to_date('15-MAY-80','DD-MON-RR'),'dtimlin4m@opera.com');
Insert into ST52501.MEMBERS (MEMBER_ID,FIRST_NAME,LAST_NAME,GENDER,DOB,EMAIL) values (168,'Friedrich','Hentzer','M',to_date('29-JAN-99','DD-MON-RR'),'fhentzer4n@wsj.com');
Insert into ST52501.MEMBERS (MEMBER_ID,FIRST_NAME,LAST_NAME,GENDER,DOB,EMAIL) values (169,'Osbourne','McAmish','M',to_date('10-MAY-80','DD-MON-RR'),'omcamish4o@wiley.com');
Insert into ST52501.MEMBERS (MEMBER_ID,FIRST_NAME,LAST_NAME,GENDER,DOB,EMAIL) values (170,'Marcello','Venus','M',to_date('06-FEB-98','DD-MON-RR'),'mvenus4p@pagesperso-orange.fr');
Insert into ST52501.MEMBERS (MEMBER_ID,FIRST_NAME,LAST_NAME,GENDER,DOB,EMAIL) values (171,'De','Joron','F',to_date('29-DEC-94','DD-MON-RR'),'djoron4q@reddit.com');
Insert into ST52501.MEMBERS (MEMBER_ID,FIRST_NAME,LAST_NAME,GENDER,DOB,EMAIL) values (172,'Eric','Shayes','M',to_date('16-MAR-92','DD-MON-RR'),'eshayes4r@usgs.gov');
Insert into ST52501.MEMBERS (MEMBER_ID,FIRST_NAME,LAST_NAME,GENDER,DOB,EMAIL) values (173,'Jacintha','Paxman','F',to_date('24-SEP-97','DD-MON-RR'),'jpaxman4s@de.vu');
Insert into ST52501.MEMBERS (MEMBER_ID,FIRST_NAME,LAST_NAME,GENDER,DOB,EMAIL) values (174,'Raynor','Antonikov','M',to_date('07-JUN-78','DD-MON-RR'),'rantonikov4t@macromedia.com');
Insert into ST52501.MEMBERS (MEMBER_ID,FIRST_NAME,LAST_NAME,GENDER,DOB,EMAIL) values (175,'Jeromy','Keasley','M',to_date('09-AUG-95','DD-MON-RR'),'jkeasley4u@lycos.com');
Insert into ST52501.MEMBERS (MEMBER_ID,FIRST_NAME,LAST_NAME,GENDER,DOB,EMAIL) values (176,'Barris','Gaitung','M',to_date('30-SEP-70','DD-MON-RR'),'bgaitung4v@hc360.com');
Insert into ST52501.MEMBERS (MEMBER_ID,FIRST_NAME,LAST_NAME,GENDER,DOB,EMAIL) values (177,'Roderic','Waterstone','M',to_date('09-FEB-71','DD-MON-RR'),'rwaterstone4w@jiathis.com');
Insert into ST52501.MEMBERS (MEMBER_ID,FIRST_NAME,LAST_NAME,GENDER,DOB,EMAIL) values (178,'Alysia','Tax','F',to_date('24-MAY-84','DD-MON-RR'),'atax4x@wikimedia.org');
Insert into ST52501.MEMBERS (MEMBER_ID,FIRST_NAME,LAST_NAME,GENDER,DOB,EMAIL) values (179,'Timmi','Essex','F',to_date('18-MAR-94','DD-MON-RR'),'tessex4y@latimes.com');
Insert into ST52501.MEMBERS (MEMBER_ID,FIRST_NAME,LAST_NAME,GENDER,DOB,EMAIL) values (180,'Spencer','Camillo','M',to_date('22-SEP-78','DD-MON-RR'),'scamillo4z@wufoo.com');
Insert into ST52501.MEMBERS (MEMBER_ID,FIRST_NAME,LAST_NAME,GENDER,DOB,EMAIL) values (181,'Nataniel','Burthom','M',to_date('12-JUL-90','DD-MON-RR'),'nburthom50@dedecms.com');
Insert into ST52501.MEMBERS (MEMBER_ID,FIRST_NAME,LAST_NAME,GENDER,DOB,EMAIL) values (182,'Gib','Pirrie','M',to_date('18-JUL-91','DD-MON-RR'),'gpirrie51@sfgate.com');
Insert into ST52501.MEMBERS (MEMBER_ID,FIRST_NAME,LAST_NAME,GENDER,DOB,EMAIL) values (183,'Toiboid','Beseke','M',to_date('21-APR-94','DD-MON-RR'),'tbeseke52@infoseek.co.jp');
Insert into ST52501.MEMBERS (MEMBER_ID,FIRST_NAME,LAST_NAME,GENDER,DOB,EMAIL) values (184,'Judi','Murdy','F',to_date('12-JAN-85','DD-MON-RR'),'jmurdy53@slideshare.net');
Insert into ST52501.MEMBERS (MEMBER_ID,FIRST_NAME,LAST_NAME,GENDER,DOB,EMAIL) values (185,'Stan','Brickell','M',to_date('06-APR-83','DD-MON-RR'),'sbrickell54@oracle.com');
Insert into ST52501.MEMBERS (MEMBER_ID,FIRST_NAME,LAST_NAME,GENDER,DOB,EMAIL) values (186,'Danila','Jursch','F',to_date('26-OCT-85','DD-MON-RR'),'djursch55@hubpages.com');
Insert into ST52501.MEMBERS (MEMBER_ID,FIRST_NAME,LAST_NAME,GENDER,DOB,EMAIL) values (187,'Zachariah','Pring','M',to_date('06-MAY-87','DD-MON-RR'),'zpring56@slate.com');
Insert into ST52501.MEMBERS (MEMBER_ID,FIRST_NAME,LAST_NAME,GENDER,DOB,EMAIL) values (188,'Mikol','Mieville','M',to_date('24-OCT-76','DD-MON-RR'),'mmieville57@hp.com');
Insert into ST52501.MEMBERS (MEMBER_ID,FIRST_NAME,LAST_NAME,GENDER,DOB,EMAIL) values (189,'Orbadiah','Blanden','M',to_date('13-FEB-94','DD-MON-RR'),'oblanden58@princeton.edu');
Insert into ST52501.MEMBERS (MEMBER_ID,FIRST_NAME,LAST_NAME,GENDER,DOB,EMAIL) values (190,'Bari','Christescu','F',to_date('26-OCT-80','DD-MON-RR'),'bchristescu59@economist.com');
Insert into ST52501.MEMBERS (MEMBER_ID,FIRST_NAME,LAST_NAME,GENDER,DOB,EMAIL) values (191,'Farlee','Aylen','M',to_date('18-SEP-93','DD-MON-RR'),'faylen5a@nba.com');
Insert into ST52501.MEMBERS (MEMBER_ID,FIRST_NAME,LAST_NAME,GENDER,DOB,EMAIL) values (192,'Oates','Aldrick','M',to_date('13-AUG-98','DD-MON-RR'),'oaldrick5b@slate.com');
Insert into ST52501.MEMBERS (MEMBER_ID,FIRST_NAME,LAST_NAME,GENDER,DOB,EMAIL) values (193,'Zacharia','Bramstom','M',to_date('02-APR-73','DD-MON-RR'),'zbramstom5c@census.gov');
Insert into ST52501.MEMBERS (MEMBER_ID,FIRST_NAME,LAST_NAME,GENDER,DOB,EMAIL) values (194,'Carlie','Melmore','M',to_date('08-OCT-92','DD-MON-RR'),'cmelmore5d@shop-pro.jp');
Insert into ST52501.MEMBERS (MEMBER_ID,FIRST_NAME,LAST_NAME,GENDER,DOB,EMAIL) values (195,'Cathrin','Verna','F',to_date('13-MAR-92','DD-MON-RR'),'cverna5e@1688.com');
Insert into ST52501.MEMBERS (MEMBER_ID,FIRST_NAME,LAST_NAME,GENDER,DOB,EMAIL) values (196,'Howard','Ickowics','M',to_date('25-APR-81','DD-MON-RR'),'hickowics5f@bing.com');
Insert into ST52501.MEMBERS (MEMBER_ID,FIRST_NAME,LAST_NAME,GENDER,DOB,EMAIL) values (197,'Dorothea','Sidworth','F',to_date('25-APR-92','DD-MON-RR'),'dsidworth5g@cargocollective.com');
Insert into ST52501.MEMBERS (MEMBER_ID,FIRST_NAME,LAST_NAME,GENDER,DOB,EMAIL) values (198,'Neal','Sywell','M',to_date('18-JUN-91','DD-MON-RR'),'nsywell5h@histats.com');
Insert into ST52501.MEMBERS (MEMBER_ID,FIRST_NAME,LAST_NAME,GENDER,DOB,EMAIL) values (199,'Farlay','Pershouse','M',to_date('07-NOV-79','DD-MON-RR'),'fpershouse5i@tripod.com');
Insert into ST52501.MEMBERS (MEMBER_ID,FIRST_NAME,LAST_NAME,GENDER,DOB,EMAIL) values (200,'Isiahi','Burkitt','M',to_date('12-NOV-91','DD-MON-RR'),'iburkitt5j@ning.com');
Insert into ST52501.MEMBERS (MEMBER_ID,FIRST_NAME,LAST_NAME,GENDER,DOB,EMAIL) values (201,'Sergei','Ellyatt','M',to_date('13-AUG-91','DD-MON-RR'),'sellyatt5k@dell.com');
Insert into ST52501.MEMBERS (MEMBER_ID,FIRST_NAME,LAST_NAME,GENDER,DOB,EMAIL) values (202,'Der','Calken','M',to_date('03-OCT-76','DD-MON-RR'),'dcalken5l@ox.ac.uk');
Insert into ST52501.MEMBERS (MEMBER_ID,FIRST_NAME,LAST_NAME,GENDER,DOB,EMAIL) values (203,'Fransisco','Brimble','M',to_date('13-DEC-87','DD-MON-RR'),'fbrimble5m@harvard.edu');
Insert into ST52501.MEMBERS (MEMBER_ID,FIRST_NAME,LAST_NAME,GENDER,DOB,EMAIL) values (204,'Leticia','Goldsby','F',to_date('28-APR-90','DD-MON-RR'),'lgoldsby5n@free.fr');
Insert into ST52501.MEMBERS (MEMBER_ID,FIRST_NAME,LAST_NAME,GENDER,DOB,EMAIL) values (205,'Fiona','Greenland','F',to_date('05-JUN-96','DD-MON-RR'),'fgreenland5o@yahoo.com');
Insert into ST52501.MEMBERS (MEMBER_ID,FIRST_NAME,LAST_NAME,GENDER,DOB,EMAIL) values (206,'Di','Levecque','F',to_date('21-AUG-91','DD-MON-RR'),'dlevecque5p@wikimedia.org');
Insert into ST52501.MEMBERS (MEMBER_ID,FIRST_NAME,LAST_NAME,GENDER,DOB,EMAIL) values (207,'Barron','Froschauer','M',to_date('12-DEC-76','DD-MON-RR'),'bfroschauer5q@army.mil');
Insert into ST52501.MEMBERS (MEMBER_ID,FIRST_NAME,LAST_NAME,GENDER,DOB,EMAIL) values (208,'Towny','Owthwaite','M',to_date('29-APR-92','DD-MON-RR'),'towthwaite5r@barnesandnoble.com');
Insert into ST52501.MEMBERS (MEMBER_ID,FIRST_NAME,LAST_NAME,GENDER,DOB,EMAIL) values (209,'Pascal','Koene','M',to_date('21-AUG-74','DD-MON-RR'),'pkoene5s@gmpg.org');
Insert into ST52501.MEMBERS (MEMBER_ID,FIRST_NAME,LAST_NAME,GENDER,DOB,EMAIL) values (210,'Ingelbert','Banishevitz','M',to_date('31-JAN-89','DD-MON-RR'),'ibanishevitz5t@deviantart.com');
Insert into ST52501.MEMBERS (MEMBER_ID,FIRST_NAME,LAST_NAME,GENDER,DOB,EMAIL) values (211,'Hillyer','Mallabone','M',to_date('20-MAR-73','DD-MON-RR'),'hmallabone5u@geocities.jp');
Insert into ST52501.MEMBERS (MEMBER_ID,FIRST_NAME,LAST_NAME,GENDER,DOB,EMAIL) values (212,'Omar','Lunney','M',to_date('15-AUG-72','DD-MON-RR'),'olunney5v@blogspot.com');
Insert into ST52501.MEMBERS (MEMBER_ID,FIRST_NAME,LAST_NAME,GENDER,DOB,EMAIL) values (213,'Amabel','McArdell','F',to_date('18-JUL-87','DD-MON-RR'),'amcardell5w@miibeian.gov.cn');
Insert into ST52501.MEMBERS (MEMBER_ID,FIRST_NAME,LAST_NAME,GENDER,DOB,EMAIL) values (214,'Faydra','Reichert','F',to_date('23-JUN-93','DD-MON-RR'),'freichert5x@pcworld.com');
Insert into ST52501.MEMBERS (MEMBER_ID,FIRST_NAME,LAST_NAME,GENDER,DOB,EMAIL) values (215,'Terencio','Ridgwell','M',to_date('09-JAN-87','DD-MON-RR'),'tridgwell5y@webeden.co.uk');
Insert into ST52501.MEMBERS (MEMBER_ID,FIRST_NAME,LAST_NAME,GENDER,DOB,EMAIL) values (216,'Armin','Farrier','M',to_date('06-OCT-95','DD-MON-RR'),'afarrier5z@shinystat.com');
Insert into ST52501.MEMBERS (MEMBER_ID,FIRST_NAME,LAST_NAME,GENDER,DOB,EMAIL) values (217,'Emlyn','Cragell','M',to_date('07-MAY-79','DD-MON-RR'),'ecragell60@wix.com');
Insert into ST52501.MEMBERS (MEMBER_ID,FIRST_NAME,LAST_NAME,GENDER,DOB,EMAIL) values (218,'Quinn','Benduhn','F',to_date('30-AUG-90','DD-MON-RR'),'qbenduhn61@booking.com');
Insert into ST52501.MEMBERS (MEMBER_ID,FIRST_NAME,LAST_NAME,GENDER,DOB,EMAIL) values (219,'Peder','Tillett','M',to_date('22-JUN-85','DD-MON-RR'),'ptillett62@aboutads.info');
Insert into ST52501.MEMBERS (MEMBER_ID,FIRST_NAME,LAST_NAME,GENDER,DOB,EMAIL) values (220,'Hadlee','Craigg','M',to_date('03-OCT-95','DD-MON-RR'),'hcraigg63@furl.net');
Insert into ST52501.MEMBERS (MEMBER_ID,FIRST_NAME,LAST_NAME,GENDER,DOB,EMAIL) values (221,'Arnaldo','Ruskin','M',to_date('13-JUN-88','DD-MON-RR'),'aruskin64@fema.gov');
Insert into ST52501.MEMBERS (MEMBER_ID,FIRST_NAME,LAST_NAME,GENDER,DOB,EMAIL) values (222,'Honor','Rolling','F',to_date('12-JUL-76','DD-MON-RR'),'hrolling65@sciencedaily.com');
Insert into ST52501.MEMBERS (MEMBER_ID,FIRST_NAME,LAST_NAME,GENDER,DOB,EMAIL) values (223,'Thoma','Borthwick','M',to_date('03-DEC-72','DD-MON-RR'),'tborthwick66@google.de');
Insert into ST52501.MEMBERS (MEMBER_ID,FIRST_NAME,LAST_NAME,GENDER,DOB,EMAIL) values (224,'Lane','Mitham','F',to_date('15-SEP-70','DD-MON-RR'),'lmitham67@vistaprint.com');
Insert into ST52501.MEMBERS (MEMBER_ID,FIRST_NAME,LAST_NAME,GENDER,DOB,EMAIL) values (225,'Cordelie','Deble','F',to_date('18-JAN-89','DD-MON-RR'),'cdeble68@cpanel.net');
Insert into ST52501.MEMBERS (MEMBER_ID,FIRST_NAME,LAST_NAME,GENDER,DOB,EMAIL) values (226,'Nicolis','Schuelcke','M',to_date('27-OCT-70','DD-MON-RR'),'nschuelcke69@java.com');
Insert into ST52501.MEMBERS (MEMBER_ID,FIRST_NAME,LAST_NAME,GENDER,DOB,EMAIL) values (227,'Leshia','Elman','F',to_date('11-DEC-84','DD-MON-RR'),'lelman6a@bravesites.com');
Insert into ST52501.MEMBERS (MEMBER_ID,FIRST_NAME,LAST_NAME,GENDER,DOB,EMAIL) values (228,'Mariann','Bromage','F',to_date('14-SEP-72','DD-MON-RR'),'mbromage6b@uol.com.br');
Insert into ST52501.MEMBERS (MEMBER_ID,FIRST_NAME,LAST_NAME,GENDER,DOB,EMAIL) values (229,'Lucias','Jaques','M',to_date('11-MAR-89','DD-MON-RR'),'ljaques6c@cnn.com');
Insert into ST52501.MEMBERS (MEMBER_ID,FIRST_NAME,LAST_NAME,GENDER,DOB,EMAIL) values (230,'Lind','Summerfield','F',to_date('05-MAY-95','DD-MON-RR'),'lsummerfield6d@people.com.cn');
Insert into ST52501.MEMBERS (MEMBER_ID,FIRST_NAME,LAST_NAME,GENDER,DOB,EMAIL) values (231,'Rosemonde','Paulsen','F',to_date('13-OCT-92','DD-MON-RR'),'rpaulsen6e@infoseek.co.jp');
Insert into ST52501.MEMBERS (MEMBER_ID,FIRST_NAME,LAST_NAME,GENDER,DOB,EMAIL) values (232,'Flo','Arnowicz','F',to_date('23-NOV-78','DD-MON-RR'),'farnowicz6f@blinklist.com');
Insert into ST52501.MEMBERS (MEMBER_ID,FIRST_NAME,LAST_NAME,GENDER,DOB,EMAIL) values (233,'Merry','Trees','M',to_date('18-JUL-76','DD-MON-RR'),'mtrees6g@about.me');
Insert into ST52501.MEMBERS (MEMBER_ID,FIRST_NAME,LAST_NAME,GENDER,DOB,EMAIL) values (234,'Bealle','Crafter','M',to_date('29-AUG-97','DD-MON-RR'),'bcrafter6h@sakura.ne.jp');
Insert into ST52501.MEMBERS (MEMBER_ID,FIRST_NAME,LAST_NAME,GENDER,DOB,EMAIL) values (235,'Kelsi','Zappel','F',to_date('05-APR-97','DD-MON-RR'),'kzappel6i@360.cn');
Insert into ST52501.MEMBERS (MEMBER_ID,FIRST_NAME,LAST_NAME,GENDER,DOB,EMAIL) values (236,'Shir','Bloomer','F',to_date('07-SEP-83','DD-MON-RR'),'sbloomer6j@etsy.com');
Insert into ST52501.MEMBERS (MEMBER_ID,FIRST_NAME,LAST_NAME,GENDER,DOB,EMAIL) values (237,'Dreddy','Profit','F',to_date('17-DEC-98','DD-MON-RR'),'dprofit6k@example.com');
Insert into ST52501.MEMBERS (MEMBER_ID,FIRST_NAME,LAST_NAME,GENDER,DOB,EMAIL) values (238,'Obie','Jobey','M',to_date('21-OCT-70','DD-MON-RR'),'ojobey6l@soup.io');
Insert into ST52501.MEMBERS (MEMBER_ID,FIRST_NAME,LAST_NAME,GENDER,DOB,EMAIL) values (239,'Efrem','Elen','M',to_date('20-JAN-73','DD-MON-RR'),'eelen6m@skype.com');
Insert into ST52501.MEMBERS (MEMBER_ID,FIRST_NAME,LAST_NAME,GENDER,DOB,EMAIL) values (240,'Moise','Drewett','M',to_date('28-APR-70','DD-MON-RR'),'mdrewett6n@delicious.com');
Insert into ST52501.MEMBERS (MEMBER_ID,FIRST_NAME,LAST_NAME,GENDER,DOB,EMAIL) values (241,'Bram','Lauchlan','M',to_date('20-JUN-98','DD-MON-RR'),'blauchlan6o@theglobeandmail.com');
Insert into ST52501.MEMBERS (MEMBER_ID,FIRST_NAME,LAST_NAME,GENDER,DOB,EMAIL) values (242,'Ofilia','Fairbank','F',to_date('29-JUN-89','DD-MON-RR'),'ofairbank6p@miibeian.gov.cn');
Insert into ST52501.MEMBERS (MEMBER_ID,FIRST_NAME,LAST_NAME,GENDER,DOB,EMAIL) values (243,'Larissa','Scolding','F',to_date('04-JUN-88','DD-MON-RR'),'lscolding6q@illinois.edu');
Insert into ST52501.MEMBERS (MEMBER_ID,FIRST_NAME,LAST_NAME,GENDER,DOB,EMAIL) values (244,'Trula','Marlin','F',to_date('07-FEB-99','DD-MON-RR'),'tmarlin6r@tmall.com');
Insert into ST52501.MEMBERS (MEMBER_ID,FIRST_NAME,LAST_NAME,GENDER,DOB,EMAIL) values (245,'Nicolle','Hayesman','F',to_date('23-MAY-78','DD-MON-RR'),'nhayesman6s@fastcompany.com');
Insert into ST52501.MEMBERS (MEMBER_ID,FIRST_NAME,LAST_NAME,GENDER,DOB,EMAIL) values (246,'Remus','Texton','M',to_date('07-APR-95','DD-MON-RR'),'rtexton6t@freewebs.com');
Insert into ST52501.MEMBERS (MEMBER_ID,FIRST_NAME,LAST_NAME,GENDER,DOB,EMAIL) values (247,'Bev','Duncklee','F',to_date('22-FEB-81','DD-MON-RR'),'bduncklee6u@uiuc.edu');
Insert into ST52501.MEMBERS (MEMBER_ID,FIRST_NAME,LAST_NAME,GENDER,DOB,EMAIL) values (248,'Karrah','Daines','F',to_date('08-MAY-77','DD-MON-RR'),'kdaines6v@themeforest.net');
Insert into ST52501.MEMBERS (MEMBER_ID,FIRST_NAME,LAST_NAME,GENDER,DOB,EMAIL) values (249,'Vanni','Husby','F',to_date('03-MAY-73','DD-MON-RR'),'vhusby6w@archive.org');
Insert into ST52501.MEMBERS (MEMBER_ID,FIRST_NAME,LAST_NAME,GENDER,DOB,EMAIL) values (250,'Munroe','Algie','M',to_date('02-FEB-99','DD-MON-RR'),'malgie6x@comsenz.com');
Insert into ST52501.MEMBERS (MEMBER_ID,FIRST_NAME,LAST_NAME,GENDER,DOB,EMAIL) values (251,'Jacques','Foch','M',to_date('06-SEP-74','DD-MON-RR'),'jfoch6y@rakuten.co.jp');
Insert into ST52501.MEMBERS (MEMBER_ID,FIRST_NAME,LAST_NAME,GENDER,DOB,EMAIL) values (252,'Hugues','Britt','M',to_date('19-SEP-90','DD-MON-RR'),'hbritt6z@edublogs.org');
Insert into ST52501.MEMBERS (MEMBER_ID,FIRST_NAME,LAST_NAME,GENDER,DOB,EMAIL) values (253,'Drake','Founds','M',to_date('22-MAY-99','DD-MON-RR'),'dfounds70@ca.gov');
Insert into ST52501.MEMBERS (MEMBER_ID,FIRST_NAME,LAST_NAME,GENDER,DOB,EMAIL) values (254,'Joelie','Smeuin','F',to_date('23-SEP-79','DD-MON-RR'),'jsmeuin71@cloudflare.com');
Insert into ST52501.MEMBERS (MEMBER_ID,FIRST_NAME,LAST_NAME,GENDER,DOB,EMAIL) values (255,'Dorotea','Biffin','F',to_date('24-JUN-93','DD-MON-RR'),'dbiffin72@goo.ne.jp');
Insert into ST52501.MEMBERS (MEMBER_ID,FIRST_NAME,LAST_NAME,GENDER,DOB,EMAIL) values (256,'Sarge','Arnaldy','M',to_date('01-MAR-76','DD-MON-RR'),'sarnaldy73@dedecms.com');
Insert into ST52501.MEMBERS (MEMBER_ID,FIRST_NAME,LAST_NAME,GENDER,DOB,EMAIL) values (257,'Inness','Ochterlony','M',to_date('15-JAN-79','DD-MON-RR'),'iochterlony74@fda.gov');
Insert into ST52501.MEMBERS (MEMBER_ID,FIRST_NAME,LAST_NAME,GENDER,DOB,EMAIL) values (258,'Anestassia','Cast','F',to_date('20-NOV-76','DD-MON-RR'),'acast75@example.com');
Insert into ST52501.MEMBERS (MEMBER_ID,FIRST_NAME,LAST_NAME,GENDER,DOB,EMAIL) values (259,'Sholom','Akaster','M',to_date('26-MAY-86','DD-MON-RR'),'sakaster76@nytimes.com');
Insert into ST52501.MEMBERS (MEMBER_ID,FIRST_NAME,LAST_NAME,GENDER,DOB,EMAIL) values (260,'Cathrin','Whipp','F',to_date('25-DEC-81','DD-MON-RR'),'cwhipp77@merriam-webster.com');
Insert into ST52501.MEMBERS (MEMBER_ID,FIRST_NAME,LAST_NAME,GENDER,DOB,EMAIL) values (261,'Demetris','Sergant','F',to_date('11-MAY-84','DD-MON-RR'),'dsergant78@bandcamp.com');
Insert into ST52501.MEMBERS (MEMBER_ID,FIRST_NAME,LAST_NAME,GENDER,DOB,EMAIL) values (262,'Dugald','Sans','M',to_date('15-DEC-94','DD-MON-RR'),'dsans79@istockphoto.com');
Insert into ST52501.MEMBERS (MEMBER_ID,FIRST_NAME,LAST_NAME,GENDER,DOB,EMAIL) values (263,'Artemas','Spier','M',to_date('20-SEP-75','DD-MON-RR'),'aspier7a@weebly.com');
Insert into ST52501.MEMBERS (MEMBER_ID,FIRST_NAME,LAST_NAME,GENDER,DOB,EMAIL) values (264,'Shelli','Detoile','F',to_date('06-JAN-97','DD-MON-RR'),'sdetoile7b@blogtalkradio.com');
Insert into ST52501.MEMBERS (MEMBER_ID,FIRST_NAME,LAST_NAME,GENDER,DOB,EMAIL) values (265,'Rickie','Skuse','F',to_date('15-MAY-88','DD-MON-RR'),'rskuse7c@google.ru');
Insert into ST52501.MEMBERS (MEMBER_ID,FIRST_NAME,LAST_NAME,GENDER,DOB,EMAIL) values (266,'Jerrine','Sifflett','F',to_date('26-JUL-71','DD-MON-RR'),'jsifflett7d@ca.gov');
Insert into ST52501.MEMBERS (MEMBER_ID,FIRST_NAME,LAST_NAME,GENDER,DOB,EMAIL) values (267,'Maury','Munehay','M',to_date('29-OCT-99','DD-MON-RR'),'mmunehay7e@over-blog.com');
Insert into ST52501.MEMBERS (MEMBER_ID,FIRST_NAME,LAST_NAME,GENDER,DOB,EMAIL) values (268,'Cordie','Burriss','F',to_date('28-APR-76','DD-MON-RR'),'cburriss7f@netscape.com');
Insert into ST52501.MEMBERS (MEMBER_ID,FIRST_NAME,LAST_NAME,GENDER,DOB,EMAIL) values (269,'Lilah','Colcutt','F',to_date('26-DEC-72','DD-MON-RR'),'lcolcutt7g@tuttocitta.it');
Insert into ST52501.MEMBERS (MEMBER_ID,FIRST_NAME,LAST_NAME,GENDER,DOB,EMAIL) values (270,'Alphard','Lau','M',to_date('29-MAR-76','DD-MON-RR'),'alau7h@istockphoto.com');
Insert into ST52501.MEMBERS (MEMBER_ID,FIRST_NAME,LAST_NAME,GENDER,DOB,EMAIL) values (271,'Cathryn','Chastan','F',to_date('30-OCT-72','DD-MON-RR'),'cchastan7i@google.com');
Insert into ST52501.MEMBERS (MEMBER_ID,FIRST_NAME,LAST_NAME,GENDER,DOB,EMAIL) values (272,'Jackson','Domenicone','M',to_date('14-SEP-82','DD-MON-RR'),'jdomenicone7j@arizona.edu');
Insert into ST52501.MEMBERS (MEMBER_ID,FIRST_NAME,LAST_NAME,GENDER,DOB,EMAIL) values (273,'Lezley','Grindall','M',to_date('04-MAY-72','DD-MON-RR'),'lgrindall7k@auda.org.au');
Insert into ST52501.MEMBERS (MEMBER_ID,FIRST_NAME,LAST_NAME,GENDER,DOB,EMAIL) values (274,'Lucho','Hedgeley','M',to_date('12-MAY-88','DD-MON-RR'),'lhedgeley7l@washingtonpost.com');
Insert into ST52501.MEMBERS (MEMBER_ID,FIRST_NAME,LAST_NAME,GENDER,DOB,EMAIL) values (275,'Ann-marie','Liddington','F',to_date('30-DEC-74','DD-MON-RR'),'aliddington7m@engadget.com');
Insert into ST52501.MEMBERS (MEMBER_ID,FIRST_NAME,LAST_NAME,GENDER,DOB,EMAIL) values (276,'Charline','Hirtz','F',to_date('12-FEB-94','DD-MON-RR'),'chirtz7n@list-manage.com');
Insert into ST52501.MEMBERS (MEMBER_ID,FIRST_NAME,LAST_NAME,GENDER,DOB,EMAIL) values (277,'Elladine','Labitt','F',to_date('29-JAN-83','DD-MON-RR'),'elabitt7o@japanpost.jp');
Insert into ST52501.MEMBERS (MEMBER_ID,FIRST_NAME,LAST_NAME,GENDER,DOB,EMAIL) values (278,'Terra','Dudny','F',to_date('08-OCT-98','DD-MON-RR'),'tdudny7p@1688.com');
Insert into ST52501.MEMBERS (MEMBER_ID,FIRST_NAME,LAST_NAME,GENDER,DOB,EMAIL) values (279,'Loreen','MacAlees','F',to_date('27-DEC-93','DD-MON-RR'),'lmacalees7q@whitehouse.gov');
Insert into ST52501.MEMBERS (MEMBER_ID,FIRST_NAME,LAST_NAME,GENDER,DOB,EMAIL) values (280,'Earle','Huske','M',to_date('17-NOV-81','DD-MON-RR'),'ehuske7r@github.io');
Insert into ST52501.MEMBERS (MEMBER_ID,FIRST_NAME,LAST_NAME,GENDER,DOB,EMAIL) values (281,'Astra','Westphalen','F',to_date('05-MAY-80','DD-MON-RR'),'awestphalen7s@senate.gov');
Insert into ST52501.MEMBERS (MEMBER_ID,FIRST_NAME,LAST_NAME,GENDER,DOB,EMAIL) values (282,'Ricca','Riccardelli','F',to_date('19-DEC-91','DD-MON-RR'),'rriccardelli7t@yahoo.co.jp');
Insert into ST52501.MEMBERS (MEMBER_ID,FIRST_NAME,LAST_NAME,GENDER,DOB,EMAIL) values (283,'Kara-lynn','Chelsom','F',to_date('13-SEP-75','DD-MON-RR'),'kchelsom7u@dion.ne.jp');
Insert into ST52501.MEMBERS (MEMBER_ID,FIRST_NAME,LAST_NAME,GENDER,DOB,EMAIL) values (284,'Bria','Aggs','F',to_date('14-AUG-98','DD-MON-RR'),'baggs7v@discovery.com');
Insert into ST52501.MEMBERS (MEMBER_ID,FIRST_NAME,LAST_NAME,GENDER,DOB,EMAIL) values (285,'Harriott','Rolston','F',to_date('14-JAN-78','DD-MON-RR'),'hrolston7w@cam.ac.uk');
Insert into ST52501.MEMBERS (MEMBER_ID,FIRST_NAME,LAST_NAME,GENDER,DOB,EMAIL) values (286,'Reggis','Fanning','M',to_date('03-MAR-86','DD-MON-RR'),'rfanning7x@wikimedia.org');
Insert into ST52501.MEMBERS (MEMBER_ID,FIRST_NAME,LAST_NAME,GENDER,DOB,EMAIL) values (287,'Wynn','Kobpal','M',to_date('28-OCT-97','DD-MON-RR'),'wkobpal7y@irs.gov');
Insert into ST52501.MEMBERS (MEMBER_ID,FIRST_NAME,LAST_NAME,GENDER,DOB,EMAIL) values (288,'Nobe','Gilmartin','M',to_date('01-JAN-89','DD-MON-RR'),'ngilmartin7z@odnoklassniki.ru');
Insert into ST52501.MEMBERS (MEMBER_ID,FIRST_NAME,LAST_NAME,GENDER,DOB,EMAIL) values (289,'Barbey','Stovin','F',to_date('04-JUN-98','DD-MON-RR'),'bstovin80@ft.com');
Insert into ST52501.MEMBERS (MEMBER_ID,FIRST_NAME,LAST_NAME,GENDER,DOB,EMAIL) values (290,'Kirstin','Bottell','F',to_date('01-DEC-79','DD-MON-RR'),'kbottell81@washington.edu');
Insert into ST52501.MEMBERS (MEMBER_ID,FIRST_NAME,LAST_NAME,GENDER,DOB,EMAIL) values (291,'Oriana','Georgievski','F',to_date('08-MAY-82','DD-MON-RR'),'ogeorgievski82@blinklist.com');
Insert into ST52501.MEMBERS (MEMBER_ID,FIRST_NAME,LAST_NAME,GENDER,DOB,EMAIL) values (292,'Raquel','Brookhouse','F',to_date('10-NOV-75','DD-MON-RR'),'rbrookhouse83@163.com');
Insert into ST52501.MEMBERS (MEMBER_ID,FIRST_NAME,LAST_NAME,GENDER,DOB,EMAIL) values (293,'Ebba','Baraclough','F',to_date('09-APR-86','DD-MON-RR'),'ebaraclough84@unblog.fr');
Insert into ST52501.MEMBERS (MEMBER_ID,FIRST_NAME,LAST_NAME,GENDER,DOB,EMAIL) values (294,'Marjie','Pinkie','F',to_date('07-NOV-83','DD-MON-RR'),'mpinkie85@mail.ru');
Insert into ST52501.MEMBERS (MEMBER_ID,FIRST_NAME,LAST_NAME,GENDER,DOB,EMAIL) values (295,'Beau','Guinan','M',to_date('17-MAR-78','DD-MON-RR'),'bguinan86@so-net.ne.jp');
Insert into ST52501.MEMBERS (MEMBER_ID,FIRST_NAME,LAST_NAME,GENDER,DOB,EMAIL) values (296,'Aubert','Phoebe','M',to_date('22-NOV-80','DD-MON-RR'),'aphoebe87@mozilla.com');
Insert into ST52501.MEMBERS (MEMBER_ID,FIRST_NAME,LAST_NAME,GENDER,DOB,EMAIL) values (297,'Jard','Harrap','M',to_date('27-AUG-83','DD-MON-RR'),'jharrap88@trellian.com');
Insert into ST52501.MEMBERS (MEMBER_ID,FIRST_NAME,LAST_NAME,GENDER,DOB,EMAIL) values (298,'Woodrow','Moyes','M',to_date('22-FEB-85','DD-MON-RR'),'wmoyes89@github.io');
Insert into ST52501.MEMBERS (MEMBER_ID,FIRST_NAME,LAST_NAME,GENDER,DOB,EMAIL) values (299,'Darby','Anmore','M',to_date('19-JAN-98','DD-MON-RR'),'danmore8a@icio.us');
Insert into ST52501.MEMBERS (MEMBER_ID,FIRST_NAME,LAST_NAME,GENDER,DOB,EMAIL) values (300,'Marya','Kunkel','F',to_date('30-AUG-80','DD-MON-RR'),'mkunkel8b@adobe.com');
Insert into ST52501.MEMBERS (MEMBER_ID,FIRST_NAME,LAST_NAME,GENDER,DOB,EMAIL) values (301,'Baillie','Reicherz','M',to_date('11-FEB-98','DD-MON-RR'),'breicherz8c@ehow.com');
Insert into ST52501.MEMBERS (MEMBER_ID,FIRST_NAME,LAST_NAME,GENDER,DOB,EMAIL) values (302,'Sergeant','Guirard','M',to_date('24-OCT-70','DD-MON-RR'),'sguirard8d@yelp.com');
Insert into ST52501.MEMBERS (MEMBER_ID,FIRST_NAME,LAST_NAME,GENDER,DOB,EMAIL) values (303,'Camella','Feifer','F',to_date('18-JAN-90','DD-MON-RR'),'cfeifer8e@fastcompany.com');
Insert into ST52501.MEMBERS (MEMBER_ID,FIRST_NAME,LAST_NAME,GENDER,DOB,EMAIL) values (304,'Pavlov','Parmeter','M',to_date('16-JAN-83','DD-MON-RR'),'pparmeter8f@com.com');
Insert into ST52501.MEMBERS (MEMBER_ID,FIRST_NAME,LAST_NAME,GENDER,DOB,EMAIL) values (305,'Dayna','Sarfatti','F',to_date('31-AUG-72','DD-MON-RR'),'dsarfatti8g@jigsy.com');
Insert into ST52501.MEMBERS (MEMBER_ID,FIRST_NAME,LAST_NAME,GENDER,DOB,EMAIL) values (306,'Nessy','Summerton','F',to_date('10-JAN-89','DD-MON-RR'),'nsummerton8h@cornell.edu');
Insert into ST52501.MEMBERS (MEMBER_ID,FIRST_NAME,LAST_NAME,GENDER,DOB,EMAIL) values (307,'Brittaney','Aymer','F',to_date('10-NOV-81','DD-MON-RR'),'baymer8i@omniture.com');
Insert into ST52501.MEMBERS (MEMBER_ID,FIRST_NAME,LAST_NAME,GENDER,DOB,EMAIL) values (308,'Darin','Gritton','M',to_date('10-MAY-71','DD-MON-RR'),'dgritton8j@simplemachines.org');
Insert into ST52501.MEMBERS (MEMBER_ID,FIRST_NAME,LAST_NAME,GENDER,DOB,EMAIL) values (309,'Kacie','Howatt','F',to_date('29-JUL-70','DD-MON-RR'),'khowatt8k@engadget.com');
Insert into ST52501.MEMBERS (MEMBER_ID,FIRST_NAME,LAST_NAME,GENDER,DOB,EMAIL) values (310,'Brion','Cumberland','M',to_date('09-SEP-79','DD-MON-RR'),'bcumberland8l@census.gov');
Insert into ST52501.MEMBERS (MEMBER_ID,FIRST_NAME,LAST_NAME,GENDER,DOB,EMAIL) values (311,'Peyter','Brattell','M',to_date('11-FEB-91','DD-MON-RR'),'pbrattell8m@uol.com.br');
Insert into ST52501.MEMBERS (MEMBER_ID,FIRST_NAME,LAST_NAME,GENDER,DOB,EMAIL) values (312,'Markos','Glassup','M',to_date('25-APR-97','DD-MON-RR'),'mglassup8n@cnbc.com');
Insert into ST52501.MEMBERS (MEMBER_ID,FIRST_NAME,LAST_NAME,GENDER,DOB,EMAIL) values (313,'Blakeley','Vedenyakin','F',to_date('23-APR-93','DD-MON-RR'),'bvedenyakin8o@angelfire.com');
Insert into ST52501.MEMBERS (MEMBER_ID,FIRST_NAME,LAST_NAME,GENDER,DOB,EMAIL) values (314,'Zita','Ellsbury','F',to_date('05-JUN-92','DD-MON-RR'),'zellsbury8p@google.com.hk');
Insert into ST52501.MEMBERS (MEMBER_ID,FIRST_NAME,LAST_NAME,GENDER,DOB,EMAIL) values (315,'Keen','Lorenzini','M',to_date('12-APR-97','DD-MON-RR'),'klorenzini8q@sourceforge.net');
Insert into ST52501.MEMBERS (MEMBER_ID,FIRST_NAME,LAST_NAME,GENDER,DOB,EMAIL) values (316,'Thayne','Messam','M',to_date('11-AUG-70','DD-MON-RR'),'tmessam8r@mail.ru');
Insert into ST52501.MEMBERS (MEMBER_ID,FIRST_NAME,LAST_NAME,GENDER,DOB,EMAIL) values (317,'Hillyer','Mohan','M',to_date('23-AUG-90','DD-MON-RR'),'hmohan8s@apache.org');
Insert into ST52501.MEMBERS (MEMBER_ID,FIRST_NAME,LAST_NAME,GENDER,DOB,EMAIL) values (318,'Kariotta','Kidsley','F',to_date('25-JUN-98','DD-MON-RR'),'kkidsley8t@cisco.com');
Insert into ST52501.MEMBERS (MEMBER_ID,FIRST_NAME,LAST_NAME,GENDER,DOB,EMAIL) values (319,'Prudi','Jailler','F',to_date('02-DEC-71','DD-MON-RR'),'pjailler8u@latimes.com');
Insert into ST52501.MEMBERS (MEMBER_ID,FIRST_NAME,LAST_NAME,GENDER,DOB,EMAIL) values (320,'Kerrin','Artois','F',to_date('10-JUN-95','DD-MON-RR'),'kartois8v@amazon.de');
Insert into ST52501.MEMBERS (MEMBER_ID,FIRST_NAME,LAST_NAME,GENDER,DOB,EMAIL) values (321,'Martguerita','Barbe','F',to_date('27-AUG-93','DD-MON-RR'),'mbarbe8w@reddit.com');
Insert into ST52501.MEMBERS (MEMBER_ID,FIRST_NAME,LAST_NAME,GENDER,DOB,EMAIL) values (322,'Revkah','Silveston','F',to_date('17-JUL-84','DD-MON-RR'),'rsilveston8x@technorati.com');
Insert into ST52501.MEMBERS (MEMBER_ID,FIRST_NAME,LAST_NAME,GENDER,DOB,EMAIL) values (323,'Llewellyn','Stallard','M',to_date('03-JUL-89','DD-MON-RR'),'lstallard8y@odnoklassniki.ru');
Insert into ST52501.MEMBERS (MEMBER_ID,FIRST_NAME,LAST_NAME,GENDER,DOB,EMAIL) values (324,'Robby','Whitelaw','F',to_date('25-NOV-89','DD-MON-RR'),'rwhitelaw8z@parallels.com');
Insert into ST52501.MEMBERS (MEMBER_ID,FIRST_NAME,LAST_NAME,GENDER,DOB,EMAIL) values (325,'Ryun','Murrow','M',to_date('27-MAY-72','DD-MON-RR'),'rmurrow90@paypal.com');
Insert into ST52501.MEMBERS (MEMBER_ID,FIRST_NAME,LAST_NAME,GENDER,DOB,EMAIL) values (326,'Gavrielle','Gallyon','F',to_date('11-SEP-90','DD-MON-RR'),'ggallyon91@163.com');
Insert into ST52501.MEMBERS (MEMBER_ID,FIRST_NAME,LAST_NAME,GENDER,DOB,EMAIL) values (327,'Ardyth','Drinkwater','F',to_date('17-JUL-84','DD-MON-RR'),'adrinkwater92@comcast.net');
Insert into ST52501.MEMBERS (MEMBER_ID,FIRST_NAME,LAST_NAME,GENDER,DOB,EMAIL) values (328,'Broddie','Gerold','M',to_date('06-AUG-98','DD-MON-RR'),'bgerold93@usatoday.com');
Insert into ST52501.MEMBERS (MEMBER_ID,FIRST_NAME,LAST_NAME,GENDER,DOB,EMAIL) values (329,'Bartram','Vodden','M',to_date('10-DEC-87','DD-MON-RR'),'bvodden94@cyberchimps.com');
Insert into ST52501.MEMBERS (MEMBER_ID,FIRST_NAME,LAST_NAME,GENDER,DOB,EMAIL) values (330,'Burk','Behn','M',to_date('01-NOV-79','DD-MON-RR'),'bbehn95@addtoany.com');
Insert into ST52501.MEMBERS (MEMBER_ID,FIRST_NAME,LAST_NAME,GENDER,DOB,EMAIL) values (331,'Ardath','Fenne','F',to_date('18-APR-95','DD-MON-RR'),'afenne96@shinystat.com');
Insert into ST52501.MEMBERS (MEMBER_ID,FIRST_NAME,LAST_NAME,GENDER,DOB,EMAIL) values (332,'Brendon','Moncarr','M',to_date('05-MAR-84','DD-MON-RR'),'bmoncarr97@ox.ac.uk');
Insert into ST52501.MEMBERS (MEMBER_ID,FIRST_NAME,LAST_NAME,GENDER,DOB,EMAIL) values (333,'Rheba','Halpine','F',to_date('25-MAY-73','DD-MON-RR'),'rhalpine98@delicious.com');
Insert into ST52501.MEMBERS (MEMBER_ID,FIRST_NAME,LAST_NAME,GENDER,DOB,EMAIL) values (334,'Tom','Ivanichev','M',to_date('27-APR-70','DD-MON-RR'),'tivanichev99@yelp.com');
Insert into ST52501.MEMBERS (MEMBER_ID,FIRST_NAME,LAST_NAME,GENDER,DOB,EMAIL) values (335,'Alvy','Luchelli','M',to_date('30-JAN-87','DD-MON-RR'),'aluchelli9a@tuttocitta.it');
Insert into ST52501.MEMBERS (MEMBER_ID,FIRST_NAME,LAST_NAME,GENDER,DOB,EMAIL) values (336,'Shadow','Bruffell','M',to_date('15-NOV-77','DD-MON-RR'),'sbruffell9b@tuttocitta.it');
Insert into ST52501.MEMBERS (MEMBER_ID,FIRST_NAME,LAST_NAME,GENDER,DOB,EMAIL) values (337,'Mara','Oxbury','F',to_date('16-MAY-91','DD-MON-RR'),'moxbury9c@mit.edu');
Insert into ST52501.MEMBERS (MEMBER_ID,FIRST_NAME,LAST_NAME,GENDER,DOB,EMAIL) values (338,'Christine','Gooding','F',to_date('10-MAR-82','DD-MON-RR'),'cgooding9d@time.com');
Insert into ST52501.MEMBERS (MEMBER_ID,FIRST_NAME,LAST_NAME,GENDER,DOB,EMAIL) values (339,'Valida','Aarons','F',to_date('31-OCT-88','DD-MON-RR'),'vaarons9e@cbc.ca');
Insert into ST52501.MEMBERS (MEMBER_ID,FIRST_NAME,LAST_NAME,GENDER,DOB,EMAIL) values (340,'Thorin','Betho','M',to_date('01-FEB-75','DD-MON-RR'),'tbetho9f@wunderground.com');
Insert into ST52501.MEMBERS (MEMBER_ID,FIRST_NAME,LAST_NAME,GENDER,DOB,EMAIL) values (341,'Mattie','More','F',to_date('19-JUN-75','DD-MON-RR'),'mmore9g@forbes.com');
Insert into ST52501.MEMBERS (MEMBER_ID,FIRST_NAME,LAST_NAME,GENDER,DOB,EMAIL) values (342,'Isaiah','Arnecke','M',to_date('31-OCT-90','DD-MON-RR'),'iarnecke9h@prnewswire.com');
Insert into ST52501.MEMBERS (MEMBER_ID,FIRST_NAME,LAST_NAME,GENDER,DOB,EMAIL) values (343,'Annabela','Gilbride','F',to_date('15-JUN-79','DD-MON-RR'),'agilbride9i@nationalgeographic.com');
Insert into ST52501.MEMBERS (MEMBER_ID,FIRST_NAME,LAST_NAME,GENDER,DOB,EMAIL) values (344,'Yettie','Kuhnert','F',to_date('17-AUG-73','DD-MON-RR'),'ykuhnert9j@cbc.ca');
Insert into ST52501.MEMBERS (MEMBER_ID,FIRST_NAME,LAST_NAME,GENDER,DOB,EMAIL) values (345,'Dreddy','Allwell','F',to_date('29-JUN-79','DD-MON-RR'),'dallwell9k@quantcast.com');
Insert into ST52501.MEMBERS (MEMBER_ID,FIRST_NAME,LAST_NAME,GENDER,DOB,EMAIL) values (346,'Ernaline','Albone','F',to_date('27-APR-73','DD-MON-RR'),'ealbone9l@opera.com');
Insert into ST52501.MEMBERS (MEMBER_ID,FIRST_NAME,LAST_NAME,GENDER,DOB,EMAIL) values (347,'Loraine','Ricciardo','F',to_date('26-APR-97','DD-MON-RR'),'lricciardo9m@topsy.com');
Insert into ST52501.MEMBERS (MEMBER_ID,FIRST_NAME,LAST_NAME,GENDER,DOB,EMAIL) values (348,'Jobye','Yeaman','F',to_date('26-JUN-78','DD-MON-RR'),'jyeaman9n@skype.com');
Insert into ST52501.MEMBERS (MEMBER_ID,FIRST_NAME,LAST_NAME,GENDER,DOB,EMAIL) values (349,'Erny','Pritty','M',to_date('25-DEC-95','DD-MON-RR'),'epritty9o@va.gov');
Insert into ST52501.MEMBERS (MEMBER_ID,FIRST_NAME,LAST_NAME,GENDER,DOB,EMAIL) values (350,'Josi','Jayes','F',to_date('14-SEP-81','DD-MON-RR'),'jjayes9p@uol.com.br');
Insert into ST52501.MEMBERS (MEMBER_ID,FIRST_NAME,LAST_NAME,GENDER,DOB,EMAIL) values (351,'Jackelyn','Wheble','F',to_date('13-MAR-88','DD-MON-RR'),'jwheble9q@ox.ac.uk');
Insert into ST52501.MEMBERS (MEMBER_ID,FIRST_NAME,LAST_NAME,GENDER,DOB,EMAIL) values (352,'Alicea','Skains','F',to_date('09-NOV-81','DD-MON-RR'),'askains9r@google.es');
Insert into ST52501.MEMBERS (MEMBER_ID,FIRST_NAME,LAST_NAME,GENDER,DOB,EMAIL) values (353,'Knox','Bateson','M',to_date('25-OCT-80','DD-MON-RR'),'kbateson9s@ed.gov');
Insert into ST52501.MEMBERS (MEMBER_ID,FIRST_NAME,LAST_NAME,GENDER,DOB,EMAIL) values (354,'Guglielmo','Meaton','M',to_date('09-DEC-71','DD-MON-RR'),'gmeaton9t@behance.net');
Insert into ST52501.MEMBERS (MEMBER_ID,FIRST_NAME,LAST_NAME,GENDER,DOB,EMAIL) values (355,'Kania','Coddington','F',to_date('29-JUL-91','DD-MON-RR'),'kcoddington9u@mtv.com');
Insert into ST52501.MEMBERS (MEMBER_ID,FIRST_NAME,LAST_NAME,GENDER,DOB,EMAIL) values (356,'Oswell','Drever','M',to_date('03-NOV-72','DD-MON-RR'),'odrever9v@sbwire.com');
Insert into ST52501.MEMBERS (MEMBER_ID,FIRST_NAME,LAST_NAME,GENDER,DOB,EMAIL) values (357,'Court','Hunter','M',to_date('29-AUG-94','DD-MON-RR'),'chunter9w@apple.com');
Insert into ST52501.MEMBERS (MEMBER_ID,FIRST_NAME,LAST_NAME,GENDER,DOB,EMAIL) values (358,'Louise','McVittie','F',to_date('02-APR-84','DD-MON-RR'),'lmcvittie9x@taobao.com');
Insert into ST52501.MEMBERS (MEMBER_ID,FIRST_NAME,LAST_NAME,GENDER,DOB,EMAIL) values (359,'Gardner','Lilleman','M',to_date('27-FEB-91','DD-MON-RR'),'glilleman9y@trellian.com');
Insert into ST52501.MEMBERS (MEMBER_ID,FIRST_NAME,LAST_NAME,GENDER,DOB,EMAIL) values (360,'Modesty','McCarl','F',to_date('11-MAY-73','DD-MON-RR'),'mmccarl9z@ameblo.jp');
Insert into ST52501.MEMBERS (MEMBER_ID,FIRST_NAME,LAST_NAME,GENDER,DOB,EMAIL) values (361,'Cassie','Forsdyke','F',to_date('18-MAY-92','DD-MON-RR'),'cforsdykea0@blogtalkradio.com');
Insert into ST52501.MEMBERS (MEMBER_ID,FIRST_NAME,LAST_NAME,GENDER,DOB,EMAIL) values (362,'Alis','Loiterton','F',to_date('05-APR-93','DD-MON-RR'),'aloitertona1@etsy.com');
Insert into ST52501.MEMBERS (MEMBER_ID,FIRST_NAME,LAST_NAME,GENDER,DOB,EMAIL) values (363,'Annice','Caines','F',to_date('08-APR-85','DD-MON-RR'),'acainesa2@phoca.cz');
Insert into ST52501.MEMBERS (MEMBER_ID,FIRST_NAME,LAST_NAME,GENDER,DOB,EMAIL) values (364,'Magnum','Papworth','M',to_date('15-DEC-83','DD-MON-RR'),'mpapwortha3@zimbio.com');
Insert into ST52501.MEMBERS (MEMBER_ID,FIRST_NAME,LAST_NAME,GENDER,DOB,EMAIL) values (365,'Hardy','Krugmann','M',to_date('05-JAN-79','DD-MON-RR'),'hkrugmanna4@artisteer.com');
Insert into ST52501.MEMBERS (MEMBER_ID,FIRST_NAME,LAST_NAME,GENDER,DOB,EMAIL) values (366,'Flynn','Tidey','M',to_date('29-DEC-94','DD-MON-RR'),'ftideya5@joomla.org');
Insert into ST52501.MEMBERS (MEMBER_ID,FIRST_NAME,LAST_NAME,GENDER,DOB,EMAIL) values (367,'Leonie','Goretti','F',to_date('09-MAY-82','DD-MON-RR'),'lgorettia6@furl.net');
Insert into ST52501.MEMBERS (MEMBER_ID,FIRST_NAME,LAST_NAME,GENDER,DOB,EMAIL) values (368,'Billye','Poor','F',to_date('03-OCT-80','DD-MON-RR'),'bpoora7@e-recht24.de');
Insert into ST52501.MEMBERS (MEMBER_ID,FIRST_NAME,LAST_NAME,GENDER,DOB,EMAIL) values (369,'Daloris','Filde','F',to_date('29-MAY-90','DD-MON-RR'),'dfildea8@webmd.com');
Insert into ST52501.MEMBERS (MEMBER_ID,FIRST_NAME,LAST_NAME,GENDER,DOB,EMAIL) values (370,'Bertrand','Yoslowitz','M',to_date('26-JUN-75','DD-MON-RR'),'byoslowitza9@i2i.jp');
Insert into ST52501.MEMBERS (MEMBER_ID,FIRST_NAME,LAST_NAME,GENDER,DOB,EMAIL) values (371,'Abey','Abdy','M',to_date('22-NOV-93','DD-MON-RR'),'aabdyaa@mlb.com');
Insert into ST52501.MEMBERS (MEMBER_ID,FIRST_NAME,LAST_NAME,GENDER,DOB,EMAIL) values (372,'Tani','Meas','F',to_date('27-NOV-96','DD-MON-RR'),'tmeasab@a8.net');
Insert into ST52501.MEMBERS (MEMBER_ID,FIRST_NAME,LAST_NAME,GENDER,DOB,EMAIL) values (373,'Julianne','Edel','F',to_date('28-JUL-74','DD-MON-RR'),'jedelac@printfriendly.com');
Insert into ST52501.MEMBERS (MEMBER_ID,FIRST_NAME,LAST_NAME,GENDER,DOB,EMAIL) values (374,'Hunt','Digan','M',to_date('26-SEP-81','DD-MON-RR'),'hdiganad@walmart.com');
Insert into ST52501.MEMBERS (MEMBER_ID,FIRST_NAME,LAST_NAME,GENDER,DOB,EMAIL) values (375,'Carter','Litterick','M',to_date('26-OCT-71','DD-MON-RR'),'clitterickae@java.com');
Insert into ST52501.MEMBERS (MEMBER_ID,FIRST_NAME,LAST_NAME,GENDER,DOB,EMAIL) values (376,'Adam','Colebeck','M',to_date('10-DEC-78','DD-MON-RR'),'acolebeckaf@prnewswire.com');
Insert into ST52501.MEMBERS (MEMBER_ID,FIRST_NAME,LAST_NAME,GENDER,DOB,EMAIL) values (377,'Conrade','Egginton','M',to_date('17-JUN-72','DD-MON-RR'),'ceggintonag@1und1.de');
Insert into ST52501.MEMBERS (MEMBER_ID,FIRST_NAME,LAST_NAME,GENDER,DOB,EMAIL) values (378,'Eric','Crutch','M',to_date('23-NOV-88','DD-MON-RR'),'ecrutchah@gmpg.org');
Insert into ST52501.MEMBERS (MEMBER_ID,FIRST_NAME,LAST_NAME,GENDER,DOB,EMAIL) values (379,'Bea','Beaufoy','F',to_date('15-OCT-77','DD-MON-RR'),'bbeaufoyai@sitemeter.com');
Insert into ST52501.MEMBERS (MEMBER_ID,FIRST_NAME,LAST_NAME,GENDER,DOB,EMAIL) values (380,'Brier','MacCrackan','F',to_date('26-OCT-89','DD-MON-RR'),'bmaccrackanaj@ifeng.com');
Insert into ST52501.MEMBERS (MEMBER_ID,FIRST_NAME,LAST_NAME,GENDER,DOB,EMAIL) values (381,'Nataline','Bushrod','F',to_date('15-MAR-76','DD-MON-RR'),'nbushrodak@amazon.de');
Insert into ST52501.MEMBERS (MEMBER_ID,FIRST_NAME,LAST_NAME,GENDER,DOB,EMAIL) values (382,'Nikolia','Louch','F',to_date('07-JUN-80','DD-MON-RR'),'nlouchal@example.com');
Insert into ST52501.MEMBERS (MEMBER_ID,FIRST_NAME,LAST_NAME,GENDER,DOB,EMAIL) values (383,'King','Champneys','M',to_date('24-MAY-81','DD-MON-RR'),'kchampneysam@jimdo.com');
Insert into ST52501.MEMBERS (MEMBER_ID,FIRST_NAME,LAST_NAME,GENDER,DOB,EMAIL) values (384,'Norina','O''Caine','F',to_date('03-OCT-80','DD-MON-RR'),'nocainean@tuttocitta.it');
Insert into ST52501.MEMBERS (MEMBER_ID,FIRST_NAME,LAST_NAME,GENDER,DOB,EMAIL) values (385,'Karim','Barnardo','M',to_date('19-JUN-90','DD-MON-RR'),'kbarnardoao@51.la');
Insert into ST52501.MEMBERS (MEMBER_ID,FIRST_NAME,LAST_NAME,GENDER,DOB,EMAIL) values (386,'Tanitansy','O''Carrol','F',to_date('30-OCT-82','DD-MON-RR'),'tocarrolap@artisteer.com');
Insert into ST52501.MEMBERS (MEMBER_ID,FIRST_NAME,LAST_NAME,GENDER,DOB,EMAIL) values (387,'Jacky','Bettesworth','F',to_date('28-NOV-92','DD-MON-RR'),'jbettesworthaq@washingtonpost.com');
Insert into ST52501.MEMBERS (MEMBER_ID,FIRST_NAME,LAST_NAME,GENDER,DOB,EMAIL) values (388,'Valentia','Petrello','F',to_date('25-JUN-99','DD-MON-RR'),'vpetrelloar@sun.com');
Insert into ST52501.MEMBERS (MEMBER_ID,FIRST_NAME,LAST_NAME,GENDER,DOB,EMAIL) values (643,'Say','Clyburn','M',to_date('06-APR-92','DD-MON-RR'),'sclyburnhu@amazon.de');
Insert into ST52501.MEMBERS (MEMBER_ID,FIRST_NAME,LAST_NAME,GENDER,DOB,EMAIL) values (644,'Talbert','Jeans','M',to_date('13-NOV-98','DD-MON-RR'),'tjeanshv@i2i.jp');
Insert into ST52501.MEMBERS (MEMBER_ID,FIRST_NAME,LAST_NAME,GENDER,DOB,EMAIL) values (645,'Zorah','Ainscough','F',to_date('06-NOV-77','DD-MON-RR'),'zainscoughhw@macromedia.com');
Insert into ST52501.MEMBERS (MEMBER_ID,FIRST_NAME,LAST_NAME,GENDER,DOB,EMAIL) values (646,'Betsey','Chicco','F',to_date('27-JUN-90','DD-MON-RR'),'bchiccohx@meetup.com');
Insert into ST52501.MEMBERS (MEMBER_ID,FIRST_NAME,LAST_NAME,GENDER,DOB,EMAIL) values (647,'James','McFadin','M',to_date('01-FEB-74','DD-MON-RR'),'jmcfadinhy@parallels.com');
Insert into ST52501.MEMBERS (MEMBER_ID,FIRST_NAME,LAST_NAME,GENDER,DOB,EMAIL) values (648,'Jeffie','Belbin','M',to_date('26-JUN-75','DD-MON-RR'),'jbelbinhz@twitter.com');
Insert into ST52501.MEMBERS (MEMBER_ID,FIRST_NAME,LAST_NAME,GENDER,DOB,EMAIL) values (649,'Clyde','Hast','M',to_date('04-FEB-85','DD-MON-RR'),'chasti0@alexa.com');
Insert into ST52501.MEMBERS (MEMBER_ID,FIRST_NAME,LAST_NAME,GENDER,DOB,EMAIL) values (650,'Ingunna','Rablen','F',to_date('21-NOV-96','DD-MON-RR'),'irableni1@gravatar.com');
Insert into ST52501.MEMBERS (MEMBER_ID,FIRST_NAME,LAST_NAME,GENDER,DOB,EMAIL) values (651,'Hedwig','Clougher','F',to_date('17-APR-78','DD-MON-RR'),'hclougheri2@tripadvisor.com');
Insert into ST52501.MEMBERS (MEMBER_ID,FIRST_NAME,LAST_NAME,GENDER,DOB,EMAIL) values (652,'Albina','Greir','F',to_date('06-DEC-98','DD-MON-RR'),'agreiri3@salon.com');
Insert into ST52501.MEMBERS (MEMBER_ID,FIRST_NAME,LAST_NAME,GENDER,DOB,EMAIL) values (653,'Abagail','Benninck','F',to_date('24-FEB-81','DD-MON-RR'),'abennincki4@ucla.edu');
Insert into ST52501.MEMBERS (MEMBER_ID,FIRST_NAME,LAST_NAME,GENDER,DOB,EMAIL) values (654,'Joshia','Crimmins','M',to_date('01-NOV-75','DD-MON-RR'),'jcrimminsi5@1688.com');
Insert into ST52501.MEMBERS (MEMBER_ID,FIRST_NAME,LAST_NAME,GENDER,DOB,EMAIL) values (655,'Benoite','Duggen','F',to_date('31-MAY-77','DD-MON-RR'),'bduggeni6@hhs.gov');
Insert into ST52501.MEMBERS (MEMBER_ID,FIRST_NAME,LAST_NAME,GENDER,DOB,EMAIL) values (656,'Lotte','Chappel','F',to_date('12-MAY-89','DD-MON-RR'),'lchappeli7@cam.ac.uk');
Insert into ST52501.MEMBERS (MEMBER_ID,FIRST_NAME,LAST_NAME,GENDER,DOB,EMAIL) values (657,'Wini','Tallow','F',to_date('28-SEP-87','DD-MON-RR'),'wtallowi8@t.co');
Insert into ST52501.MEMBERS (MEMBER_ID,FIRST_NAME,LAST_NAME,GENDER,DOB,EMAIL) values (658,'Garreth','Perrett','M',to_date('09-DEC-91','DD-MON-RR'),'gperretti9@ed.gov');
Insert into ST52501.MEMBERS (MEMBER_ID,FIRST_NAME,LAST_NAME,GENDER,DOB,EMAIL) values (659,'Colan','Avrahamoff','M',to_date('08-SEP-73','DD-MON-RR'),'cavrahamoffia@artisteer.com');
Insert into ST52501.MEMBERS (MEMBER_ID,FIRST_NAME,LAST_NAME,GENDER,DOB,EMAIL) values (660,'Pryce','Wilshere','M',to_date('25-JUL-99','DD-MON-RR'),'pwilshereib@newsvine.com');
Insert into ST52501.MEMBERS (MEMBER_ID,FIRST_NAME,LAST_NAME,GENDER,DOB,EMAIL) values (661,'Roxana','Alyukin','F',to_date('27-MAR-84','DD-MON-RR'),'ralyukinic@nsw.gov.au');
Insert into ST52501.MEMBERS (MEMBER_ID,FIRST_NAME,LAST_NAME,GENDER,DOB,EMAIL) values (662,'Imogen','Mulliss','F',to_date('22-MAY-74','DD-MON-RR'),'imullissid@examiner.com');
Insert into ST52501.MEMBERS (MEMBER_ID,FIRST_NAME,LAST_NAME,GENDER,DOB,EMAIL) values (663,'Clarine','Mallinder','F',to_date('05-JAN-81','DD-MON-RR'),'cmallinderie@lulu.com');
Insert into ST52501.MEMBERS (MEMBER_ID,FIRST_NAME,LAST_NAME,GENDER,DOB,EMAIL) values (664,'Filmore','Ditt','M',to_date('24-JUN-70','DD-MON-RR'),'fdittif@netscape.com');
Insert into ST52501.MEMBERS (MEMBER_ID,FIRST_NAME,LAST_NAME,GENDER,DOB,EMAIL) values (665,'Niel','Kenchington','M',to_date('20-AUG-90','DD-MON-RR'),'nkenchingtonig@opensource.org');
Insert into ST52501.MEMBERS (MEMBER_ID,FIRST_NAME,LAST_NAME,GENDER,DOB,EMAIL) values (666,'Ilene','Liffe','F',to_date('21-MAR-85','DD-MON-RR'),'iliffeih@devhub.com');
Insert into ST52501.MEMBERS (MEMBER_ID,FIRST_NAME,LAST_NAME,GENDER,DOB,EMAIL) values (667,'Neille','Borne','F',to_date('07-AUG-75','DD-MON-RR'),'nborneii@amazon.com');
Insert into ST52501.MEMBERS (MEMBER_ID,FIRST_NAME,LAST_NAME,GENDER,DOB,EMAIL) values (668,'Terry','Spenclay','F',to_date('30-APR-97','DD-MON-RR'),'tspenclayij@seattletimes.com');
Insert into ST52501.MEMBERS (MEMBER_ID,FIRST_NAME,LAST_NAME,GENDER,DOB,EMAIL) values (669,'Reg','Spuner','M',to_date('26-JUN-75','DD-MON-RR'),'rspunerik@cbsnews.com');
Insert into ST52501.MEMBERS (MEMBER_ID,FIRST_NAME,LAST_NAME,GENDER,DOB,EMAIL) values (670,'Lynsey','Obey','F',to_date('26-JAN-85','DD-MON-RR'),'lobeyil@pbs.org');
Insert into ST52501.MEMBERS (MEMBER_ID,FIRST_NAME,LAST_NAME,GENDER,DOB,EMAIL) values (671,'Zane','Gladhill','M',to_date('07-AUG-97','DD-MON-RR'),'zgladhillim@dion.ne.jp');
Insert into ST52501.MEMBERS (MEMBER_ID,FIRST_NAME,LAST_NAME,GENDER,DOB,EMAIL) values (672,'Rich','Bilbrook','M',to_date('11-JUL-79','DD-MON-RR'),'rbilbrookin@mapy.cz');
Insert into ST52501.MEMBERS (MEMBER_ID,FIRST_NAME,LAST_NAME,GENDER,DOB,EMAIL) values (673,'Benoit','Donoher','M',to_date('24-NOV-75','DD-MON-RR'),'bdonoherio@indiegogo.com');
Insert into ST52501.MEMBERS (MEMBER_ID,FIRST_NAME,LAST_NAME,GENDER,DOB,EMAIL) values (674,'Bil','Ambrogetti','M',to_date('20-JUN-73','DD-MON-RR'),'bambrogettiip@gmpg.org');
Insert into ST52501.MEMBERS (MEMBER_ID,FIRST_NAME,LAST_NAME,GENDER,DOB,EMAIL) values (675,'Odele','Ray','F',to_date('30-MAY-90','DD-MON-RR'),'orayiq@desdev.cn');
Insert into ST52501.MEMBERS (MEMBER_ID,FIRST_NAME,LAST_NAME,GENDER,DOB,EMAIL) values (676,'Evey','Marklew','F',to_date('17-JAN-76','DD-MON-RR'),'emarklewir@mapy.cz');
Insert into ST52501.MEMBERS (MEMBER_ID,FIRST_NAME,LAST_NAME,GENDER,DOB,EMAIL) values (677,'Carlye','Eilhersen','F',to_date('01-NOV-79','DD-MON-RR'),'ceilhersenis@livejournal.com');
Insert into ST52501.MEMBERS (MEMBER_ID,FIRST_NAME,LAST_NAME,GENDER,DOB,EMAIL) values (678,'York','Radbond','M',to_date('21-JUL-80','DD-MON-RR'),'yradbondit@columbia.edu');
Insert into ST52501.MEMBERS (MEMBER_ID,FIRST_NAME,LAST_NAME,GENDER,DOB,EMAIL) values (679,'Roxie','Fedder','F',to_date('06-DEC-72','DD-MON-RR'),'rfedderiu@washingtonpost.com');
Insert into ST52501.MEMBERS (MEMBER_ID,FIRST_NAME,LAST_NAME,GENDER,DOB,EMAIL) values (680,'Courtnay','Shawdforth','M',to_date('07-MAY-72','DD-MON-RR'),'cshawdforthiv@imdb.com');
Insert into ST52501.MEMBERS (MEMBER_ID,FIRST_NAME,LAST_NAME,GENDER,DOB,EMAIL) values (681,'Slade','Cosgrove','M',to_date('05-AUG-99','DD-MON-RR'),'scosgroveiw@europa.eu');
Insert into ST52501.MEMBERS (MEMBER_ID,FIRST_NAME,LAST_NAME,GENDER,DOB,EMAIL) values (682,'Rickard','Skylett','M',to_date('12-SEP-94','DD-MON-RR'),'rskylettix@pcworld.com');
Insert into ST52501.MEMBERS (MEMBER_ID,FIRST_NAME,LAST_NAME,GENDER,DOB,EMAIL) values (683,'Sibyl','Laugier','F',to_date('03-AUG-84','DD-MON-RR'),'slaugieriy@aol.com');
Insert into ST52501.MEMBERS (MEMBER_ID,FIRST_NAME,LAST_NAME,GENDER,DOB,EMAIL) values (684,'Arleen','Hodge','F',to_date('08-JUN-84','DD-MON-RR'),'ahodgeiz@spiegel.de');
Insert into ST52501.MEMBERS (MEMBER_ID,FIRST_NAME,LAST_NAME,GENDER,DOB,EMAIL) values (685,'Yulma','Happs','M',to_date('02-JUL-90','DD-MON-RR'),'yhappsj0@quantcast.com');
Insert into ST52501.MEMBERS (MEMBER_ID,FIRST_NAME,LAST_NAME,GENDER,DOB,EMAIL) values (686,'Rory','Bourdis','M',to_date('14-JAN-84','DD-MON-RR'),'rbourdisj1@eventbrite.com');
Insert into ST52501.MEMBERS (MEMBER_ID,FIRST_NAME,LAST_NAME,GENDER,DOB,EMAIL) values (687,'Cori','Jouannisson','F',to_date('02-MAR-98','DD-MON-RR'),'cjouannissonj2@bizjournals.com');
Insert into ST52501.MEMBERS (MEMBER_ID,FIRST_NAME,LAST_NAME,GENDER,DOB,EMAIL) values (688,'Moe','Bilton','M',to_date('30-APR-73','DD-MON-RR'),'mbiltonj3@live.com');
Insert into ST52501.MEMBERS (MEMBER_ID,FIRST_NAME,LAST_NAME,GENDER,DOB,EMAIL) values (689,'Jeremias','Keggin','M',to_date('07-FEB-92','DD-MON-RR'),'jkegginj4@adobe.com');
Insert into ST52501.MEMBERS (MEMBER_ID,FIRST_NAME,LAST_NAME,GENDER,DOB,EMAIL) values (690,'Hardy','Sperrett','M',to_date('09-FEB-70','DD-MON-RR'),'hsperrettj5@fema.gov');
Insert into ST52501.MEMBERS (MEMBER_ID,FIRST_NAME,LAST_NAME,GENDER,DOB,EMAIL) values (691,'Anthony','Penwarden','M',to_date('08-NOV-82','DD-MON-RR'),'apenwardenj6@storify.com');
Insert into ST52501.MEMBERS (MEMBER_ID,FIRST_NAME,LAST_NAME,GENDER,DOB,EMAIL) values (692,'Perl','Debrick','F',to_date('14-MAY-70','DD-MON-RR'),'pdebrickj7@ucoz.ru');
Insert into ST52501.MEMBERS (MEMBER_ID,FIRST_NAME,LAST_NAME,GENDER,DOB,EMAIL) values (693,'Kira','Mordie','F',to_date('15-JAN-72','DD-MON-RR'),'kmordiej8@squidoo.com');
Insert into ST52501.MEMBERS (MEMBER_ID,FIRST_NAME,LAST_NAME,GENDER,DOB,EMAIL) values (694,'Nikola','Bilbrooke','M',to_date('09-JUN-76','DD-MON-RR'),'nbilbrookej9@msn.com');
Insert into ST52501.MEMBERS (MEMBER_ID,FIRST_NAME,LAST_NAME,GENDER,DOB,EMAIL) values (695,'Hephzibah','Gronaver','F',to_date('08-MAR-89','DD-MON-RR'),'hgronaverja@harvard.edu');
Insert into ST52501.MEMBERS (MEMBER_ID,FIRST_NAME,LAST_NAME,GENDER,DOB,EMAIL) values (696,'Catrina','Dunlap','F',to_date('15-FEB-92','DD-MON-RR'),'cdunlapjb@sfgate.com');
Insert into ST52501.MEMBERS (MEMBER_ID,FIRST_NAME,LAST_NAME,GENDER,DOB,EMAIL) values (697,'Audie','Bartlomiej','F',to_date('16-JUN-99','DD-MON-RR'),'abartlomiejjc@xrea.com');
Insert into ST52501.MEMBERS (MEMBER_ID,FIRST_NAME,LAST_NAME,GENDER,DOB,EMAIL) values (698,'Ibrahim','Shurville','M',to_date('23-DEC-80','DD-MON-RR'),'ishurvillejd@miibeian.gov.cn');
Insert into ST52501.MEMBERS (MEMBER_ID,FIRST_NAME,LAST_NAME,GENDER,DOB,EMAIL) values (699,'Friedrick','Gissop','M',to_date('09-APR-98','DD-MON-RR'),'fgissopje@lulu.com');
Insert into ST52501.MEMBERS (MEMBER_ID,FIRST_NAME,LAST_NAME,GENDER,DOB,EMAIL) values (700,'Nikolai','Daftor','M',to_date('28-DEC-85','DD-MON-RR'),'ndaftorjf@spotify.com');
Insert into ST52501.MEMBERS (MEMBER_ID,FIRST_NAME,LAST_NAME,GENDER,DOB,EMAIL) values (701,'Lothaire','Feavers','M',to_date('16-DEC-92','DD-MON-RR'),'lfeaversjg@prnewswire.com');
Insert into ST52501.MEMBERS (MEMBER_ID,FIRST_NAME,LAST_NAME,GENDER,DOB,EMAIL) values (702,'Hilliard','McKane','M',to_date('20-JAN-75','DD-MON-RR'),'hmckanejh@yelp.com');
Insert into ST52501.MEMBERS (MEMBER_ID,FIRST_NAME,LAST_NAME,GENDER,DOB,EMAIL) values (703,'Osmond','Berthon','M',to_date('17-JUN-84','DD-MON-RR'),'oberthonji@cloudflare.com');
Insert into ST52501.MEMBERS (MEMBER_ID,FIRST_NAME,LAST_NAME,GENDER,DOB,EMAIL) values (704,'Lissy','Tetlow','F',to_date('25-JUL-78','DD-MON-RR'),'ltetlowjj@usda.gov');
Insert into ST52501.MEMBERS (MEMBER_ID,FIRST_NAME,LAST_NAME,GENDER,DOB,EMAIL) values (705,'Darrel','Neillans','M',to_date('09-MAY-94','DD-MON-RR'),'dneillansjk@oaic.gov.au');
Insert into ST52501.MEMBERS (MEMBER_ID,FIRST_NAME,LAST_NAME,GENDER,DOB,EMAIL) values (706,'Carlina','Castellini','F',to_date('22-DEC-98','DD-MON-RR'),'ccastellinijl@washingtonpost.com');
Insert into ST52501.MEMBERS (MEMBER_ID,FIRST_NAME,LAST_NAME,GENDER,DOB,EMAIL) values (707,'Livvy','Cruttenden','F',to_date('02-SEP-80','DD-MON-RR'),'lcruttendenjm@i2i.jp');
Insert into ST52501.MEMBERS (MEMBER_ID,FIRST_NAME,LAST_NAME,GENDER,DOB,EMAIL) values (708,'Kenny','Boleyn','M',to_date('08-DEC-76','DD-MON-RR'),'kboleynjn@netvibes.com');
Insert into ST52501.MEMBERS (MEMBER_ID,FIRST_NAME,LAST_NAME,GENDER,DOB,EMAIL) values (709,'Junette','Leithgoe','F',to_date('24-APR-70','DD-MON-RR'),'jleithgoejo@github.com');
Insert into ST52501.MEMBERS (MEMBER_ID,FIRST_NAME,LAST_NAME,GENDER,DOB,EMAIL) values (710,'Holly-anne','Carmont','F',to_date('02-APR-92','DD-MON-RR'),'hcarmontjp@mit.edu');
Insert into ST52501.MEMBERS (MEMBER_ID,FIRST_NAME,LAST_NAME,GENDER,DOB,EMAIL) values (711,'Ibrahim','McGeever','M',to_date('10-AUG-98','DD-MON-RR'),'imcgeeverjq@dmoz.org');
Insert into ST52501.MEMBERS (MEMBER_ID,FIRST_NAME,LAST_NAME,GENDER,DOB,EMAIL) values (712,'Dionysus','Kochl','M',to_date('11-JAN-76','DD-MON-RR'),'dkochljr@wix.com');
Insert into ST52501.MEMBERS (MEMBER_ID,FIRST_NAME,LAST_NAME,GENDER,DOB,EMAIL) values (713,'Catharina','Jorioz','F',to_date('02-JAN-80','DD-MON-RR'),'cjoriozjs@china.com.cn');
Insert into ST52501.MEMBERS (MEMBER_ID,FIRST_NAME,LAST_NAME,GENDER,DOB,EMAIL) values (714,'Verile','Cammock','F',to_date('13-JUL-97','DD-MON-RR'),'vcammockjt@slideshare.net');
Insert into ST52501.MEMBERS (MEMBER_ID,FIRST_NAME,LAST_NAME,GENDER,DOB,EMAIL) values (715,'Allie','Lasselle','F',to_date('05-FEB-86','DD-MON-RR'),'alasselleju@whitehouse.gov');
Insert into ST52501.MEMBERS (MEMBER_ID,FIRST_NAME,LAST_NAME,GENDER,DOB,EMAIL) values (716,'Orlan','Scholar','M',to_date('08-OCT-98','DD-MON-RR'),'oscholarjv@goodreads.com');
Insert into ST52501.MEMBERS (MEMBER_ID,FIRST_NAME,LAST_NAME,GENDER,DOB,EMAIL) values (717,'Bear','Redemile','M',to_date('04-APR-91','DD-MON-RR'),'bredemilejw@qq.com');
Insert into ST52501.MEMBERS (MEMBER_ID,FIRST_NAME,LAST_NAME,GENDER,DOB,EMAIL) values (718,'Ralf','Gilberthorpe','M',to_date('21-JUN-79','DD-MON-RR'),'rgilberthorpejx@biblegateway.com');
Insert into ST52501.MEMBERS (MEMBER_ID,FIRST_NAME,LAST_NAME,GENDER,DOB,EMAIL) values (719,'Hedi','MacPharlain','F',to_date('01-DEC-85','DD-MON-RR'),'hmacpharlainjy@shutterfly.com');
Insert into ST52501.MEMBERS (MEMBER_ID,FIRST_NAME,LAST_NAME,GENDER,DOB,EMAIL) values (720,'Udall','Hamsley','M',to_date('13-OCT-74','DD-MON-RR'),'uhamsleyjz@example.com');
Insert into ST52501.MEMBERS (MEMBER_ID,FIRST_NAME,LAST_NAME,GENDER,DOB,EMAIL) values (721,'Priscilla','Sheal','F',to_date('27-FEB-84','DD-MON-RR'),'pshealk0@xinhuanet.com');
Insert into ST52501.MEMBERS (MEMBER_ID,FIRST_NAME,LAST_NAME,GENDER,DOB,EMAIL) values (722,'Theodosia','Macieiczyk','F',to_date('26-JUN-86','DD-MON-RR'),'tmacieiczykk1@ucla.edu');
Insert into ST52501.MEMBERS (MEMBER_ID,FIRST_NAME,LAST_NAME,GENDER,DOB,EMAIL) values (723,'Gaynor','McColgan','F',to_date('13-APR-78','DD-MON-RR'),'gmccolgank2@yahoo.co.jp');
Insert into ST52501.MEMBERS (MEMBER_ID,FIRST_NAME,LAST_NAME,GENDER,DOB,EMAIL) values (724,'Ted','Cluett','M',to_date('17-JAN-74','DD-MON-RR'),'tcluettk3@comcast.net');
Insert into ST52501.MEMBERS (MEMBER_ID,FIRST_NAME,LAST_NAME,GENDER,DOB,EMAIL) values (725,'Gun','Tyre','M',to_date('23-SEP-82','DD-MON-RR'),'gtyrek4@java.com');
Insert into ST52501.MEMBERS (MEMBER_ID,FIRST_NAME,LAST_NAME,GENDER,DOB,EMAIL) values (726,'Jacinda','Lawlan','F',to_date('17-OCT-72','DD-MON-RR'),'jlawlank5@cnet.com');
Insert into ST52501.MEMBERS (MEMBER_ID,FIRST_NAME,LAST_NAME,GENDER,DOB,EMAIL) values (727,'Mair','Dockwray','F',to_date('29-MAY-87','DD-MON-RR'),'mdockwrayk6@addthis.com');
Insert into ST52501.MEMBERS (MEMBER_ID,FIRST_NAME,LAST_NAME,GENDER,DOB,EMAIL) values (728,'Hinze','Boake','M',to_date('20-MAY-86','DD-MON-RR'),'hboakek7@toplist.cz');
Insert into ST52501.MEMBERS (MEMBER_ID,FIRST_NAME,LAST_NAME,GENDER,DOB,EMAIL) values (729,'Zach','Sanbrooke','M',to_date('09-MAY-91','DD-MON-RR'),'zsanbrookek8@google.fr');
Insert into ST52501.MEMBERS (MEMBER_ID,FIRST_NAME,LAST_NAME,GENDER,DOB,EMAIL) values (730,'Ryon','Bagworth','M',to_date('17-JUL-98','DD-MON-RR'),'rbagworthk9@ed.gov');
Insert into ST52501.MEMBERS (MEMBER_ID,FIRST_NAME,LAST_NAME,GENDER,DOB,EMAIL) values (731,'Avrom','Brasseur','M',to_date('20-FEB-98','DD-MON-RR'),'abrasseurka@latimes.com');
Insert into ST52501.MEMBERS (MEMBER_ID,FIRST_NAME,LAST_NAME,GENDER,DOB,EMAIL) values (732,'Roberta','Klimpt','F',to_date('24-OCT-83','DD-MON-RR'),'rklimptkb@hexun.com');
Insert into ST52501.MEMBERS (MEMBER_ID,FIRST_NAME,LAST_NAME,GENDER,DOB,EMAIL) values (733,'Borg','Hanbidge','M',to_date('14-JUL-97','DD-MON-RR'),'bhanbidgekc@instagram.com');
Insert into ST52501.MEMBERS (MEMBER_ID,FIRST_NAME,LAST_NAME,GENDER,DOB,EMAIL) values (734,'Arlan','Spradbrow','M',to_date('07-APR-98','DD-MON-RR'),'aspradbrowkd@washingtonpost.com');
Insert into ST52501.MEMBERS (MEMBER_ID,FIRST_NAME,LAST_NAME,GENDER,DOB,EMAIL) values (735,'Lucina','Jaze','F',to_date('08-MAR-82','DD-MON-RR'),'ljazeke@moonfruit.com');
Insert into ST52501.MEMBERS (MEMBER_ID,FIRST_NAME,LAST_NAME,GENDER,DOB,EMAIL) values (736,'Northrop','Eyckelbeck','M',to_date('17-SEP-82','DD-MON-RR'),'neyckelbeckkf@is.gd');
Insert into ST52501.MEMBERS (MEMBER_ID,FIRST_NAME,LAST_NAME,GENDER,DOB,EMAIL) values (737,'Claudette','Swynfen','F',to_date('30-AUG-86','DD-MON-RR'),'cswynfenkg@wordpress.org');
Insert into ST52501.MEMBERS (MEMBER_ID,FIRST_NAME,LAST_NAME,GENDER,DOB,EMAIL) values (738,'Gustaf','Golledge','M',to_date('12-SEP-87','DD-MON-RR'),'ggolledgekh@npr.org');
Insert into ST52501.MEMBERS (MEMBER_ID,FIRST_NAME,LAST_NAME,GENDER,DOB,EMAIL) values (739,'Gavan','Simioli','M',to_date('22-JAN-75','DD-MON-RR'),'gsimioliki@comsenz.com');
Insert into ST52501.MEMBERS (MEMBER_ID,FIRST_NAME,LAST_NAME,GENDER,DOB,EMAIL) values (740,'Janifer','Goodfellowe','F',to_date('29-AUG-74','DD-MON-RR'),'jgoodfellowekj@topsy.com');
Insert into ST52501.MEMBERS (MEMBER_ID,FIRST_NAME,LAST_NAME,GENDER,DOB,EMAIL) values (741,'Leigh','Arcase','F',to_date('01-SEP-81','DD-MON-RR'),'larcasekk@artisteer.com');
Insert into ST52501.MEMBERS (MEMBER_ID,FIRST_NAME,LAST_NAME,GENDER,DOB,EMAIL) values (742,'Burty','Dawidowicz','M',to_date('24-MAY-86','DD-MON-RR'),'bdawidowiczkl@microsoft.com');
Insert into ST52501.MEMBERS (MEMBER_ID,FIRST_NAME,LAST_NAME,GENDER,DOB,EMAIL) values (743,'Gabriel','Pinnick','F',to_date('10-MAR-85','DD-MON-RR'),'gpinnickkm@miitbeian.gov.cn');
Insert into ST52501.MEMBERS (MEMBER_ID,FIRST_NAME,LAST_NAME,GENDER,DOB,EMAIL) values (745,'Cam','Trevance','F',to_date('22-FEB-90','DD-MON-RR'),'ctrevanceko@craigslist.org');
Insert into ST52501.MEMBERS (MEMBER_ID,FIRST_NAME,LAST_NAME,GENDER,DOB,EMAIL) values (746,'Connie','Carrack','M',to_date('31-JAN-88','DD-MON-RR'),'ccarrackkp@istockphoto.com');
Insert into ST52501.MEMBERS (MEMBER_ID,FIRST_NAME,LAST_NAME,GENDER,DOB,EMAIL) values (747,'Charlotta','Robertet','F',to_date('22-JUL-90','DD-MON-RR'),'crobertetkq@surveymonkey.com');
Insert into ST52501.MEMBERS (MEMBER_ID,FIRST_NAME,LAST_NAME,GENDER,DOB,EMAIL) values (748,'Harald','Bleibaum','M',to_date('01-JAN-77','DD-MON-RR'),'hbleibaumkr@noaa.gov');
Insert into ST52501.MEMBERS (MEMBER_ID,FIRST_NAME,LAST_NAME,GENDER,DOB,EMAIL) values (749,'Devina','Nesbit','F',to_date('06-APR-75','DD-MON-RR'),'dnesbitks@nbcnews.com');
Insert into ST52501.MEMBERS (MEMBER_ID,FIRST_NAME,LAST_NAME,GENDER,DOB,EMAIL) values (750,'Laure','Cotterrill','F',to_date('15-MAR-75','DD-MON-RR'),'lcotterrillkt@google.com.hk');
Insert into ST52501.MEMBERS (MEMBER_ID,FIRST_NAME,LAST_NAME,GENDER,DOB,EMAIL) values (751,'Natalina','Quadri','F',to_date('27-MAY-81','DD-MON-RR'),'nquadriku@booking.com');
Insert into ST52501.MEMBERS (MEMBER_ID,FIRST_NAME,LAST_NAME,GENDER,DOB,EMAIL) values (752,'Debra','Aveling','F',to_date('29-JAN-70','DD-MON-RR'),'davelingkv@sogou.com');
Insert into ST52501.MEMBERS (MEMBER_ID,FIRST_NAME,LAST_NAME,GENDER,DOB,EMAIL) values (753,'Ferdinand','Leggon','M',to_date('22-OCT-98','DD-MON-RR'),'fleggonkw@nydailynews.com');
Insert into ST52501.MEMBERS (MEMBER_ID,FIRST_NAME,LAST_NAME,GENDER,DOB,EMAIL) values (754,'Gerrie','Klimmek','M',to_date('20-JUL-91','DD-MON-RR'),'gklimmekkx@patch.com');
Insert into ST52501.MEMBERS (MEMBER_ID,FIRST_NAME,LAST_NAME,GENDER,DOB,EMAIL) values (755,'Maryellen','Sainer','F',to_date('28-JAN-91','DD-MON-RR'),'msainerky@psu.edu');
Insert into ST52501.MEMBERS (MEMBER_ID,FIRST_NAME,LAST_NAME,GENDER,DOB,EMAIL) values (756,'Tamar','De Bischop','F',to_date('09-DEC-70','DD-MON-RR'),'tdebischopkz@cam.ac.uk');
Insert into ST52501.MEMBERS (MEMBER_ID,FIRST_NAME,LAST_NAME,GENDER,DOB,EMAIL) values (757,'Romain','Oldred','M',to_date('17-DEC-98','DD-MON-RR'),'roldredl0@telegraph.co.uk');
Insert into ST52501.MEMBERS (MEMBER_ID,FIRST_NAME,LAST_NAME,GENDER,DOB,EMAIL) values (758,'Alfredo','Danielczyk','M',to_date('27-APR-82','DD-MON-RR'),'adanielczykl1@state.tx.us');
Insert into ST52501.MEMBERS (MEMBER_ID,FIRST_NAME,LAST_NAME,GENDER,DOB,EMAIL) values (759,'Tate','Abela','M',to_date('18-APR-83','DD-MON-RR'),'tabelal2@bloglines.com');
Insert into ST52501.MEMBERS (MEMBER_ID,FIRST_NAME,LAST_NAME,GENDER,DOB,EMAIL) values (760,'Galvin','Paszek','M',to_date('09-AUG-82','DD-MON-RR'),'gpaszekl3@xinhuanet.com');
Insert into ST52501.MEMBERS (MEMBER_ID,FIRST_NAME,LAST_NAME,GENDER,DOB,EMAIL) values (761,'Wolfie','Brazil','M',to_date('16-JUN-75','DD-MON-RR'),'wbrazill4@epa.gov');
Insert into ST52501.MEMBERS (MEMBER_ID,FIRST_NAME,LAST_NAME,GENDER,DOB,EMAIL) values (762,'Umberto','Gulston','M',to_date('05-NOV-71','DD-MON-RR'),'ugulstonl5@furl.net');
Insert into ST52501.MEMBERS (MEMBER_ID,FIRST_NAME,LAST_NAME,GENDER,DOB,EMAIL) values (763,'Corette','Matskiv','F',to_date('21-JAN-73','DD-MON-RR'),'cmatskivl6@dot.gov');
Insert into ST52501.MEMBERS (MEMBER_ID,FIRST_NAME,LAST_NAME,GENDER,DOB,EMAIL) values (764,'Frazer','Clinkard','M',to_date('02-AUG-87','DD-MON-RR'),'fclinkardl7@redcross.org');
Insert into ST52501.MEMBERS (MEMBER_ID,FIRST_NAME,LAST_NAME,GENDER,DOB,EMAIL) values (765,'Amanda','McGragh','F',to_date('20-APR-94','DD-MON-RR'),'amcgraghl8@wisc.edu');
Insert into ST52501.MEMBERS (MEMBER_ID,FIRST_NAME,LAST_NAME,GENDER,DOB,EMAIL) values (766,'Mahala','Graffham','F',to_date('07-MAR-99','DD-MON-RR'),'mgraffhaml9@posterous.com');
Insert into ST52501.MEMBERS (MEMBER_ID,FIRST_NAME,LAST_NAME,GENDER,DOB,EMAIL) values (767,'Elisabeth','Creffeild','F',to_date('03-NOV-93','DD-MON-RR'),'ecreffeildla@java.com');
Insert into ST52501.MEMBERS (MEMBER_ID,FIRST_NAME,LAST_NAME,GENDER,DOB,EMAIL) values (768,'Haskel','Bayston','M',to_date('11-MAR-88','DD-MON-RR'),'hbaystonlb@topsy.com');
Insert into ST52501.MEMBERS (MEMBER_ID,FIRST_NAME,LAST_NAME,GENDER,DOB,EMAIL) values (769,'Johannah','Wimpenny','F',to_date('06-JUL-70','DD-MON-RR'),'jwimpennylc@spiegel.de');
Insert into ST52501.MEMBERS (MEMBER_ID,FIRST_NAME,LAST_NAME,GENDER,DOB,EMAIL) values (770,'Brear','Frankcom','F',to_date('30-OCT-84','DD-MON-RR'),'bfrankcomld@cnet.com');
Insert into ST52501.MEMBERS (MEMBER_ID,FIRST_NAME,LAST_NAME,GENDER,DOB,EMAIL) values (771,'Perceval','Chadney','M',to_date('20-AUG-82','DD-MON-RR'),'pchadneyle@about.com');
Insert into ST52501.MEMBERS (MEMBER_ID,FIRST_NAME,LAST_NAME,GENDER,DOB,EMAIL) values (772,'Fredra','Twinbrow','F',to_date('14-OCT-73','DD-MON-RR'),'ftwinbrowlf@ehow.com');
Insert into ST52501.MEMBERS (MEMBER_ID,FIRST_NAME,LAST_NAME,GENDER,DOB,EMAIL) values (773,'Ambrosi','Maplestone','M',to_date('07-SEP-80','DD-MON-RR'),'amaplestonelg@berkeley.edu');
Insert into ST52501.MEMBERS (MEMBER_ID,FIRST_NAME,LAST_NAME,GENDER,DOB,EMAIL) values (774,'Christabella','Cianelli','F',to_date('03-OCT-99','DD-MON-RR'),'ccianellilh@shareasale.com');
Insert into ST52501.MEMBERS (MEMBER_ID,FIRST_NAME,LAST_NAME,GENDER,DOB,EMAIL) values (775,'Kerwinn','Colbert','M',to_date('27-DEC-84','DD-MON-RR'),'kcolbertli@wikispaces.com');
Insert into ST52501.MEMBERS (MEMBER_ID,FIRST_NAME,LAST_NAME,GENDER,DOB,EMAIL) values (776,'Parrnell','Gabits','M',to_date('02-AUG-76','DD-MON-RR'),'pgabitslj@ovh.net');
Insert into ST52501.MEMBERS (MEMBER_ID,FIRST_NAME,LAST_NAME,GENDER,DOB,EMAIL) values (777,'Veriee','Casley','F',to_date('03-DEC-77','DD-MON-RR'),'vcasleylk@nyu.edu');
Insert into ST52501.MEMBERS (MEMBER_ID,FIRST_NAME,LAST_NAME,GENDER,DOB,EMAIL) values (778,'Darill','Behagg','M',to_date('05-FEB-87','DD-MON-RR'),'dbehaggll@dailymail.co.uk');
Insert into ST52501.MEMBERS (MEMBER_ID,FIRST_NAME,LAST_NAME,GENDER,DOB,EMAIL) values (779,'Karee','Jakuszewski','F',to_date('22-OCT-95','DD-MON-RR'),'kjakuszewskilm@jugem.jp');
Insert into ST52501.MEMBERS (MEMBER_ID,FIRST_NAME,LAST_NAME,GENDER,DOB,EMAIL) values (780,'Tani','Bourner','F',to_date('26-APR-97','DD-MON-RR'),'tbournerln@shop-pro.jp');
Insert into ST52501.MEMBERS (MEMBER_ID,FIRST_NAME,LAST_NAME,GENDER,DOB,EMAIL) values (781,'Kass','Gainsborough','F',to_date('21-SEP-93','DD-MON-RR'),'kgainsboroughlo@indiegogo.com');
Insert into ST52501.MEMBERS (MEMBER_ID,FIRST_NAME,LAST_NAME,GENDER,DOB,EMAIL) values (782,'Giulio','Hearnaman','M',to_date('11-MAR-90','DD-MON-RR'),'ghearnamanlp@un.org');
Insert into ST52501.MEMBERS (MEMBER_ID,FIRST_NAME,LAST_NAME,GENDER,DOB,EMAIL) values (783,'Scottie','Syers','M',to_date('31-MAY-71','DD-MON-RR'),'ssyerslq@trellian.com');
Insert into ST52501.MEMBERS (MEMBER_ID,FIRST_NAME,LAST_NAME,GENDER,DOB,EMAIL) values (784,'Normand','Pagnin','M',to_date('15-NOV-96','DD-MON-RR'),'npagninlr@clickbank.net');
Insert into ST52501.MEMBERS (MEMBER_ID,FIRST_NAME,LAST_NAME,GENDER,DOB,EMAIL) values (785,'Addy','Neggrini','F',to_date('09-OCT-72','DD-MON-RR'),'aneggrinils@so-net.ne.jp');
Insert into ST52501.MEMBERS (MEMBER_ID,FIRST_NAME,LAST_NAME,GENDER,DOB,EMAIL) values (786,'Iorgos','Pyett','M',to_date('22-JUN-96','DD-MON-RR'),'ipyettlt@nytimes.com');
Insert into ST52501.MEMBERS (MEMBER_ID,FIRST_NAME,LAST_NAME,GENDER,DOB,EMAIL) values (787,'Janek','Kanter','M',to_date('08-SEP-73','DD-MON-RR'),'jkanterlu@linkedin.com');
Insert into ST52501.MEMBERS (MEMBER_ID,FIRST_NAME,LAST_NAME,GENDER,DOB,EMAIL) values (788,'Kristel','Kubacek','F',to_date('24-JUN-89','DD-MON-RR'),'kkubaceklv@usda.gov');
Insert into ST52501.MEMBERS (MEMBER_ID,FIRST_NAME,LAST_NAME,GENDER,DOB,EMAIL) values (789,'Eddi','Dimmne','F',to_date('19-JAN-94','DD-MON-RR'),'edimmnelw@nyu.edu');
Insert into ST52501.MEMBERS (MEMBER_ID,FIRST_NAME,LAST_NAME,GENDER,DOB,EMAIL) values (790,'Giavani','Skeffington','M',to_date('30-JUL-91','DD-MON-RR'),'gskeffingtonlx@businesswire.com');
Insert into ST52501.MEMBERS (MEMBER_ID,FIRST_NAME,LAST_NAME,GENDER,DOB,EMAIL) values (791,'Phillipe','Charlin','M',to_date('19-MAY-76','DD-MON-RR'),'pcharlinly@upenn.edu');
Insert into ST52501.MEMBERS (MEMBER_ID,FIRST_NAME,LAST_NAME,GENDER,DOB,EMAIL) values (792,'Leonerd','Marcome','M',to_date('06-OCT-80','DD-MON-RR'),'lmarcomelz@imageshack.us');
Insert into ST52501.MEMBERS (MEMBER_ID,FIRST_NAME,LAST_NAME,GENDER,DOB,EMAIL) values (793,'Doti','Hannigan','F',to_date('10-FEB-74','DD-MON-RR'),'dhanniganm0@hexun.com');
Insert into ST52501.MEMBERS (MEMBER_ID,FIRST_NAME,LAST_NAME,GENDER,DOB,EMAIL) values (794,'Gretel','Fatkin','F',to_date('13-MAR-72','DD-MON-RR'),'gfatkinm1@drupal.org');
Insert into ST52501.MEMBERS (MEMBER_ID,FIRST_NAME,LAST_NAME,GENDER,DOB,EMAIL) values (795,'Joell','Dorling','F',to_date('06-AUG-77','DD-MON-RR'),'jdorlingm2@indiatimes.com');
Insert into ST52501.MEMBERS (MEMBER_ID,FIRST_NAME,LAST_NAME,GENDER,DOB,EMAIL) values (796,'Krispin','Pimer','M',to_date('20-SEP-73','DD-MON-RR'),'kpimerm3@xrea.com');
Insert into ST52501.MEMBERS (MEMBER_ID,FIRST_NAME,LAST_NAME,GENDER,DOB,EMAIL) values (797,'Alfred','Jenson','M',to_date('17-JAN-97','DD-MON-RR'),'ajensonm4@ehow.com');
Insert into ST52501.MEMBERS (MEMBER_ID,FIRST_NAME,LAST_NAME,GENDER,DOB,EMAIL) values (798,'Wini','Obispo','F',to_date('28-APR-96','DD-MON-RR'),'wobispom5@t-online.de');
Insert into ST52501.MEMBERS (MEMBER_ID,FIRST_NAME,LAST_NAME,GENDER,DOB,EMAIL) values (799,'Kleon','Helmke','M',to_date('06-DEC-91','DD-MON-RR'),'khelmkem6@icq.com');
Insert into ST52501.MEMBERS (MEMBER_ID,FIRST_NAME,LAST_NAME,GENDER,DOB,EMAIL) values (800,'Lewie','Pasquale','M',to_date('10-JUL-86','DD-MON-RR'),'lpasqualem7@canalblog.com');
Insert into ST52501.MEMBERS (MEMBER_ID,FIRST_NAME,LAST_NAME,GENDER,DOB,EMAIL) values (801,'Jareb','Caddan','M',to_date('03-MAY-96','DD-MON-RR'),'jcaddanm8@psu.edu');
Insert into ST52501.MEMBERS (MEMBER_ID,FIRST_NAME,LAST_NAME,GENDER,DOB,EMAIL) values (802,'Bailie','Hyam','M',to_date('07-MAY-79','DD-MON-RR'),'bhyamm9@examiner.com');
Insert into ST52501.MEMBERS (MEMBER_ID,FIRST_NAME,LAST_NAME,GENDER,DOB,EMAIL) values (803,'Fulton','Date','M',to_date('16-MAR-97','DD-MON-RR'),'fdatema@miitbeian.gov.cn');
Insert into ST52501.MEMBERS (MEMBER_ID,FIRST_NAME,LAST_NAME,GENDER,DOB,EMAIL) values (804,'Wash','Standidge','M',to_date('28-NOV-83','DD-MON-RR'),'wstandidgemb@bluehost.com');
Insert into ST52501.MEMBERS (MEMBER_ID,FIRST_NAME,LAST_NAME,GENDER,DOB,EMAIL) values (805,'Abdul','Duesberry','M',to_date('25-FEB-74','DD-MON-RR'),'aduesberrymc@angelfire.com');
Insert into ST52501.MEMBERS (MEMBER_ID,FIRST_NAME,LAST_NAME,GENDER,DOB,EMAIL) values (806,'Josepha','Carmo','F',to_date('02-MAY-71','DD-MON-RR'),'jcarmomd@shutterfly.com');
Insert into ST52501.MEMBERS (MEMBER_ID,FIRST_NAME,LAST_NAME,GENDER,DOB,EMAIL) values (807,'Lyman','Stoad','M',to_date('24-JUN-89','DD-MON-RR'),'lstoadme@xinhuanet.com');
Insert into ST52501.MEMBERS (MEMBER_ID,FIRST_NAME,LAST_NAME,GENDER,DOB,EMAIL) values (808,'Simmonds','Beltzner','M',to_date('23-NOV-79','DD-MON-RR'),'sbeltznermf@issuu.com');
Insert into ST52501.MEMBERS (MEMBER_ID,FIRST_NAME,LAST_NAME,GENDER,DOB,EMAIL) values (809,'Stephenie','Vase','F',to_date('29-JAN-85','DD-MON-RR'),'svasemg@usatoday.com');
Insert into ST52501.MEMBERS (MEMBER_ID,FIRST_NAME,LAST_NAME,GENDER,DOB,EMAIL) values (810,'Luisa','Maloney','F',to_date('13-FEB-73','DD-MON-RR'),'lmaloneymh@so-net.ne.jp');
Insert into ST52501.MEMBERS (MEMBER_ID,FIRST_NAME,LAST_NAME,GENDER,DOB,EMAIL) values (811,'Agosto','Blemings','M',to_date('08-DEC-75','DD-MON-RR'),'ablemingsmi@purevolume.com');
Insert into ST52501.MEMBERS (MEMBER_ID,FIRST_NAME,LAST_NAME,GENDER,DOB,EMAIL) values (812,'Mirabelle','Jiggen','F',to_date('29-MAR-78','DD-MON-RR'),'mjiggenmj@soup.io');
Insert into ST52501.MEMBERS (MEMBER_ID,FIRST_NAME,LAST_NAME,GENDER,DOB,EMAIL) values (813,'Barbabra','Fockes','F',to_date('06-DEC-81','DD-MON-RR'),'bfockesmk@bandcamp.com');
Insert into ST52501.MEMBERS (MEMBER_ID,FIRST_NAME,LAST_NAME,GENDER,DOB,EMAIL) values (814,'Timmie','Ennever','F',to_date('19-MAR-87','DD-MON-RR'),'tenneverml@wunderground.com');
Insert into ST52501.MEMBERS (MEMBER_ID,FIRST_NAME,LAST_NAME,GENDER,DOB,EMAIL) values (815,'Ahmed','Burdus','M',to_date('31-OCT-93','DD-MON-RR'),'aburdusmm@xrea.com');
Insert into ST52501.MEMBERS (MEMBER_ID,FIRST_NAME,LAST_NAME,GENDER,DOB,EMAIL) values (816,'Tad','Goacher','M',to_date('03-JAN-95','DD-MON-RR'),'tgoachermn@elpais.com');
Insert into ST52501.MEMBERS (MEMBER_ID,FIRST_NAME,LAST_NAME,GENDER,DOB,EMAIL) values (817,'Connie','Lettley','M',to_date('12-DEC-91','DD-MON-RR'),'clettleymo@ning.com');
Insert into ST52501.MEMBERS (MEMBER_ID,FIRST_NAME,LAST_NAME,GENDER,DOB,EMAIL) values (818,'Padgett','Caistor','M',to_date('22-AUG-75','DD-MON-RR'),'pcaistormp@behance.net');
Insert into ST52501.MEMBERS (MEMBER_ID,FIRST_NAME,LAST_NAME,GENDER,DOB,EMAIL) values (819,'Jarrod','Magnay','M',to_date('25-DEC-81','DD-MON-RR'),'jmagnaymq@cbslocal.com');
Insert into ST52501.MEMBERS (MEMBER_ID,FIRST_NAME,LAST_NAME,GENDER,DOB,EMAIL) values (820,'Nicki','Varty','F',to_date('19-JUL-89','DD-MON-RR'),'nvartymr@earthlink.net');
Insert into ST52501.MEMBERS (MEMBER_ID,FIRST_NAME,LAST_NAME,GENDER,DOB,EMAIL) values (821,'Cissiee','Samwyse','F',to_date('01-JUL-72','DD-MON-RR'),'csamwysems@simplemachines.org');
Insert into ST52501.MEMBERS (MEMBER_ID,FIRST_NAME,LAST_NAME,GENDER,DOB,EMAIL) values (822,'Gustavo','Doring','M',to_date('16-OCT-94','DD-MON-RR'),'gdoringmt@arstechnica.com');
Insert into ST52501.MEMBERS (MEMBER_ID,FIRST_NAME,LAST_NAME,GENDER,DOB,EMAIL) values (823,'Jorie','Jobes','F',to_date('03-DEC-93','DD-MON-RR'),'jjobesmu@soup.io');
Insert into ST52501.MEMBERS (MEMBER_ID,FIRST_NAME,LAST_NAME,GENDER,DOB,EMAIL) values (824,'Phelia','Borrill','F',to_date('29-JUL-70','DD-MON-RR'),'pborrillmv@opera.com');
Insert into ST52501.MEMBERS (MEMBER_ID,FIRST_NAME,LAST_NAME,GENDER,DOB,EMAIL) values (825,'Gallard','Howells','M',to_date('30-OCT-77','DD-MON-RR'),'ghowellsmw@blogger.com');
Insert into ST52501.MEMBERS (MEMBER_ID,FIRST_NAME,LAST_NAME,GENDER,DOB,EMAIL) values (826,'Darill','Tyers','M',to_date('18-APR-82','DD-MON-RR'),'dtyersmx@alexa.com');
Insert into ST52501.MEMBERS (MEMBER_ID,FIRST_NAME,LAST_NAME,GENDER,DOB,EMAIL) values (827,'Linnell','Howsego','F',to_date('22-AUG-87','DD-MON-RR'),'lhowsegomy@livejournal.com');
Insert into ST52501.MEMBERS (MEMBER_ID,FIRST_NAME,LAST_NAME,GENDER,DOB,EMAIL) values (828,'Arri','MacAree','M',to_date('30-JAN-89','DD-MON-RR'),'amacareemz@wisc.edu');
Insert into ST52501.MEMBERS (MEMBER_ID,FIRST_NAME,LAST_NAME,GENDER,DOB,EMAIL) values (829,'Odell','Pesterfield','M',to_date('22-APR-80','DD-MON-RR'),'opesterfieldn0@pcworld.com');
Insert into ST52501.MEMBERS (MEMBER_ID,FIRST_NAME,LAST_NAME,GENDER,DOB,EMAIL) values (830,'Lizzy','Goodsall','F',to_date('22-JUL-72','DD-MON-RR'),'lgoodsalln1@tuttocitta.it');
Insert into ST52501.MEMBERS (MEMBER_ID,FIRST_NAME,LAST_NAME,GENDER,DOB,EMAIL) values (831,'Nessie','Hulstrom','F',to_date('26-SEP-71','DD-MON-RR'),'nhulstromn2@webmd.com');
Insert into ST52501.MEMBERS (MEMBER_ID,FIRST_NAME,LAST_NAME,GENDER,DOB,EMAIL) values (832,'Nettle','Safell','F',to_date('31-MAY-84','DD-MON-RR'),'nsafelln3@opensource.org');
Insert into ST52501.MEMBERS (MEMBER_ID,FIRST_NAME,LAST_NAME,GENDER,DOB,EMAIL) values (833,'Wilie','McCloch','F',to_date('30-JAN-73','DD-MON-RR'),'wmcclochn4@census.gov');
Insert into ST52501.MEMBERS (MEMBER_ID,FIRST_NAME,LAST_NAME,GENDER,DOB,EMAIL) values (834,'Richie','Nand','M',to_date('28-NOV-77','DD-MON-RR'),'rnandn5@about.me');
Insert into ST52501.MEMBERS (MEMBER_ID,FIRST_NAME,LAST_NAME,GENDER,DOB,EMAIL) values (835,'Lloyd','Starmore','M',to_date('13-FEB-70','DD-MON-RR'),'lstarmoren6@pinterest.com');
Insert into ST52501.MEMBERS (MEMBER_ID,FIRST_NAME,LAST_NAME,GENDER,DOB,EMAIL) values (836,'Trudy','O''Fihillie','F',to_date('15-NOV-82','DD-MON-RR'),'tofihillien7@intel.com');
Insert into ST52501.MEMBERS (MEMBER_ID,FIRST_NAME,LAST_NAME,GENDER,DOB,EMAIL) values (837,'Heath','Penritt','M',to_date('13-OCT-80','DD-MON-RR'),'hpenrittn8@mozilla.com');
Insert into ST52501.MEMBERS (MEMBER_ID,FIRST_NAME,LAST_NAME,GENDER,DOB,EMAIL) values (838,'Diego','covino','M',to_date('15-JUL-83','DD-MON-RR'),'dcovinon9@canalblog.com');
Insert into ST52501.MEMBERS (MEMBER_ID,FIRST_NAME,LAST_NAME,GENDER,DOB,EMAIL) values (839,'Cornelius','Dumsday','M',to_date('20-APR-83','DD-MON-RR'),'cdumsdayna@nbcnews.com');
Insert into ST52501.MEMBERS (MEMBER_ID,FIRST_NAME,LAST_NAME,GENDER,DOB,EMAIL) values (840,'Tabby','Schall','F',to_date('26-JUL-92','DD-MON-RR'),'tschallnb@bing.com');
Insert into ST52501.MEMBERS (MEMBER_ID,FIRST_NAME,LAST_NAME,GENDER,DOB,EMAIL) values (841,'Will','Dundridge','M',to_date('19-JUL-76','DD-MON-RR'),'wdundridgenc@macromedia.com');
Insert into ST52501.MEMBERS (MEMBER_ID,FIRST_NAME,LAST_NAME,GENDER,DOB,EMAIL) values (842,'Cherice','Crow','F',to_date('08-MAY-86','DD-MON-RR'),'ccrownd@toplist.cz');
Insert into ST52501.MEMBERS (MEMBER_ID,FIRST_NAME,LAST_NAME,GENDER,DOB,EMAIL) values (843,'Drake','Stock','M',to_date('28-OCT-81','DD-MON-RR'),'dstockne@rakuten.co.jp');
Insert into ST52501.MEMBERS (MEMBER_ID,FIRST_NAME,LAST_NAME,GENDER,DOB,EMAIL) values (844,'Burke','Emerson','M',to_date('23-FEB-83','DD-MON-RR'),'bemersonnf@mapy.cz');
Insert into ST52501.MEMBERS (MEMBER_ID,FIRST_NAME,LAST_NAME,GENDER,DOB,EMAIL) values (845,'Blair','Listone','F',to_date('10-JAN-75','DD-MON-RR'),'blistoneng@bloglines.com');
Insert into ST52501.MEMBERS (MEMBER_ID,FIRST_NAME,LAST_NAME,GENDER,DOB,EMAIL) values (846,'Gerry','Millsom','M',to_date('31-JAN-94','DD-MON-RR'),'gmillsomnh@sun.com');
Insert into ST52501.MEMBERS (MEMBER_ID,FIRST_NAME,LAST_NAME,GENDER,DOB,EMAIL) values (847,'Venita','Gauvain','F',to_date('17-DEC-90','DD-MON-RR'),'vgauvainni@fc2.com');
Insert into ST52501.MEMBERS (MEMBER_ID,FIRST_NAME,LAST_NAME,GENDER,DOB,EMAIL) values (848,'Helaina','Hasling','F',to_date('07-SEP-86','DD-MON-RR'),'hhaslingnj@apple.com');
Insert into ST52501.MEMBERS (MEMBER_ID,FIRST_NAME,LAST_NAME,GENDER,DOB,EMAIL) values (849,'Clint','Coucher','M',to_date('04-AUG-82','DD-MON-RR'),'ccouchernk@reddit.com');
Insert into ST52501.MEMBERS (MEMBER_ID,FIRST_NAME,LAST_NAME,GENDER,DOB,EMAIL) values (850,'Jermaine','Swayton','F',to_date('17-MAY-77','DD-MON-RR'),'jswaytonnl@about.me');
Insert into ST52501.MEMBERS (MEMBER_ID,FIRST_NAME,LAST_NAME,GENDER,DOB,EMAIL) values (851,'Sybyl','Swanger','F',to_date('07-MAY-91','DD-MON-RR'),'sswangernm@ow.ly');
Insert into ST52501.MEMBERS (MEMBER_ID,FIRST_NAME,LAST_NAME,GENDER,DOB,EMAIL) values (852,'Ilaire','Thunnerclef','M',to_date('31-JAN-77','DD-MON-RR'),'ithunnerclefnn@mac.com');
Insert into ST52501.MEMBERS (MEMBER_ID,FIRST_NAME,LAST_NAME,GENDER,DOB,EMAIL) values (853,'Lloyd','Rizzardo','M',to_date('07-DEC-97','DD-MON-RR'),'lrizzardono@ustream.tv');
Insert into ST52501.MEMBERS (MEMBER_ID,FIRST_NAME,LAST_NAME,GENDER,DOB,EMAIL) values (854,'Avril','Britian','F',to_date('09-JUL-93','DD-MON-RR'),'abritiannp@constantcontact.com');
Insert into ST52501.MEMBERS (MEMBER_ID,FIRST_NAME,LAST_NAME,GENDER,DOB,EMAIL) values (855,'Armand','Saffran','M',to_date('22-MAY-72','DD-MON-RR'),'asaffrannq@unesco.org');
Insert into ST52501.MEMBERS (MEMBER_ID,FIRST_NAME,LAST_NAME,GENDER,DOB,EMAIL) values (856,'Marty','Malcher','F',to_date('23-APR-84','DD-MON-RR'),'mmalchernr@yale.edu');
Insert into ST52501.MEMBERS (MEMBER_ID,FIRST_NAME,LAST_NAME,GENDER,DOB,EMAIL) values (857,'Marlon','Langforth','M',to_date('25-JAN-85','DD-MON-RR'),'mlangforthns@behance.net');
Insert into ST52501.MEMBERS (MEMBER_ID,FIRST_NAME,LAST_NAME,GENDER,DOB,EMAIL) values (858,'Pammi','Songer','F',to_date('13-DEC-70','DD-MON-RR'),'psongernt@mashable.com');
Insert into ST52501.MEMBERS (MEMBER_ID,FIRST_NAME,LAST_NAME,GENDER,DOB,EMAIL) values (859,'Si','Boshere','M',to_date('25-OCT-90','DD-MON-RR'),'sbosherenu@imageshack.us');
Insert into ST52501.MEMBERS (MEMBER_ID,FIRST_NAME,LAST_NAME,GENDER,DOB,EMAIL) values (860,'Slade','Gorrissen','M',to_date('25-DEC-94','DD-MON-RR'),'sgorrissennv@sohu.com');
Insert into ST52501.MEMBERS (MEMBER_ID,FIRST_NAME,LAST_NAME,GENDER,DOB,EMAIL) values (861,'Tracy','Colkett','M',to_date('27-JUN-92','DD-MON-RR'),'tcolkettnw@deliciousdays.com');
Insert into ST52501.MEMBERS (MEMBER_ID,FIRST_NAME,LAST_NAME,GENDER,DOB,EMAIL) values (862,'Brittney','Eveleigh','F',to_date('05-OCT-74','DD-MON-RR'),'beveleighnx@artisteer.com');
Insert into ST52501.MEMBERS (MEMBER_ID,FIRST_NAME,LAST_NAME,GENDER,DOB,EMAIL) values (863,'Eliot','Puzey','M',to_date('09-APR-73','DD-MON-RR'),'epuzeyny@blinklist.com');
Insert into ST52501.MEMBERS (MEMBER_ID,FIRST_NAME,LAST_NAME,GENDER,DOB,EMAIL) values (864,'Durand','Dimmack','M',to_date('21-OCT-80','DD-MON-RR'),'ddimmacknz@php.net');
Insert into ST52501.MEMBERS (MEMBER_ID,FIRST_NAME,LAST_NAME,GENDER,DOB,EMAIL) values (865,'Ettore','Mnfant','M',to_date('28-MAY-94','DD-MON-RR'),'eMnfanto0@sohu.com');
Insert into ST52501.MEMBERS (MEMBER_ID,FIRST_NAME,LAST_NAME,GENDER,DOB,EMAIL) values (866,'Meredith','Tredinnick','F',to_date('07-SEP-98','DD-MON-RR'),'mtredinnicko1@about.me');
Insert into ST52501.MEMBERS (MEMBER_ID,FIRST_NAME,LAST_NAME,GENDER,DOB,EMAIL) values (867,'Jaime','Pinkney','M',to_date('10-APR-75','DD-MON-RR'),'jpinkneyo2@shutterfly.com');
Insert into ST52501.MEMBERS (MEMBER_ID,FIRST_NAME,LAST_NAME,GENDER,DOB,EMAIL) values (868,'Corina','Rundle','F',to_date('21-MAY-81','DD-MON-RR'),'crundleo3@netvibes.com');
Insert into ST52501.MEMBERS (MEMBER_ID,FIRST_NAME,LAST_NAME,GENDER,DOB,EMAIL) values (869,'Maribel','Joyes','F',to_date('23-JAN-90','DD-MON-RR'),'mjoyeso4@mapy.cz');
Insert into ST52501.MEMBERS (MEMBER_ID,FIRST_NAME,LAST_NAME,GENDER,DOB,EMAIL) values (870,'Chanda','Caustic','F',to_date('23-MAY-92','DD-MON-RR'),'ccaustico5@over-blog.com');
Insert into ST52501.MEMBERS (MEMBER_ID,FIRST_NAME,LAST_NAME,GENDER,DOB,EMAIL) values (871,'Flore','Saura','F',to_date('14-AUG-94','DD-MON-RR'),'fsaurao6@hp.com');
Insert into ST52501.MEMBERS (MEMBER_ID,FIRST_NAME,LAST_NAME,GENDER,DOB,EMAIL) values (872,'Corrie','Pervoe','F',to_date('10-APR-91','DD-MON-RR'),'cpervoeo7@jigsy.com');
Insert into ST52501.MEMBERS (MEMBER_ID,FIRST_NAME,LAST_NAME,GENDER,DOB,EMAIL) values (873,'Mercie','Aizikowitz','F',to_date('17-DEC-81','DD-MON-RR'),'maizikowitzo8@facebook.com');
Insert into ST52501.MEMBERS (MEMBER_ID,FIRST_NAME,LAST_NAME,GENDER,DOB,EMAIL) values (874,'Neila','McKinnon','F',to_date('19-MAY-82','DD-MON-RR'),'nmckinnono9@businessinsider.com');
Insert into ST52501.MEMBERS (MEMBER_ID,FIRST_NAME,LAST_NAME,GENDER,DOB,EMAIL) values (875,'Claire','McLorinan','F',to_date('20-MAR-89','DD-MON-RR'),'cmclorinanoa@usnews.com');
Insert into ST52501.MEMBERS (MEMBER_ID,FIRST_NAME,LAST_NAME,GENDER,DOB,EMAIL) values (876,'Lyn','Lye','F',to_date('13-FEB-83','DD-MON-RR'),'llyeob@symantec.com');
Insert into ST52501.MEMBERS (MEMBER_ID,FIRST_NAME,LAST_NAME,GENDER,DOB,EMAIL) values (877,'Herrick','Caveau','M',to_date('26-JAN-81','DD-MON-RR'),'hcaveauoc@army.mil');
Insert into ST52501.MEMBERS (MEMBER_ID,FIRST_NAME,LAST_NAME,GENDER,DOB,EMAIL) values (878,'Kally','Jelf','F',to_date('05-SEP-75','DD-MON-RR'),'kjelfod@jugem.jp');
Insert into ST52501.MEMBERS (MEMBER_ID,FIRST_NAME,LAST_NAME,GENDER,DOB,EMAIL) values (879,'Claribel','Jeanenet','F',to_date('07-JUN-75','DD-MON-RR'),'cjeanenetoe@netlog.com');
Insert into ST52501.MEMBERS (MEMBER_ID,FIRST_NAME,LAST_NAME,GENDER,DOB,EMAIL) values (880,'Simon','Westoff','M',to_date('26-APR-94','DD-MON-RR'),'swestoffof@creativecommons.org');
Insert into ST52501.MEMBERS (MEMBER_ID,FIRST_NAME,LAST_NAME,GENDER,DOB,EMAIL) values (881,'Hoyt','Walhedd','M',to_date('03-NOV-85','DD-MON-RR'),'hwalheddog@wisc.edu');
Insert into ST52501.MEMBERS (MEMBER_ID,FIRST_NAME,LAST_NAME,GENDER,DOB,EMAIL) values (882,'Waylan','Scamaden','M',to_date('31-JAN-93','DD-MON-RR'),'wscamadenoh@phpbb.com');
Insert into ST52501.MEMBERS (MEMBER_ID,FIRST_NAME,LAST_NAME,GENDER,DOB,EMAIL) values (883,'Heida','Holby','F',to_date('30-MAY-96','DD-MON-RR'),'hholbyoi@imgur.com');
Insert into ST52501.MEMBERS (MEMBER_ID,FIRST_NAME,LAST_NAME,GENDER,DOB,EMAIL) values (884,'Hardy','Simmank','M',to_date('05-APR-83','DD-MON-RR'),'hsimmankoj@vimeo.com');
Insert into ST52501.MEMBERS (MEMBER_ID,FIRST_NAME,LAST_NAME,GENDER,DOB,EMAIL) values (885,'Xymenes','Mumford','M',to_date('26-MAY-87','DD-MON-RR'),'xmumfordok@blogspot.com');
Insert into ST52501.MEMBERS (MEMBER_ID,FIRST_NAME,LAST_NAME,GENDER,DOB,EMAIL) values (886,'Guss','Iglesias','M',to_date('21-JUL-96','DD-MON-RR'),'giglesiasol@techcrunch.com');
Insert into ST52501.MEMBERS (MEMBER_ID,FIRST_NAME,LAST_NAME,GENDER,DOB,EMAIL) values (887,'Betteanne','Yglesias','F',to_date('05-DEC-93','DD-MON-RR'),'byglesiasom@sourceforge.net');
Insert into ST52501.MEMBERS (MEMBER_ID,FIRST_NAME,LAST_NAME,GENDER,DOB,EMAIL) values (888,'Joceline','Rudolph','F',to_date('19-MAR-84','DD-MON-RR'),'jrudolphon@wufoo.com');
Insert into ST52501.MEMBERS (MEMBER_ID,FIRST_NAME,LAST_NAME,GENDER,DOB,EMAIL) values (889,'Davine','Beswick','F',to_date('27-OCT-70','DD-MON-RR'),'dbeswickoo@house.gov');
Insert into ST52501.MEMBERS (MEMBER_ID,FIRST_NAME,LAST_NAME,GENDER,DOB,EMAIL) values (890,'Loralee','Redfern','F',to_date('29-MAR-77','DD-MON-RR'),'lredfernop@amazon.com');
Insert into ST52501.MEMBERS (MEMBER_ID,FIRST_NAME,LAST_NAME,GENDER,DOB,EMAIL) values (891,'Peirce','Gorghetto','M',to_date('19-SEP-71','DD-MON-RR'),'pgorghettooq@multiply.com');
Insert into ST52501.MEMBERS (MEMBER_ID,FIRST_NAME,LAST_NAME,GENDER,DOB,EMAIL) values (892,'Laney','MacCartney','M',to_date('21-MAY-84','DD-MON-RR'),'lmaccartneyor@digg.com');
Insert into ST52501.MEMBERS (MEMBER_ID,FIRST_NAME,LAST_NAME,GENDER,DOB,EMAIL) values (893,'Bertie','Klicher','M',to_date('23-MAR-77','DD-MON-RR'),'bklicheros@npr.org');
Insert into ST52501.MEMBERS (MEMBER_ID,FIRST_NAME,LAST_NAME,GENDER,DOB,EMAIL) values (894,'Georgianne','McParlin','F',to_date('09-JUL-97','DD-MON-RR'),'gmcparlinot@examiner.com');
Insert into ST52501.MEMBERS (MEMBER_ID,FIRST_NAME,LAST_NAME,GENDER,DOB,EMAIL) values (895,'Algernon','Effaunt','M',to_date('31-DEC-77','DD-MON-RR'),'aeffauntou@harvard.edu');
Insert into ST52501.MEMBERS (MEMBER_ID,FIRST_NAME,LAST_NAME,GENDER,DOB,EMAIL) values (896,'Roanne','Swancott','F',to_date('05-FEB-72','DD-MON-RR'),'rswancottov@elegantthemes.com');
Insert into ST52501.MEMBERS (MEMBER_ID,FIRST_NAME,LAST_NAME,GENDER,DOB,EMAIL) values (897,'Sadie','Gregoletti','F',to_date('03-APR-72','DD-MON-RR'),'sgregolettiow@mapy.cz');
Insert into ST52501.MEMBERS (MEMBER_ID,FIRST_NAME,LAST_NAME,GENDER,DOB,EMAIL) values (898,'Alanah','Bonn','F',to_date('25-AUG-72','DD-MON-RR'),'abonnox@google.ru');
Insert into ST52501.MEMBERS (MEMBER_ID,FIRST_NAME,LAST_NAME,GENDER,DOB,EMAIL) values (899,'Oby','Stagg','M',to_date('23-NOV-70','DD-MON-RR'),'ostaggoy@about.com');
Insert into ST52501.MEMBERS (MEMBER_ID,FIRST_NAME,LAST_NAME,GENDER,DOB,EMAIL) values (900,'Lorinda','Roz','F',to_date('25-FEB-80','DD-MON-RR'),'lrozoz@twitpic.com');
Insert into ST52501.MEMBERS (MEMBER_ID,FIRST_NAME,LAST_NAME,GENDER,DOB,EMAIL) values (901,'Kizzee','Freund','F',to_date('27-JAN-76','DD-MON-RR'),'kfreundp0@wiley.com');
Insert into ST52501.MEMBERS (MEMBER_ID,FIRST_NAME,LAST_NAME,GENDER,DOB,EMAIL) values (902,'Aviva','Fahrenbacher','F',to_date('20-NOV-85','DD-MON-RR'),'afahrenbacherp1@paginegialle.it');
Insert into ST52501.MEMBERS (MEMBER_ID,FIRST_NAME,LAST_NAME,GENDER,DOB,EMAIL) values (903,'Carine','McPhillimey','F',to_date('11-DEC-73','DD-MON-RR'),'cmcphillimeyp2@chron.com');
Insert into ST52501.MEMBERS (MEMBER_ID,FIRST_NAME,LAST_NAME,GENDER,DOB,EMAIL) values (904,'Alard','Dayne','M',to_date('11-MAR-87','DD-MON-RR'),'adaynep3@cafepress.com');
Insert into ST52501.MEMBERS (MEMBER_ID,FIRST_NAME,LAST_NAME,GENDER,DOB,EMAIL) values (905,'Catarina','Hubback','F',to_date('15-FEB-75','DD-MON-RR'),'chubbackp4@drupal.org');
Insert into ST52501.MEMBERS (MEMBER_ID,FIRST_NAME,LAST_NAME,GENDER,DOB,EMAIL) values (906,'Dreddy','Aymerich','F',to_date('12-DEC-96','DD-MON-RR'),'daymerichp5@freewebs.com');
Insert into ST52501.MEMBERS (MEMBER_ID,FIRST_NAME,LAST_NAME,GENDER,DOB,EMAIL) values (907,'Guthry','Axtonne','M',to_date('15-APR-75','DD-MON-RR'),'gaxtonnep6@slate.com');
Insert into ST52501.MEMBERS (MEMBER_ID,FIRST_NAME,LAST_NAME,GENDER,DOB,EMAIL) values (908,'Danni','Gooday','F',to_date('17-FEB-73','DD-MON-RR'),'dgoodayp7@huffingtonpost.com');
Insert into ST52501.MEMBERS (MEMBER_ID,FIRST_NAME,LAST_NAME,GENDER,DOB,EMAIL) values (909,'Jerry','Killbey','F',to_date('29-DEC-74','DD-MON-RR'),'jkillbeyp8@bandcamp.com');
Insert into ST52501.MEMBERS (MEMBER_ID,FIRST_NAME,LAST_NAME,GENDER,DOB,EMAIL) values (910,'Marylou','Oake','F',to_date('19-APR-71','DD-MON-RR'),'moakep9@alibaba.com');
Insert into ST52501.MEMBERS (MEMBER_ID,FIRST_NAME,LAST_NAME,GENDER,DOB,EMAIL) values (911,'Langston','Donnan','M',to_date('04-OCT-77','DD-MON-RR'),'ldonnanpa@time.com');
Insert into ST52501.MEMBERS (MEMBER_ID,FIRST_NAME,LAST_NAME,GENDER,DOB,EMAIL) values (912,'Anders','Melanaphy','M',to_date('24-FEB-81','DD-MON-RR'),'amelanaphypb@acquirethisname.com');
Insert into ST52501.MEMBERS (MEMBER_ID,FIRST_NAME,LAST_NAME,GENDER,DOB,EMAIL) values (913,'Katerine','Bygrave','F',to_date('12-JUL-73','DD-MON-RR'),'kbygravepc@github.com');
Insert into ST52501.MEMBERS (MEMBER_ID,FIRST_NAME,LAST_NAME,GENDER,DOB,EMAIL) values (914,'Goddard','Van Der Straaten','M',to_date('27-FEB-96','DD-MON-RR'),'gvanderstraatenpd@tumblr.com');
Insert into ST52501.MEMBERS (MEMBER_ID,FIRST_NAME,LAST_NAME,GENDER,DOB,EMAIL) values (915,'Anica','Netti','F',to_date('15-JUL-99','DD-MON-RR'),'anettipe@wikipedia.org');
Insert into ST52501.MEMBERS (MEMBER_ID,FIRST_NAME,LAST_NAME,GENDER,DOB,EMAIL) values (916,'Sophey','Clynman','F',to_date('31-MAY-97','DD-MON-RR'),'sclynmanpf@mozilla.org');
Insert into ST52501.MEMBERS (MEMBER_ID,FIRST_NAME,LAST_NAME,GENDER,DOB,EMAIL) values (917,'Nona','Braznell','F',to_date('09-NOV-99','DD-MON-RR'),'nbraznellpg@topsy.com');
Insert into ST52501.MEMBERS (MEMBER_ID,FIRST_NAME,LAST_NAME,GENDER,DOB,EMAIL) values (918,'Melesa','Hosby','F',to_date('12-SEP-78','DD-MON-RR'),'mhosbyph@whitehouse.gov');
Insert into ST52501.MEMBERS (MEMBER_ID,FIRST_NAME,LAST_NAME,GENDER,DOB,EMAIL) values (919,'Mace','Garland','M',to_date('28-SEP-80','DD-MON-RR'),'mgarlandpi@blinklist.com');
Insert into ST52501.MEMBERS (MEMBER_ID,FIRST_NAME,LAST_NAME,GENDER,DOB,EMAIL) values (920,'Sandi','Allenby','F',to_date('20-FEB-97','DD-MON-RR'),'sallenbypj@moonfruit.com');
Insert into ST52501.MEMBERS (MEMBER_ID,FIRST_NAME,LAST_NAME,GENDER,DOB,EMAIL) values (921,'Che','Lys','M',to_date('09-NOV-76','DD-MON-RR'),'clyspk@google.de');
Insert into ST52501.MEMBERS (MEMBER_ID,FIRST_NAME,LAST_NAME,GENDER,DOB,EMAIL) values (922,'Sigrid','Skeffington','F',to_date('15-AUG-77','DD-MON-RR'),'sskeffingtonpl@boston.com');
Insert into ST52501.MEMBERS (MEMBER_ID,FIRST_NAME,LAST_NAME,GENDER,DOB,EMAIL) values (923,'Myrtice','Manjot','F',to_date('27-SEP-76','DD-MON-RR'),'mmanjotpm@icio.us');
Insert into ST52501.MEMBERS (MEMBER_ID,FIRST_NAME,LAST_NAME,GENDER,DOB,EMAIL) values (924,'Elia','Staterfield','M',to_date('08-DEC-86','DD-MON-RR'),'estaterfieldpn@telegraph.co.uk');
Insert into ST52501.MEMBERS (MEMBER_ID,FIRST_NAME,LAST_NAME,GENDER,DOB,EMAIL) values (925,'Anabal','Sigsworth','F',to_date('17-DEC-81','DD-MON-RR'),'asigsworthpo@intel.com');
Insert into ST52501.MEMBERS (MEMBER_ID,FIRST_NAME,LAST_NAME,GENDER,DOB,EMAIL) values (926,'Dniren','Taysbil','F',to_date('15-FEB-89','DD-MON-RR'),'dtaysbilpp@goo.gl');
Insert into ST52501.MEMBERS (MEMBER_ID,FIRST_NAME,LAST_NAME,GENDER,DOB,EMAIL) values (927,'Gus','Loudiane','F',to_date('19-FEB-97','DD-MON-RR'),'gloudianepq@ucsd.edu');
Insert into ST52501.MEMBERS (MEMBER_ID,FIRST_NAME,LAST_NAME,GENDER,DOB,EMAIL) values (928,'Lorette','Rief','F',to_date('09-JUL-93','DD-MON-RR'),'lriefpr@usda.gov');
Insert into ST52501.MEMBERS (MEMBER_ID,FIRST_NAME,LAST_NAME,GENDER,DOB,EMAIL) values (929,'Fredek','Sowerbutts','M',to_date('21-MAR-87','DD-MON-RR'),'fsowerbuttsps@people.com.cn');
Insert into ST52501.MEMBERS (MEMBER_ID,FIRST_NAME,LAST_NAME,GENDER,DOB,EMAIL) values (930,'York','Darth','M',to_date('01-JUN-93','DD-MON-RR'),'ydarthpt@slideshare.net');
Insert into ST52501.MEMBERS (MEMBER_ID,FIRST_NAME,LAST_NAME,GENDER,DOB,EMAIL) values (931,'Delores','Pohlke','F',to_date('15-JAN-74','DD-MON-RR'),'dpohlkepu@spiegel.de');
Insert into ST52501.MEMBERS (MEMBER_ID,FIRST_NAME,LAST_NAME,GENDER,DOB,EMAIL) values (932,'Prinz','Nutten','M',to_date('14-MAR-76','DD-MON-RR'),'pnuttenpv@statcounter.com');
Insert into ST52501.MEMBERS (MEMBER_ID,FIRST_NAME,LAST_NAME,GENDER,DOB,EMAIL) values (933,'Shep','Mowsdale','M',to_date('10-MAY-78','DD-MON-RR'),'smowsdalepw@elpais.com');
Insert into ST52501.MEMBERS (MEMBER_ID,FIRST_NAME,LAST_NAME,GENDER,DOB,EMAIL) values (934,'Saunder','Heam','M',to_date('15-OCT-97','DD-MON-RR'),'sheampx@lycos.com');
Insert into ST52501.MEMBERS (MEMBER_ID,FIRST_NAME,LAST_NAME,GENDER,DOB,EMAIL) values (935,'Gnni','Spelsbury','F',to_date('01-OCT-96','DD-MON-RR'),'gspelsburypy@epa.gov');
Insert into ST52501.MEMBERS (MEMBER_ID,FIRST_NAME,LAST_NAME,GENDER,DOB,EMAIL) values (936,'Parke','Beswell','M',to_date('28-FEB-90','DD-MON-RR'),'pbeswellpz@vistaprint.com');
Insert into ST52501.MEMBERS (MEMBER_ID,FIRST_NAME,LAST_NAME,GENDER,DOB,EMAIL) values (937,'Ollie','Kubis','M',to_date('20-MAY-73','DD-MON-RR'),'okubisq0@earthlink.net');
Insert into ST52501.MEMBERS (MEMBER_ID,FIRST_NAME,LAST_NAME,GENDER,DOB,EMAIL) values (938,'Remus','Koppelmann','M',to_date('01-JAN-93','DD-MON-RR'),'rkoppelmannq1@gmpg.org');
Insert into ST52501.MEMBERS (MEMBER_ID,FIRST_NAME,LAST_NAME,GENDER,DOB,EMAIL) values (939,'Caye','Morrel','F',to_date('11-JAN-91','DD-MON-RR'),'cmorrelq2@nytimes.com');
Insert into ST52501.MEMBERS (MEMBER_ID,FIRST_NAME,LAST_NAME,GENDER,DOB,EMAIL) values (940,'Clarissa','Archibould','F',to_date('15-MAR-80','DD-MON-RR'),'carchibouldq3@nyu.edu');
Insert into ST52501.MEMBERS (MEMBER_ID,FIRST_NAME,LAST_NAME,GENDER,DOB,EMAIL) values (941,'Jordan','Hamnet','M',to_date('10-JUN-79','DD-MON-RR'),'jhamnetq4@fastcompany.com');
Insert into ST52501.MEMBERS (MEMBER_ID,FIRST_NAME,LAST_NAME,GENDER,DOB,EMAIL) values (942,'Lane','Rosel','M',to_date('11-JUN-73','DD-MON-RR'),'lroselq5@homestead.com');
Insert into ST52501.MEMBERS (MEMBER_ID,FIRST_NAME,LAST_NAME,GENDER,DOB,EMAIL) values (943,'Zola','Zoephel','F',to_date('25-NOV-74','DD-MON-RR'),'zzoephelq6@purevolume.com');
Insert into ST52501.MEMBERS (MEMBER_ID,FIRST_NAME,LAST_NAME,GENDER,DOB,EMAIL) values (944,'Trever','Winyard','M',to_date('18-OCT-99','DD-MON-RR'),'twinyardq7@feedburner.com');
Insert into ST52501.MEMBERS (MEMBER_ID,FIRST_NAME,LAST_NAME,GENDER,DOB,EMAIL) values (945,'Elie','Gorcke','F',to_date('18-APR-77','DD-MON-RR'),'egorckeq8@cdbaby.com');
Insert into ST52501.MEMBERS (MEMBER_ID,FIRST_NAME,LAST_NAME,GENDER,DOB,EMAIL) values (946,'Agathe','Trethowan','F',to_date('03-JUN-75','DD-MON-RR'),'atrethowanq9@devhub.com');
Insert into ST52501.MEMBERS (MEMBER_ID,FIRST_NAME,LAST_NAME,GENDER,DOB,EMAIL) values (947,'Alvira','Roch','F',to_date('20-JAN-81','DD-MON-RR'),'arochqa@rakuten.co.jp');
Insert into ST52501.MEMBERS (MEMBER_ID,FIRST_NAME,LAST_NAME,GENDER,DOB,EMAIL) values (948,'Konstantine','Schutte','M',to_date('21-MAY-91','DD-MON-RR'),'kschutteqb@cnn.com');
Insert into ST52501.MEMBERS (MEMBER_ID,FIRST_NAME,LAST_NAME,GENDER,DOB,EMAIL) values (949,'Enrique','MacLise','M',to_date('05-DEC-79','DD-MON-RR'),'emacliseqc@cpanel.net');
Insert into ST52501.MEMBERS (MEMBER_ID,FIRST_NAME,LAST_NAME,GENDER,DOB,EMAIL) values (950,'Oren','Lanchester','M',to_date('26-APR-92','DD-MON-RR'),'olanchesterqd@de.vu');
Insert into ST52501.MEMBERS (MEMBER_ID,FIRST_NAME,LAST_NAME,GENDER,DOB,EMAIL) values (951,'Clarisse','Aykroyd','F',to_date('23-AUG-82','DD-MON-RR'),'caykroydqe@livejournal.com');
Insert into ST52501.MEMBERS (MEMBER_ID,FIRST_NAME,LAST_NAME,GENDER,DOB,EMAIL) values (952,'Carolus','Barrows','M',to_date('02-APR-82','DD-MON-RR'),'cbarrowsqf@nymag.com');
Insert into ST52501.MEMBERS (MEMBER_ID,FIRST_NAME,LAST_NAME,GENDER,DOB,EMAIL) values (953,'Desmund','Paladini','M',to_date('11-JUL-74','DD-MON-RR'),'dpaladiniqg@yandex.ru');
Insert into ST52501.MEMBERS (MEMBER_ID,FIRST_NAME,LAST_NAME,GENDER,DOB,EMAIL) values (954,'Niel','Crumbleholme','M',to_date('05-APR-94','DD-MON-RR'),'ncrumbleholmeqh@nih.gov');
Insert into ST52501.MEMBERS (MEMBER_ID,FIRST_NAME,LAST_NAME,GENDER,DOB,EMAIL) values (955,'Celesta','Tapscott','F',to_date('12-MAR-85','DD-MON-RR'),'ctapscottqi@jalbum.net');
Insert into ST52501.MEMBERS (MEMBER_ID,FIRST_NAME,LAST_NAME,GENDER,DOB,EMAIL) values (956,'Garreth','Gumby','M',to_date('23-AUG-93','DD-MON-RR'),'ggumbyqj@squarespace.com');
Insert into ST52501.MEMBERS (MEMBER_ID,FIRST_NAME,LAST_NAME,GENDER,DOB,EMAIL) values (957,'Martynne','Cicchitello','F',to_date('07-MAR-89','DD-MON-RR'),'mcicchitelloqk@auda.org.au');
Insert into ST52501.MEMBERS (MEMBER_ID,FIRST_NAME,LAST_NAME,GENDER,DOB,EMAIL) values (958,'Blair','Lochran','F',to_date('18-MAR-96','DD-MON-RR'),'blochranql@prweb.com');
Insert into ST52501.MEMBERS (MEMBER_ID,FIRST_NAME,LAST_NAME,GENDER,DOB,EMAIL) values (959,'Alexina','Wannan','F',to_date('05-DEC-98','DD-MON-RR'),'awannanqm@privacy.gov.au');
Insert into ST52501.MEMBERS (MEMBER_ID,FIRST_NAME,LAST_NAME,GENDER,DOB,EMAIL) values (960,'Clarinda','Buzzing','F',to_date('29-DEC-94','DD-MON-RR'),'cbuzzingqn@sakura.ne.jp');
Insert into ST52501.MEMBERS (MEMBER_ID,FIRST_NAME,LAST_NAME,GENDER,DOB,EMAIL) values (961,'Felisha','Fern','F',to_date('11-MAY-90','DD-MON-RR'),'ffernqo@zdnet.com');
Insert into ST52501.MEMBERS (MEMBER_ID,FIRST_NAME,LAST_NAME,GENDER,DOB,EMAIL) values (962,'Ninon','Cotes','F',to_date('02-SEP-90','DD-MON-RR'),'ncotesqp@ycombinator.com');
Insert into ST52501.MEMBERS (MEMBER_ID,FIRST_NAME,LAST_NAME,GENDER,DOB,EMAIL) values (963,'Mariejeanne','Lansly','F',to_date('25-OCT-83','DD-MON-RR'),'mlanslyqq@google.pl');
Insert into ST52501.MEMBERS (MEMBER_ID,FIRST_NAME,LAST_NAME,GENDER,DOB,EMAIL) values (964,'Karel','Korfmann','M',to_date('13-NOV-96','DD-MON-RR'),'kkorfmannqr@techcrunch.com');
Insert into ST52501.MEMBERS (MEMBER_ID,FIRST_NAME,LAST_NAME,GENDER,DOB,EMAIL) values (965,'Jose','Clogg','M',to_date('17-MAY-81','DD-MON-RR'),'jcloggqs@a8.net');
Insert into ST52501.MEMBERS (MEMBER_ID,FIRST_NAME,LAST_NAME,GENDER,DOB,EMAIL) values (966,'Valentino','Ratray','M',to_date('25-DEC-91','DD-MON-RR'),'vratrayqt@macromedia.com');
Insert into ST52501.MEMBERS (MEMBER_ID,FIRST_NAME,LAST_NAME,GENDER,DOB,EMAIL) values (967,'Linea','Lithgow','F',to_date('27-MAY-95','DD-MON-RR'),'llithgowqu@spotify.com');
Insert into ST52501.MEMBERS (MEMBER_ID,FIRST_NAME,LAST_NAME,GENDER,DOB,EMAIL) values (968,'Sybyl','O''Kennavain','F',to_date('09-FEB-93','DD-MON-RR'),'sokennavainqv@devhub.com');
Insert into ST52501.MEMBERS (MEMBER_ID,FIRST_NAME,LAST_NAME,GENDER,DOB,EMAIL) values (969,'Modesta','Danson','F',to_date('30-JAN-70','DD-MON-RR'),'mdansonqw@webnode.com');
Insert into ST52501.MEMBERS (MEMBER_ID,FIRST_NAME,LAST_NAME,GENDER,DOB,EMAIL) values (970,'Cos','Pigram','M',to_date('05-MAR-75','DD-MON-RR'),'cpigramqx@phoca.cz');
Insert into ST52501.MEMBERS (MEMBER_ID,FIRST_NAME,LAST_NAME,GENDER,DOB,EMAIL) values (971,'Tarrance','Aitchison','M',to_date('04-OCT-80','DD-MON-RR'),'taitchisonqy@technorati.com');
Insert into ST52501.MEMBERS (MEMBER_ID,FIRST_NAME,LAST_NAME,GENDER,DOB,EMAIL) values (972,'Gay','McClymont','F',to_date('11-JUN-84','DD-MON-RR'),'gmcclymontqz@dell.com');
Insert into ST52501.MEMBERS (MEMBER_ID,FIRST_NAME,LAST_NAME,GENDER,DOB,EMAIL) values (973,'Montague','Heartfield','M',to_date('13-MAY-80','DD-MON-RR'),'mheartfieldr0@vistaprint.com');
Insert into ST52501.MEMBERS (MEMBER_ID,FIRST_NAME,LAST_NAME,GENDER,DOB,EMAIL) values (974,'Sandi','Simek','F',to_date('21-FEB-75','DD-MON-RR'),'ssimekr1@homestead.com');
Insert into ST52501.MEMBERS (MEMBER_ID,FIRST_NAME,LAST_NAME,GENDER,DOB,EMAIL) values (975,'Dominique','Trenouth','F',to_date('29-SEP-71','DD-MON-RR'),'dtrenouthr2@sohu.com');
Insert into ST52501.MEMBERS (MEMBER_ID,FIRST_NAME,LAST_NAME,GENDER,DOB,EMAIL) values (976,'Valentia','Bengochea','F',to_date('13-JUN-83','DD-MON-RR'),'vbengochear3@arstechnica.com');
Insert into ST52501.MEMBERS (MEMBER_ID,FIRST_NAME,LAST_NAME,GENDER,DOB,EMAIL) values (977,'Bryan','Powner','M',to_date('30-SEP-78','DD-MON-RR'),'bpownerr4@ca.gov');
Insert into ST52501.MEMBERS (MEMBER_ID,FIRST_NAME,LAST_NAME,GENDER,DOB,EMAIL) values (978,'Stepha','Paulig','F',to_date('24-MAR-78','DD-MON-RR'),'spauligr5@adobe.com');
Insert into ST52501.MEMBERS (MEMBER_ID,FIRST_NAME,LAST_NAME,GENDER,DOB,EMAIL) values (979,'Ethel','Brounsell','F',to_date('05-DEC-75','DD-MON-RR'),'ebrounsellr6@e-recht24.de');
Insert into ST52501.MEMBERS (MEMBER_ID,FIRST_NAME,LAST_NAME,GENDER,DOB,EMAIL) values (980,'Waring','Doumerque','M',to_date('22-NOV-88','DD-MON-RR'),'wdoumerquer7@msn.com');
Insert into ST52501.MEMBERS (MEMBER_ID,FIRST_NAME,LAST_NAME,GENDER,DOB,EMAIL) values (981,'Dana','Duval','M',to_date('09-NOV-89','DD-MON-RR'),'dduvalr8@squidoo.com');
Insert into ST52501.MEMBERS (MEMBER_ID,FIRST_NAME,LAST_NAME,GENDER,DOB,EMAIL) values (982,'Melesa','Shelley','F',to_date('14-FEB-76','DD-MON-RR'),'mshelleyr9@state.tx.us');
Insert into ST52501.MEMBERS (MEMBER_ID,FIRST_NAME,LAST_NAME,GENDER,DOB,EMAIL) values (983,'Fancy','Merill','F',to_date('27-DEC-89','DD-MON-RR'),'fmerillra@skype.com');
Insert into ST52501.MEMBERS (MEMBER_ID,FIRST_NAME,LAST_NAME,GENDER,DOB,EMAIL) values (984,'Susy','Cardinale','F',to_date('31-MAR-85','DD-MON-RR'),'scardinalerb@elegantthemes.com');
Insert into ST52501.MEMBERS (MEMBER_ID,FIRST_NAME,LAST_NAME,GENDER,DOB,EMAIL) values (985,'Melvyn','Squirrel','M',to_date('22-NOV-75','DD-MON-RR'),'msquirrelrc@dagondesign.com');
Insert into ST52501.MEMBERS (MEMBER_ID,FIRST_NAME,LAST_NAME,GENDER,DOB,EMAIL) values (986,'Maximilien','Benck','M',to_date('19-NOV-71','DD-MON-RR'),'mbenckrd@ocn.ne.jp');
Insert into ST52501.MEMBERS (MEMBER_ID,FIRST_NAME,LAST_NAME,GENDER,DOB,EMAIL) values (987,'Archy','Donnett','M',to_date('25-APR-75','DD-MON-RR'),'adonnettre@illinois.edu');
Insert into ST52501.MEMBERS (MEMBER_ID,FIRST_NAME,LAST_NAME,GENDER,DOB,EMAIL) values (988,'Brock','Boynes','M',to_date('07-APR-98','DD-MON-RR'),'bboynesrf@histats.com');
Insert into ST52501.MEMBERS (MEMBER_ID,FIRST_NAME,LAST_NAME,GENDER,DOB,EMAIL) values (989,'Ralph','Eagger','M',to_date('14-MAY-93','DD-MON-RR'),'reaggerrg@telegraph.co.uk');
Insert into ST52501.MEMBERS (MEMBER_ID,FIRST_NAME,LAST_NAME,GENDER,DOB,EMAIL) values (990,'Jody','Moyers','M',to_date('18-JUN-94','DD-MON-RR'),'jmoyersrh@discovery.com');
Insert into ST52501.MEMBERS (MEMBER_ID,FIRST_NAME,LAST_NAME,GENDER,DOB,EMAIL) values (991,'Barclay','Poltone','M',to_date('21-MAR-77','DD-MON-RR'),'bpoltoneri@histats.com');
Insert into ST52501.MEMBERS (MEMBER_ID,FIRST_NAME,LAST_NAME,GENDER,DOB,EMAIL) values (992,'Elmo','Novakovic','M',to_date('24-AUG-92','DD-MON-RR'),'enovakovicrj@ucoz.ru');
Insert into ST52501.MEMBERS (MEMBER_ID,FIRST_NAME,LAST_NAME,GENDER,DOB,EMAIL) values (993,'Nicko','Gouley','M',to_date('20-OCT-75','DD-MON-RR'),'ngouleyrk@mashable.com');
Insert into ST52501.MEMBERS (MEMBER_ID,FIRST_NAME,LAST_NAME,GENDER,DOB,EMAIL) values (994,'Whitby','Pettecrew','M',to_date('18-FEB-92','DD-MON-RR'),'wpettecrewrl@technorati.com');
Insert into ST52501.MEMBERS (MEMBER_ID,FIRST_NAME,LAST_NAME,GENDER,DOB,EMAIL) values (995,'Boigie','Vest','M',to_date('06-SEP-90','DD-MON-RR'),'bvestrm@purevolume.com');
Insert into ST52501.MEMBERS (MEMBER_ID,FIRST_NAME,LAST_NAME,GENDER,DOB,EMAIL) values (996,'Nixie','Defau','F',to_date('23-MAR-71','DD-MON-RR'),'ndefaurn@moonfruit.com');
Insert into ST52501.MEMBERS (MEMBER_ID,FIRST_NAME,LAST_NAME,GENDER,DOB,EMAIL) values (997,'Ealasaid','Fedorski','F',to_date('11-JUN-71','DD-MON-RR'),'efedorskiro@usnews.com');
Insert into ST52501.MEMBERS (MEMBER_ID,FIRST_NAME,LAST_NAME,GENDER,DOB,EMAIL) values (998,'Saxe','Tressler','M',to_date('19-JAN-82','DD-MON-RR'),'stresslerrp@google.co.jp');
Insert into ST52501.MEMBERS (MEMBER_ID,FIRST_NAME,LAST_NAME,GENDER,DOB,EMAIL) values (999,'Leanor','Surtees','F',to_date('15-OCT-84','DD-MON-RR'),'lsurteesrq@upenn.edu');
Insert into ST52501.MEMBERS (MEMBER_ID,FIRST_NAME,LAST_NAME,GENDER,DOB,EMAIL) values (1000,'Marijn','Shafto','M',to_date('23-SEP-95','DD-MON-RR'),'mshaftorr@free.fr');
REM INSERTING into ST52501.OBJEKT_OZNAMENI
SET DEFINE OFF;
Insert into ST52501.OBJEKT_OZNAMENI (ID,ENTITY_TYPE,ENTITY_ID,CREATED_ON,STATUS) values (1002,1,201,to_timestamp('30-NOV-19 10.16.32.552000000 AM','DD-MON-RR HH.MI.SSXFF AM'),1);
Insert into ST52501.OBJEKT_OZNAMENI (ID,ENTITY_TYPE,ENTITY_ID,CREATED_ON,STATUS) values (1003,1,221,to_timestamp('03-DEC-19 01.39.05.502000000 PM','DD-MON-RR HH.MI.SSXFF AM'),1);
Insert into ST52501.OBJEKT_OZNAMENI (ID,ENTITY_TYPE,ENTITY_ID,CREATED_ON,STATUS) values (1004,1,222,to_timestamp('03-DEC-19 01.39.07.889000000 PM','DD-MON-RR HH.MI.SSXFF AM'),1);
Insert into ST52501.OBJEKT_OZNAMENI (ID,ENTITY_TYPE,ENTITY_ID,CREATED_ON,STATUS) values (1005,1,223,to_timestamp('03-DEC-19 01.40.38.688000000 PM','DD-MON-RR HH.MI.SSXFF AM'),1);
REM INSERTING into ST52501.OBRAZKY
SET DEFINE OFF;
REM INSERTING into ST52501.OZNAMENI
SET DEFINE OFF;
Insert into ST52501.OZNAMENI (ID,NOTIFICATION_OBJECT_ID,NOTIFIER_ID,STATUS) values (1002,1002,3995,1);
Insert into ST52501.OZNAMENI (ID,NOTIFICATION_OBJECT_ID,NOTIFIER_ID,STATUS) values (1003,1003,3995,1);
Insert into ST52501.OZNAMENI (ID,NOTIFICATION_OBJECT_ID,NOTIFIER_ID,STATUS) values (1004,1004,3995,1);
Insert into ST52501.OZNAMENI (ID,NOTIFICATION_OBJECT_ID,NOTIFIER_ID,STATUS) values (1005,1005,3995,1);
REM INSERTING into ST52501.OZNAMENI_ZMENA
SET DEFINE OFF;
Insert into ST52501.OZNAMENI_ZMENA (ID,NOTIFICATION_OBJECT_ID,ACTOR_ID,STATUS) values (1002,1002,3995,1);
Insert into ST52501.OZNAMENI_ZMENA (ID,NOTIFICATION_OBJECT_ID,ACTOR_ID,STATUS) values (1003,1003,3995,1);
Insert into ST52501.OZNAMENI_ZMENA (ID,NOTIFICATION_OBJECT_ID,ACTOR_ID,STATUS) values (1004,1004,3995,1);
Insert into ST52501.OZNAMENI_ZMENA (ID,NOTIFICATION_OBJECT_ID,ACTOR_ID,STATUS) values (1005,1005,3995,1);
REM INSERTING into ST52501.POST
SET DEFINE OFF;
REM INSERTING into ST52501.POST2
SET DEFINE OFF;
REM INSERTING into ST52501.PREDMETY
SET DEFINE OFF;
Insert into ST52501.PREDMETY (ID_PREDMETU,ZKRATKA,NAZEV) values (448957,'ZWWW                                                        ','Design and Construction of Web Pages');
Insert into ST52501.PREDMETY (ID_PREDMETU,ZKRATKA,NAZEV) values (850339,'I3DGR                                                       ','3D Computer Graphics');
Insert into ST52501.PREDMETY (ID_PREDMETU,ZKRATKA,NAZEV) values (490453,'IBIS                                                        ','Security of information systems');
Insert into ST52501.PREDMETY (ID_PREDMETU,ZKRATKA,NAZEV) values (679486,'IBPS                                                        ','Network Security');
Insert into ST52501.PREDMETY (ID_PREDMETU,ZKRATKA,NAZEV) values (481899,'ICAD                                                        ','CAD - Systems');
Insert into ST52501.PREDMETY (ID_PREDMETU,ZKRATKA,NAZEV) values (891064,'IDAS1                                                       ','Database Systems I');
Insert into ST52501.PREDMETY (ID_PREDMETU,ZKRATKA,NAZEV) values (815424,'IDAS2                                                       ','Database Systems II');
Insert into ST52501.PREDMETY (ID_PREDMETU,ZKRATKA,NAZEV) values (593323,'IDASE                                                       ','Database Systems');
Insert into ST52501.PREDMETY (ID_PREDMETU,ZKRATKA,NAZEV) values (782873,'IDASY                                                       ','Database Systems');
Insert into ST52501.PREDMETY (ID_PREDMETU,ZKRATKA,NAZEV) values (476532,'IGRED                                                       ','Graphic Editors');
Insert into ST52501.PREDMETY (ID_PREDMETU,ZKRATKA,NAZEV) values (134739,'IINMC                                                       ','Introduction to New Media and Communication');
Insert into ST52501.PREDMETY (ID_PREDMETU,ZKRATKA,NAZEV) values (908473,'IJAV                                                        ','Programming Techniques in Java');
Insert into ST52501.PREDMETY (ID_PREDMETU,ZKRATKA,NAZEV) values (149761,'IMTA                                                        ','Mobile Technology and Applications');
Insert into ST52501.PREDMETY (ID_PREDMETU,ZKRATKA,NAZEV) values (547526,'IN3DG                                                       ','3D Computer Graphics Software');
Insert into ST52501.PREDMETY (ID_PREDMETU,ZKRATKA,NAZEV) values (99050,'INADS                                                       ','Architecture and Techniques of Database Systems');
Insert into ST52501.PREDMETY (ID_PREDMETU,ZKRATKA,NAZEV) values (833750,'INAPE                                                       ','Personal Data and Copyright Protection');
Insert into ST52501.PREDMETY (ID_PREDMETU,ZKRATKA,NAZEV) values (967354,'INBDS                                                       ','Wireless Network');
Insert into ST52501.PREDMETY (ID_PREDMETU,ZKRATKA,NAZEV) values (871142,'INBOD                                                       ','Security and Data Protection in Mobile ICT');
Insert into ST52501.PREDMETY (ID_PREDMETU,ZKRATKA,NAZEV) values (947903,'INDSK                                                       ','Data warehousing');
Insert into ST52501.PREDMETY (ID_PREDMETU,ZKRATKA,NAZEV) values (499313,'INEPD                                                       ','Electronic Document Preparation');
Insert into ST52501.PREDMETY (ID_PREDMETU,ZKRATKA,NAZEV) values (403428,'INMRF                                                       ','Marketing Management');
Insert into ST52501.PREDMETY (ID_PREDMETU,ZKRATKA,NAZEV) values (952861,'INOS1                                                       ','Operating Systems I');
Insert into ST52501.PREDMETY (ID_PREDMETU,ZKRATKA,NAZEV) values (114803,'INOS2                                                       ','Operating Systems II');
Insert into ST52501.PREDMETY (ID_PREDMETU,ZKRATKA,NAZEV) values (532619,'INPDA                                                       ','Programming Database Applications');
Insert into ST52501.PREDMETY (ID_PREDMETU,ZKRATKA,NAZEV) values (448698,'INPI                                                        ','Business Informatics');
Insert into ST52501.PREDMETY (ID_PREDMETU,ZKRATKA,NAZEV) values (194457,'INPIA                                                       ','Programming of Internet Applications');
Insert into ST52501.PREDMETY (ID_PREDMETU,ZKRATKA,NAZEV) values (224370,'INPPD                                                       ','PR and Presentation Skills');
Insert into ST52501.PREDMETY (ID_PREDMETU,ZKRATKA,NAZEV) values (253181,'INPPE                                                       ','PR and Presentation Skills');
Insert into ST52501.PREDMETY (ID_PREDMETU,ZKRATKA,NAZEV) values (644384,'INTPS                                                       ','Modern trends of computer networks');
Insert into ST52501.PREDMETY (ID_PREDMETU,ZKRATKA,NAZEV) values (276164,'INTWA                                                       ','Automated Web Application Testing');
Insert into ST52501.PREDMETY (ID_PREDMETU,ZKRATKA,NAZEV) values (46631,'INZMT                                                       ','Fundamentals of Multimedia Technology');
Insert into ST52501.PREDMETY (ID_PREDMETU,ZKRATKA,NAZEV) values (349944,'IOPE2                                                       ','Professional Training - Excursion');
Insert into ST52501.PREDMETY (ID_PREDMETU,ZKRATKA,NAZEV) values (846864,'IOPEX                                                       ','Professional Training - Excursion');
Insert into ST52501.PREDMETY (ID_PREDMETU,ZKRATKA,NAZEV) values (460113,'IOSSZ                                                       ','Operating Systems');
Insert into ST52501.PREDMETY (ID_PREDMETU,ZKRATKA,NAZEV) values (698761,'IOSYR                                                       ','Operating Systems');
Insert into ST52501.PREDMETY (ID_PREDMETU,ZKRATKA,NAZEV) values (544990,'IOSYS                                                       ','Operating Systems');
Insert into ST52501.PREDMETY (ID_PREDMETU,ZKRATKA,NAZEV) values (471078,'IPNIN                                                       ','Internet Business');
Insert into ST52501.PREDMETY (ID_PREDMETU,ZKRATKA,NAZEV) values (194569,'IPOGZ                                                       ','Computer Graphics');
Insert into ST52501.PREDMETY (ID_PREDMETU,ZKRATKA,NAZEV) values (616009,'IPRAE                                                       ','Law');
Insert into ST52501.PREDMETY (ID_PREDMETU,ZKRATKA,NAZEV) values (533472,'IPRAV                                                       ','Law');
Insert into ST52501.PREDMETY (ID_PREDMETU,ZKRATKA,NAZEV) values (641492,'IPRTE                                                       ','Programming Techniques');
Insert into ST52501.PREDMETY (ID_PREDMETU,ZKRATKA,NAZEV) values (742486,'IPS1                                                        ','Computer Networks I');
Insert into ST52501.PREDMETY (ID_PREDMETU,ZKRATKA,NAZEV) values (12571,'IPS2                                                        ','Computer Networks II');
Insert into ST52501.PREDMETY (ID_PREDMETU,ZKRATKA,NAZEV) values (716798,'IPS3                                                        ','Computer Networks III');
Insert into ST52501.PREDMETY (ID_PREDMETU,ZKRATKA,NAZEV) values (589698,'IPS4                                                        ','Computer Networks IV');
Insert into ST52501.PREDMETY (ID_PREDMETU,ZKRATKA,NAZEV) values (842257,'IPSSZ                                                       ','Computer Networks');
Insert into ST52501.PREDMETY (ID_PREDMETU,ZKRATKA,NAZEV) values (193738,'IPSTP                                                       ','Psychological preparation for labor market');
Insert into ST52501.PREDMETY (ID_PREDMETU,ZKRATKA,NAZEV) values (132072,'IRPP                                                        ','Practice I');
Insert into ST52501.PREDMETY (ID_PREDMETU,ZKRATKA,NAZEV) values (459988,'IRPP2                                                       ','Practice II');
Insert into ST52501.PREDMETY (ID_PREDMETU,ZKRATKA,NAZEV) values (270660,'ISEPR                                                       ','Seminar project');
Insert into ST52501.PREDMETY (ID_PREDMETU,ZKRATKA,NAZEV) values (651910,'ISOPE                                                       ','Social Psychology');
Insert into ST52501.PREDMETY (ID_PREDMETU,ZKRATKA,NAZEV) values (268316,'ISOS2                                                       ','Management of Operating Systems II');
Insert into ST52501.PREDMETY (ID_PREDMETU,ZKRATKA,NAZEV) values (484882,'ISOSR                                                       ','Management of Operating Systems');
Insert into ST52501.PREDMETY (ID_PREDMETU,ZKRATKA,NAZEV) values (638502,'ISOSY                                                       ','Management of Operating Systems');
Insert into ST52501.PREDMETY (ID_PREDMETU,ZKRATKA,NAZEV) values (413544,'ISPSY                                                       ','Social Psychology');
Insert into ST52501.PREDMETY (ID_PREDMETU,ZKRATKA,NAZEV) values (210178,'ISPWE                                                       ','Web-Server Administration');
Insert into ST52501.PREDMETY (ID_PREDMETU,ZKRATKA,NAZEV) values (494196,'ISQBD                                                       ','no SQL systems and Big Data');
Insert into ST52501.PREDMETY (ID_PREDMETU,ZKRATKA,NAZEV) values (625784,'ISTUP                                                       ','Start-up: From idea to paying customers');
Insert into ST52501.PREDMETY (ID_PREDMETU,ZKRATKA,NAZEV) values (981667,'ISWE                                                        ','Web-Server Administration');
Insert into ST52501.PREDMETY (ID_PREDMETU,ZKRATKA,NAZEV) values (759286,'IUDP                                                        ','Computer?s Architecture');
Insert into ST52501.PREDMETY (ID_PREDMETU,ZKRATKA,NAZEV) values (258998,'IVPH                                                        ','Modern game development');
Insert into ST52501.PREDMETY (ID_PREDMETU,ZKRATKA,NAZEV) values (678700,'IWWW                                                        ','Design and Construction of Web Pages');
Insert into ST52501.PREDMETY (ID_PREDMETU,ZKRATKA,NAZEV) values (850783,'IWWWE                                                       ','Design and Construction of Web Pages');
Insert into ST52501.PREDMETY (ID_PREDMETU,ZKRATKA,NAZEV) values (174395,'IZALG                                                       ','Basics of Algorithmization');
Insert into ST52501.PREDMETY (ID_PREDMETU,ZKRATKA,NAZEV) values (283091,'IZBPR                                                       ','Bachelor Work');
Insert into ST52501.PREDMETY (ID_PREDMETU,ZKRATKA,NAZEV) values (368672,'IZEK                                                        ','Economics Essentials');
Insert into ST52501.PREDMETY (ID_PREDMETU,ZKRATKA,NAZEV) values (348007,'IZEKO                                                       ','Economics Essentials');
Insert into ST52501.PREDMETY (ID_PREDMETU,ZKRATKA,NAZEV) values (965028,'IZKMA                                                       ','Management - Basic Course');
Insert into ST52501.PREDMETY (ID_PREDMETU,ZKRATKA,NAZEV) values (99219,'IZMAR                                                       ','Marketing - Basic Course');
Insert into ST52501.PREDMETY (ID_PREDMETU,ZKRATKA,NAZEV) values (310267,'PATSP                                                       ','Architectures and Techniques of Database Systems');
Insert into ST52501.PREDMETY (ID_PREDMETU,ZKRATKA,NAZEV) values (158738,'ZCTCR                                                       ','Information and Communication Technologies in Tourism');
Insert into ST52501.PREDMETY (ID_PREDMETU,ZKRATKA,NAZEV) values (489946,'ZDASE                                                       ','Database Systems');
Insert into ST52501.PREDMETY (ID_PREDMETU,ZKRATKA,NAZEV) values (287010,'ZINMC                                                       ','Introduction to New Media and Communication');
Insert into ST52501.PREDMETY (ID_PREDMETU,ZKRATKA,NAZEV) values (18999,'ZJAV                                                        ','Programming Techniques in Java');
Insert into ST52501.PREDMETY (ID_PREDMETU,ZKRATKA,NAZEV) values (863829,'ZNTPS                                                       ','Modern Trends in Computer Networks');
Insert into ST52501.PREDMETY (ID_PREDMETU,ZKRATKA,NAZEV) values (980964,'ZOSYS                                                       ','Operating Systems');
Insert into ST52501.PREDMETY (ID_PREDMETU,ZKRATKA,NAZEV) values (165466,'ZPNIN                                                       ','Internet Business');
Insert into ST52501.PREDMETY (ID_PREDMETU,ZKRATKA,NAZEV) values (245744,'ZPS1                                                        ','Computer Networks I');
Insert into ST52501.PREDMETY (ID_PREDMETU,ZKRATKA,NAZEV) values (936305,'ZPS2                                                        ','Computer Networks II');
Insert into ST52501.PREDMETY (ID_PREDMETU,ZKRATKA,NAZEV) values (682893,'ZPS3                                                        ','Computer Networks III');
Insert into ST52501.PREDMETY (ID_PREDMETU,ZKRATKA,NAZEV) values (390228,'ZPS4                                                        ','Computer Networks IV');
Insert into ST52501.PREDMETY (ID_PREDMETU,ZKRATKA,NAZEV) values (852653,'ZSOSY                                                       ','Management of Operating Systems');
Insert into ST52501.PREDMETY (ID_PREDMETU,ZKRATKA,NAZEV) values (464055,'ZUDP                                                        ','Introduction to Computers');
Insert into ST52501.PREDMETY (ID_PREDMETU,ZKRATKA,NAZEV) values (15751,'ZZALG                                                       ','Basics of Algorithmization');
Insert into ST52501.PREDMETY (ID_PREDMETU,ZKRATKA,NAZEV) values (811139,'I3DGR                                                       ','3D Computer Graphics');
REM INSERTING into ST52501.PREDMETY_SP
SET DEFINE OFF;
Insert into ST52501.PREDMETY_SP (ID_PREDMETU_SP,ID_PLANU,ID_PREDMETU,ID_SKUPINY) values (21,666,850339,1);
Insert into ST52501.PREDMETY_SP (ID_PREDMETU_SP,ID_PLANU,ID_PREDMETU,ID_SKUPINY) values (41,666,742486,1);
Insert into ST52501.PREDMETY_SP (ID_PREDMETU_SP,ID_PLANU,ID_PREDMETU,ID_SKUPINY) values (81,60010,15751,81);
Insert into ST52501.PREDMETY_SP (ID_PREDMETU_SP,ID_PLANU,ID_PREDMETU,ID_SKUPINY) values (105,60010,253181,105);
Insert into ST52501.PREDMETY_SP (ID_PREDMETU_SP,ID_PLANU,ID_PREDMETU,ID_SKUPINY) values (106,555,283091,106);
REM INSERTING into ST52501.ROLE
SET DEFINE OFF;
Insert into ST52501.ROLE (ID_ROLE,NAZEV,POZNAMKA,OPRAVNENI) values (77,'Vyucujici',null,null);
Insert into ST52501.ROLE (ID_ROLE,NAZEV,POZNAMKA,OPRAVNENI) values (66,'Administrator',null,null);
Insert into ST52501.ROLE (ID_ROLE,NAZEV,POZNAMKA,OPRAVNENI) values (88,'Student',null,null);
REM INSERTING into ST52501.ROLE_UZIVATELE
SET DEFINE OFF;
Insert into ST52501.ROLE_UZIVATELE (ID_ROLE_UZIVATELE,ID_ROLE,ID_UZIVATELE) values (70,66,2390);
Insert into ST52501.ROLE_UZIVATELE (ID_ROLE_UZIVATELE,ID_ROLE,ID_UZIVATELE) values (71,88,4270);
Insert into ST52501.ROLE_UZIVATELE (ID_ROLE_UZIVATELE,ID_ROLE,ID_UZIVATELE) values (90,77,9528);
Insert into ST52501.ROLE_UZIVATELE (ID_ROLE_UZIVATELE,ID_ROLE,ID_UZIVATELE) values (50,66,23);
Insert into ST52501.ROLE_UZIVATELE (ID_ROLE_UZIVATELE,ID_ROLE,ID_UZIVATELE) values (51,66,3000);
Insert into ST52501.ROLE_UZIVATELE (ID_ROLE_UZIVATELE,ID_ROLE,ID_UZIVATELE) values (52,66,5421);
Insert into ST52501.ROLE_UZIVATELE (ID_ROLE_UZIVATELE,ID_ROLE,ID_UZIVATELE) values (57,66,7360);
Insert into ST52501.ROLE_UZIVATELE (ID_ROLE_UZIVATELE,ID_ROLE,ID_UZIVATELE) values (963,88,7289);
Insert into ST52501.ROLE_UZIVATELE (ID_ROLE_UZIVATELE,ID_ROLE,ID_UZIVATELE) values (273,88,7418);
Insert into ST52501.ROLE_UZIVATELE (ID_ROLE_UZIVATELE,ID_ROLE,ID_UZIVATELE) values (631,88,4199);
Insert into ST52501.ROLE_UZIVATELE (ID_ROLE_UZIVATELE,ID_ROLE,ID_UZIVATELE) values (358,88,1838);
Insert into ST52501.ROLE_UZIVATELE (ID_ROLE_UZIVATELE,ID_ROLE,ID_UZIVATELE) values (265,88,1709);
Insert into ST52501.ROLE_UZIVATELE (ID_ROLE_UZIVATELE,ID_ROLE,ID_UZIVATELE) values (970,88,3741);
Insert into ST52501.ROLE_UZIVATELE (ID_ROLE_UZIVATELE,ID_ROLE,ID_UZIVATELE) values (614,88,6213);
Insert into ST52501.ROLE_UZIVATELE (ID_ROLE_UZIVATELE,ID_ROLE,ID_UZIVATELE) values (182,88,1806);
Insert into ST52501.ROLE_UZIVATELE (ID_ROLE_UZIVATELE,ID_ROLE,ID_UZIVATELE) values (966,88,1655);
Insert into ST52501.ROLE_UZIVATELE (ID_ROLE_UZIVATELE,ID_ROLE,ID_UZIVATELE) values (663,88,8592);
Insert into ST52501.ROLE_UZIVATELE (ID_ROLE_UZIVATELE,ID_ROLE,ID_UZIVATELE) values (641,88,2508);
Insert into ST52501.ROLE_UZIVATELE (ID_ROLE_UZIVATELE,ID_ROLE,ID_UZIVATELE) values (457,88,3237);
Insert into ST52501.ROLE_UZIVATELE (ID_ROLE_UZIVATELE,ID_ROLE,ID_UZIVATELE) values (914,88,6991);
Insert into ST52501.ROLE_UZIVATELE (ID_ROLE_UZIVATELE,ID_ROLE,ID_UZIVATELE) values (639,88,5617);
Insert into ST52501.ROLE_UZIVATELE (ID_ROLE_UZIVATELE,ID_ROLE,ID_UZIVATELE) values (286,88,7852);
Insert into ST52501.ROLE_UZIVATELE (ID_ROLE_UZIVATELE,ID_ROLE,ID_UZIVATELE) values (686,88,9876);
Insert into ST52501.ROLE_UZIVATELE (ID_ROLE_UZIVATELE,ID_ROLE,ID_UZIVATELE) values (805,88,6142);
Insert into ST52501.ROLE_UZIVATELE (ID_ROLE_UZIVATELE,ID_ROLE,ID_UZIVATELE) values (799,88,5251);
Insert into ST52501.ROLE_UZIVATELE (ID_ROLE_UZIVATELE,ID_ROLE,ID_UZIVATELE) values (767,77,5117);
Insert into ST52501.ROLE_UZIVATELE (ID_ROLE_UZIVATELE,ID_ROLE,ID_UZIVATELE) values (692,77,6125);
Insert into ST52501.ROLE_UZIVATELE (ID_ROLE_UZIVATELE,ID_ROLE,ID_UZIVATELE) values (865,77,1996);
Insert into ST52501.ROLE_UZIVATELE (ID_ROLE_UZIVATELE,ID_ROLE,ID_UZIVATELE) values (307,77,8512);
Insert into ST52501.ROLE_UZIVATELE (ID_ROLE_UZIVATELE,ID_ROLE,ID_UZIVATELE) values (859,77,7741);
Insert into ST52501.ROLE_UZIVATELE (ID_ROLE_UZIVATELE,ID_ROLE,ID_UZIVATELE) values (611,77,1055);
Insert into ST52501.ROLE_UZIVATELE (ID_ROLE_UZIVATELE,ID_ROLE,ID_UZIVATELE) values (606,77,353);
Insert into ST52501.ROLE_UZIVATELE (ID_ROLE_UZIVATELE,ID_ROLE,ID_UZIVATELE) values (899,77,275);
Insert into ST52501.ROLE_UZIVATELE (ID_ROLE_UZIVATELE,ID_ROLE,ID_UZIVATELE) values (368,77,3986);
Insert into ST52501.ROLE_UZIVATELE (ID_ROLE_UZIVATELE,ID_ROLE,ID_UZIVATELE) values (909,77,3259);
Insert into ST52501.ROLE_UZIVATELE (ID_ROLE_UZIVATELE,ID_ROLE,ID_UZIVATELE) values (756,77,5655);
Insert into ST52501.ROLE_UZIVATELE (ID_ROLE_UZIVATELE,ID_ROLE,ID_UZIVATELE) values (794,77,2458);
Insert into ST52501.ROLE_UZIVATELE (ID_ROLE_UZIVATELE,ID_ROLE,ID_UZIVATELE) values (755,77,2616);
Insert into ST52501.ROLE_UZIVATELE (ID_ROLE_UZIVATELE,ID_ROLE,ID_UZIVATELE) values (235,77,1098);
Insert into ST52501.ROLE_UZIVATELE (ID_ROLE_UZIVATELE,ID_ROLE,ID_UZIVATELE) values (232,77,6118);
Insert into ST52501.ROLE_UZIVATELE (ID_ROLE_UZIVATELE,ID_ROLE,ID_UZIVATELE) values (217,77,266);
Insert into ST52501.ROLE_UZIVATELE (ID_ROLE_UZIVATELE,ID_ROLE,ID_UZIVATELE) values (215,77,5647);
Insert into ST52501.ROLE_UZIVATELE (ID_ROLE_UZIVATELE,ID_ROLE,ID_UZIVATELE) values (579,77,1870);
Insert into ST52501.ROLE_UZIVATELE (ID_ROLE_UZIVATELE,ID_ROLE,ID_UZIVATELE) values (136,77,9107);
Insert into ST52501.ROLE_UZIVATELE (ID_ROLE_UZIVATELE,ID_ROLE,ID_UZIVATELE) values (333,66,6125);
REM INSERTING into ST52501.SKUPINY
SET DEFINE OFF;
Insert into ST52501.SKUPINY (ID_SKUPINY,NAZEV,ID_KOMENTARE,ID_PLANU) values (106,'rp_02',124,555);
Insert into ST52501.SKUPINY (ID_SKUPINY,NAZEV,ID_KOMENTARE,ID_PLANU) values (105,'Kom_02',null,60010);
Insert into ST52501.SKUPINY (ID_SKUPINY,NAZEV,ID_KOMENTARE,ID_PLANU) values (1,'it_01',102,666);
Insert into ST52501.SKUPINY (ID_SKUPINY,NAZEV,ID_KOMENTARE,ID_PLANU) values (2,'it_02',109,666);
Insert into ST52501.SKUPINY (ID_SKUPINY,NAZEV,ID_KOMENTARE,ID_PLANU) values (3,'rp_01',127,555);
Insert into ST52501.SKUPINY (ID_SKUPINY,NAZEV,ID_KOMENTARE,ID_PLANU) values (81,'Kom_01',null,60010);
REM INSERTING into ST52501.SMITH_TABLE
SET DEFINE OFF;
REM INSERTING into ST52501.STUDENTS
SET DEFINE OFF;
REM INSERTING into ST52501.STUDIJNI_OBORY
SET DEFINE OFF;
Insert into ST52501.STUDIJNI_OBORY (ID_OBORU,NAZEV,POPIS) values (2612060,'Komunikacni a mikroprocesorova technika','Bakalarsky prezencni (3 roky) studijni program je urcen pro pripravu vysokoskolsky vzdelanych odborniku s uplatnenim v elektrotechnickem  prumyslu, ale i v dalsich odvetvich 
se zamerenim na aplikaci mikroprocesoru a pocitacu pri rizeni, kontrole, ovladani i diagnostice elektronickych systemu a zarizeni.');
Insert into ST52501.STUDIJNI_OBORY (ID_OBORU,NAZEV,POPIS) values (1802007,'Informacni technologie','Bakalarske studium je zamereno predevsim na oblast informacnich technologii z hlediska metod zpracovani informaci, programovacich jazyku, vystavby a spravy databazi, aplikaci systemove analyzy, spravy a obsluhy pocitacovych siti');
Insert into ST52501.STUDIJNI_OBORY (ID_OBORU,NAZEV,POPIS) values (3902046,'Rizeni procesu','Cilem bakalarskeho oboru je pripravit odborniky pro uplatneni v prumyslu v oblasti mereni a automatickeho rizeni, a to v projekci, vyrobe, sprave, diagnostice a udrzbe mericich, informacnich, automatizacnich, zabezpecovacich a obdobnych zarizeni');
REM INSERTING into ST52501.STUDIJNI_PLANY
SET DEFINE OFF;
Insert into ST52501.STUDIJNI_PLANY (ID_PLANU,NAZEV,ID_OBORU,POPIS) values (60010,'Komunikacni a mikroprocesorova technika',2612060,null);
Insert into ST52501.STUDIJNI_PLANY (ID_PLANU,NAZEV,ID_OBORU,POPIS) values (666,'Informacni technologie',1802007,null);
Insert into ST52501.STUDIJNI_PLANY (ID_PLANU,NAZEV,ID_OBORU,POPIS) values (555,'Rizeni procesu',3902046,null);
REM INSERTING into ST52501.UDALOSTI
SET DEFINE OFF;
Insert into ST52501.UDALOSTI (ID_UDALOSTI,DATUM,NAZEV,ID_UZIVATELE,MISTO_KONANI) values (121,to_timestamp('30-MAY-19 09.26.00.000000000 AM','DD-MON-RR HH.MI.SSXFF AM'),'Schuzka',6125,'Praha');
Insert into ST52501.UDALOSTI (ID_UDALOSTI,DATUM,NAZEV,ID_UZIVATELE,MISTO_KONANI) values (122,to_timestamp('26-JUL-19 03.29.00.000000000 PM','DD-MON-RR HH.MI.SSXFF AM'),'Office',6125,'Pardubice');
Insert into ST52501.UDALOSTI (ID_UDALOSTI,DATUM,NAZEV,ID_UZIVATELE,MISTO_KONANI) values (123,to_timestamp('22-JUN-19 10.30.00.000000000 AM','DD-MON-RR HH.MI.SSXFF AM'),'Pohovor',7289,'Kolin');
Insert into ST52501.UDALOSTI (ID_UDALOSTI,DATUM,NAZEV,ID_UZIVATELE,MISTO_KONANI) values (124,to_timestamp('19-SEP-19 06.26.00.000000000 PM','DD-MON-RR HH.MI.SSXFF AM'),'Heart',7289,'Burkino Faso');
Insert into ST52501.UDALOSTI (ID_UDALOSTI,DATUM,NAZEV,ID_UZIVATELE,MISTO_KONANI) values (125,to_timestamp('25-MAY-19 12.28.00.000000000 PM','DD-MON-RR HH.MI.SSXFF AM'),'MS2019',7289,'Ankara');
Insert into ST52501.UDALOSTI (ID_UDALOSTI,DATUM,NAZEV,ID_UZIVATELE,MISTO_KONANI) values (126,to_timestamp('02-MAY-19 01.32.00.000000000 AM','DD-MON-RR HH.MI.SSXFF AM'),'EuroSport',2508,'Berlin');
Insert into ST52501.UDALOSTI (ID_UDALOSTI,DATUM,NAZEV,ID_UZIVATELE,MISTO_KONANI) values (127,to_timestamp('26-MAY-19 12.27.00.000000000 AM','DD-MON-RR HH.MI.SSXFF AM'),'Chekers',2508,'Guantanamo');
Insert into ST52501.UDALOSTI (ID_UDALOSTI,DATUM,NAZEV,ID_UZIVATELE,MISTO_KONANI) values (128,to_timestamp('29-JUN-19 10.25.00.000000000 AM','DD-MON-RR HH.MI.SSXFF AM'),'Tunak',2508,'Black_Delphin');
Insert into ST52501.UDALOSTI (ID_UDALOSTI,DATUM,NAZEV,ID_UZIVATELE,MISTO_KONANI) values (129,to_timestamp('18-MAY-19 03.31.00.000000000 AM','DD-MON-RR HH.MI.SSXFF AM'),'Football',3237,'Prague 4 Nusle');
Insert into ST52501.UDALOSTI (ID_UDALOSTI,DATUM,NAZEV,ID_UZIVATELE,MISTO_KONANI) values (130,to_timestamp('30-MAY-19 02.29.00.000000000 AM','DD-MON-RR HH.MI.SSXFF AM'),'Zapas',3237,'Podebrady');
Insert into ST52501.UDALOSTI (ID_UDALOSTI,DATUM,NAZEV,ID_UZIVATELE,MISTO_KONANI) values (131,to_timestamp('17-MAY-19 02.33.00.000000000 AM','DD-MON-RR HH.MI.SSXFF AM'),'Tenis',3237,'Paris');
Insert into ST52501.UDALOSTI (ID_UDALOSTI,DATUM,NAZEV,ID_UZIVATELE,MISTO_KONANI) values (132,to_timestamp('18-JUL-19 10.23.00.000000000 PM','DD-MON-RR HH.MI.SSXFF AM'),'Divadlo',1655,'Prague');
Insert into ST52501.UDALOSTI (ID_UDALOSTI,DATUM,NAZEV,ID_UZIVATELE,MISTO_KONANI) values (133,to_timestamp('14-MAY-02 04.39.00.000000000 AM','DD-MON-RR HH.MI.SSXFF AM'),'Box',1655,'Brazzaville');
Insert into ST52501.UDALOSTI (ID_UDALOSTI,DATUM,NAZEV,ID_UZIVATELE,MISTO_KONANI) values (134,to_timestamp('25-MAY-19 08.39.00.000000000 AM','DD-MON-RR HH.MI.SSXFF AM'),'Kot',1655,'Astana');
Insert into ST52501.UDALOSTI (ID_UDALOSTI,DATUM,NAZEV,ID_UZIVATELE,MISTO_KONANI) values (135,to_timestamp('25-OCT-19 01.47.00.000000000 PM','DD-MON-RR HH.MI.SSXFF AM'),'Meeting',7741,'Samarkand');
Insert into ST52501.UDALOSTI (ID_UDALOSTI,DATUM,NAZEV,ID_UZIVATELE,MISTO_KONANI) values (136,to_timestamp('28-SEP-19 05.47.00.000000000 AM','DD-MON-RR HH.MI.SSXFF AM'),'Friends',7741,'Germany');
Insert into ST52501.UDALOSTI (ID_UDALOSTI,DATUM,NAZEV,ID_UZIVATELE,MISTO_KONANI) values (138,to_timestamp('18-MAY-00 07.24.00.000000000 AM','DD-MON-RR HH.MI.SSXFF AM'),'IT',7741,'Seznam');
REM INSERTING into ST52501.UNIVERZITY
SET DEFINE OFF;
REM INSERTING into ST52501.USER_OBRAZEK
SET DEFINE OFF;
REM INSERTING into ST52501.UZIVATELE
SET DEFINE OFF;
Insert into ST52501.UZIVATELE (ID_UZIVATELE,LOGIN,HESLO,JMENO,PRIJMENI,POZNAMKA,EMAIL,BLOKACE) values (2390,'st6666','275822df','Erik','Krus',null,'st7289@upce.cz',1);
Insert into ST52501.UZIVATELE (ID_UZIVATELE,LOGIN,HESLO,JMENO,PRIJMENI,POZNAMKA,EMAIL,BLOKACE) values (4270,'st7777','275822fd','dfgdfg','dfgdg',null,'rfdfd',1);
Insert into ST52501.UZIVATELE (ID_UZIVATELE,LOGIN,HESLO,JMENO,PRIJMENI,POZNAMKA,EMAIL,BLOKACE) values (3649,'st3649','j1nw2zqxf2','Dorian','Sweet',null,'st3649@student.upce.cz',0);
Insert into ST52501.UZIVATELE (ID_UZIVATELE,LOGIN,HESLO,JMENO,PRIJMENI,POZNAMKA,EMAIL,BLOKACE) values (5117,'vuyc155100','qrxj9x92c4','Monika','Borkovcova',null,'monika.borkovcova@upce.cz',1);
Insert into ST52501.UZIVATELE (ID_UZIVATELE,LOGIN,HESLO,JMENO,PRIJMENI,POZNAMKA,EMAIL,BLOKACE) values (6125,'vuyc109100','332348df','Josef','Brozek',null,'josef.brozek@student.upce.cz',1);
Insert into ST52501.UZIVATELE (ID_UZIVATELE,LOGIN,HESLO,JMENO,PRIJMENI,POZNAMKA,EMAIL,BLOKACE) values (1996,'vuyc740100','a2ppdgjdak','Lukas','Cegan',null,'lukas.cegan@upce.cz',0);
Insert into ST52501.UZIVATELE (ID_UZIVATELE,LOGIN,HESLO,JMENO,PRIJMENI,POZNAMKA,EMAIL,BLOKACE) values (8512,'vuyc125100','6z84c8120b','Miroslav','Dvorak',null,'miroslav.dvorak@upce.cz',1);
Insert into ST52501.UZIVATELE (ID_UZIVATELE,LOGIN,HESLO,JMENO,PRIJMENI,POZNAMKA,EMAIL,BLOKACE) values (7741,'vuyc751100','w9cn6ythns','Lumir','Gago',null,'lumir.gago@student.upce.cz',1);
Insert into ST52501.UZIVATELE (ID_UZIVATELE,LOGIN,HESLO,JMENO,PRIJMENI,POZNAMKA,EMAIL,BLOKACE) values (1055,'vuyc54100','ix6pv8loi6','Pavel','Horak',null,'pavel.horak@upce.cz',1);
Insert into ST52501.UZIVATELE (ID_UZIVATELE,LOGIN,HESLO,JMENO,PRIJMENI,POZNAMKA,EMAIL,BLOKACE) values (353,'vuyc684100','ayqot8tehz','Tomas','Hudec',null,'tomas.hudec@upce.cz',1);
Insert into ST52501.UZIVATELE (ID_UZIVATELE,LOGIN,HESLO,JMENO,PRIJMENI,POZNAMKA,EMAIL,BLOKACE) values (275,'vuyc380100','cucebfte7l','Simeon','Karamazov',null,'simeon.karamazov@upce.cz',1);
Insert into ST52501.UZIVATELE (ID_UZIVATELE,LOGIN,HESLO,JMENO,PRIJMENI,POZNAMKA,EMAIL,BLOKACE) values (3986,'vuyc849100','rmfyr3amfq','Lubos','Kopecky',null,null,1);
Insert into ST52501.UZIVATELE (ID_UZIVATELE,LOGIN,HESLO,JMENO,PRIJMENI,POZNAMKA,EMAIL,BLOKACE) values (3259,'vuyc412100','tm0zgs1t3w','Zbynek','Kopecky',null,'zbynek.kopecky@upce.cz',1);
Insert into ST52501.UZIVATELE (ID_UZIVATELE,LOGIN,HESLO,JMENO,PRIJMENI,POZNAMKA,EMAIL,BLOKACE) values (5655,'vuyc185100','5ohfpkjk8d','Jiri','Kysela',null,'jiri.kysela@upce.cz',1);
Insert into ST52501.UZIVATELE (ID_UZIVATELE,LOGIN,HESLO,JMENO,PRIJMENI,POZNAMKA,EMAIL,BLOKACE) values (2458,'vuyc110100','8hyt78w6gq','Miloslav','Machacek',null,'miloslav.machacek@upce.cz',1);
Insert into ST52501.UZIVATELE (ID_UZIVATELE,LOGIN,HESLO,JMENO,PRIJMENI,POZNAMKA,EMAIL,BLOKACE) values (2616,'vuyc894100','znq7laj49y','Sona','Neradova',null,'sona.neradova@upce.cz',1);
Insert into ST52501.UZIVATELE (ID_UZIVATELE,LOGIN,HESLO,JMENO,PRIJMENI,POZNAMKA,EMAIL,BLOKACE) values (1098,'vuyc362100','3n8kbhtmcw','Milan','Novotny',null,'milan.novotny@upce.cz',1);
Insert into ST52501.UZIVATELE (ID_UZIVATELE,LOGIN,HESLO,JMENO,PRIJMENI,POZNAMKA,EMAIL,BLOKACE) values (6118,'vuyc302100','lc1fvkcnzb','Dana','Privratska',null,'dana.privratska@upce.cz',1);
Insert into ST52501.UZIVATELE (ID_UZIVATELE,LOGIN,HESLO,JMENO,PRIJMENI,POZNAMKA,EMAIL,BLOKACE) values (266,'vuyc56100','xbwi2versy','Miroslav','Suchy',null,null,1);
Insert into ST52501.UZIVATELE (ID_UZIVATELE,LOGIN,HESLO,JMENO,PRIJMENI,POZNAMKA,EMAIL,BLOKACE) values (5647,'vuyc666100','y2cgk3l9ou','Jiri','Zechmeister',null,'Jiri.Zechmeister@upce.cz',1);
Insert into ST52501.UZIVATELE (ID_UZIVATELE,LOGIN,HESLO,JMENO,PRIJMENI,POZNAMKA,EMAIL,BLOKACE) values (1870,'vuyc557100','j9rv18fo0j','David','Zak',null,'david.zak@upce.cz',1);
Insert into ST52501.UZIVATELE (ID_UZIVATELE,LOGIN,HESLO,JMENO,PRIJMENI,POZNAMKA,EMAIL,BLOKACE) values (9107,'vuyc462100','agn1bbdqzs','Jakub','Zufanek',null,'st40469@student.upce.cz',1);
Insert into ST52501.UZIVATELE (ID_UZIVATELE,LOGIN,HESLO,JMENO,PRIJMENI,POZNAMKA,EMAIL,BLOKACE) values (7289,'st7289','ra40bunuri','Ser','Mukhamediyev',null,'ST52501@student.upce.cz',1);
Insert into ST52501.UZIVATELE (ID_UZIVATELE,LOGIN,HESLO,JMENO,PRIJMENI,POZNAMKA,EMAIL,BLOKACE) values (7418,'st7418','x9eaj9ow7j','Dane','Foster',null,'st7418@student.upce.cz',0);
Insert into ST52501.UZIVATELE (ID_UZIVATELE,LOGIN,HESLO,JMENO,PRIJMENI,POZNAMKA,EMAIL,BLOKACE) values (4199,'st4199','g6im2uspxo','Kiayada','Gray',null,'st4199@student.upce.cz',1);
Insert into ST52501.UZIVATELE (ID_UZIVATELE,LOGIN,HESLO,JMENO,PRIJMENI,POZNAMKA,EMAIL,BLOKACE) values (1838,'st1838','r94h30yeyk','Addison','Alvarado',null,'st1838@student.upce.cz',1);
Insert into ST52501.UZIVATELE (ID_UZIVATELE,LOGIN,HESLO,JMENO,PRIJMENI,POZNAMKA,EMAIL,BLOKACE) values (1709,'st1709','tl9gcumwpn','Alexis','Peck',null,'st1709@student.upce.cz',1);
Insert into ST52501.UZIVATELE (ID_UZIVATELE,LOGIN,HESLO,JMENO,PRIJMENI,POZNAMKA,EMAIL,BLOKACE) values (3741,'st3741','h5wnrfru36','Lucas','Griffin',null,'st3741@student.upce.cz',1);
Insert into ST52501.UZIVATELE (ID_UZIVATELE,LOGIN,HESLO,JMENO,PRIJMENI,POZNAMKA,EMAIL,BLOKACE) values (6213,'st6213','meoxfxhe5e','Matthew','Reed',null,'st6213@student.upce.cz',1);
Insert into ST52501.UZIVATELE (ID_UZIVATELE,LOGIN,HESLO,JMENO,PRIJMENI,POZNAMKA,EMAIL,BLOKACE) values (1806,'st1806','6b9bbzk2wt','Lewis','Sullivan',null,'st1806@student.upce.cz',1);
Insert into ST52501.UZIVATELE (ID_UZIVATELE,LOGIN,HESLO,JMENO,PRIJMENI,POZNAMKA,EMAIL,BLOKACE) values (1655,'st1655','059ub47ir1','Phillip','Chapman',null,'st1655@student.upce.cz',1);
Insert into ST52501.UZIVATELE (ID_UZIVATELE,LOGIN,HESLO,JMENO,PRIJMENI,POZNAMKA,EMAIL,BLOKACE) values (8592,'st8592','54hxutwrh7','Elvis','Rivers',null,'st8592@student.upce.cz',1);
Insert into ST52501.UZIVATELE (ID_UZIVATELE,LOGIN,HESLO,JMENO,PRIJMENI,POZNAMKA,EMAIL,BLOKACE) values (2508,'st2508','aaa5135ne6','Russell','Frost',null,'st2508@student.upce.cz',1);
Insert into ST52501.UZIVATELE (ID_UZIVATELE,LOGIN,HESLO,JMENO,PRIJMENI,POZNAMKA,EMAIL,BLOKACE) values (3237,'st3237','byirqv64i7','Andrew','James',null,'st3237@student.upce.cz',1);
Insert into ST52501.UZIVATELE (ID_UZIVATELE,LOGIN,HESLO,JMENO,PRIJMENI,POZNAMKA,EMAIL,BLOKACE) values (6991,'st6991','gxhwk7q4ih','Amethyst','Sampson',null,'st6991@student.upce.cz',1);
Insert into ST52501.UZIVATELE (ID_UZIVATELE,LOGIN,HESLO,JMENO,PRIJMENI,POZNAMKA,EMAIL,BLOKACE) values (5617,'st5617','ypk202fwyd','Sydney','Craft',null,'st5617@student.upce.cz',1);
Insert into ST52501.UZIVATELE (ID_UZIVATELE,LOGIN,HESLO,JMENO,PRIJMENI,POZNAMKA,EMAIL,BLOKACE) values (7852,'st7852','tf4eg654as','Melvin','Chase',null,'st7852@student.upce.cz',1);
Insert into ST52501.UZIVATELE (ID_UZIVATELE,LOGIN,HESLO,JMENO,PRIJMENI,POZNAMKA,EMAIL,BLOKACE) values (9876,'st9876','d96u7c1bkl','Pamela','Good',null,'st9876@student.upce.cz',1);
Insert into ST52501.UZIVATELE (ID_UZIVATELE,LOGIN,HESLO,JMENO,PRIJMENI,POZNAMKA,EMAIL,BLOKACE) values (6142,'st6142','a0mt5z4hxd','Natalie','Becker',null,'st6142@student.upce.cz',1);
Insert into ST52501.UZIVATELE (ID_UZIVATELE,LOGIN,HESLO,JMENO,PRIJMENI,POZNAMKA,EMAIL,BLOKACE) values (5251,'st5251','waxswzr3se','Piper','Colon',null,'st5251@student.upce.cz',1);
Insert into ST52501.UZIVATELE (ID_UZIVATELE,LOGIN,HESLO,JMENO,PRIJMENI,POZNAMKA,EMAIL,BLOKACE) values (9528,'test100','test100','test100','test100',null,'test100',1);
Insert into ST52501.UZIVATELE (ID_UZIVATELE,LOGIN,HESLO,JMENO,PRIJMENI,POZNAMKA,EMAIL,BLOKACE) values (3000,'sfsdfdsf','sfsdfs','asdfd','asdsafa',null,'sdfsfds',1);
Insert into ST52501.UZIVATELE (ID_UZIVATELE,LOGIN,HESLO,JMENO,PRIJMENI,POZNAMKA,EMAIL,BLOKACE) values (7290,'saddam97','332348','Saddam','Abu',null,'saddam@mail.ru',1);
Insert into ST52501.UZIVATELE (ID_UZIVATELE,LOGIN,HESLO,JMENO,PRIJMENI,POZNAMKA,EMAIL,BLOKACE) values (23,'54643765','24031997Df','Adlan','Amagov',null,'admin409@admin.upce.cz',1);
Insert into ST52501.UZIVATELE (ID_UZIVATELE,LOGIN,HESLO,JMENO,PRIJMENI,POZNAMKA,EMAIL,BLOKACE) values (39202,'Mudzhahid','543535df','Fifa','Fifa','Nothing new','oleinik.v@mail.ru',0);
Insert into ST52501.UZIVATELE (ID_UZIVATELE,LOGIN,HESLO,JMENO,PRIJMENI,POZNAMKA,EMAIL,BLOKACE) values (3995,'ST52501','275822df','Dzhohar','Issayev',null,'ST52501@student.upce.cz',1);
Insert into ST52501.UZIVATELE (ID_UZIVATELE,LOGIN,HESLO,JMENO,PRIJMENI,POZNAMKA,EMAIL,BLOKACE) values (5421,'xvxcvvxcxv','cxvcxv','vcxvx','xvxcvx',null,'xcvxv',1);
Insert into ST52501.UZIVATELE (ID_UZIVATELE,LOGIN,HESLO,JMENO,PRIJMENI,POZNAMKA,EMAIL,BLOKACE) values (8065,'adasd','adad','asdasd','adsad',null,'adasd',1);
Insert into ST52501.UZIVATELE (ID_UZIVATELE,LOGIN,HESLO,JMENO,PRIJMENI,POZNAMKA,EMAIL,BLOKACE) values (7360,'st7288','275822df','Adlan','Amagov',null,'sdasdad',1);
Insert into ST52501.UZIVATELE (ID_UZIVATELE,LOGIN,HESLO,JMENO,PRIJMENI,POZNAMKA,EMAIL,BLOKACE) values (8020,'fdgdfg345435','sf4343','sdfsfsf','fsfsfs',null,'dfgdg43',1);
REM INSERTING into ST52501.UZIVATELE_SP
SET DEFINE OFF;
Insert into ST52501.UZIVATELE_SP (ID_UZIVATELE_SP,ID_UZIVATELE,ID_ST_PLANU) values (161,4270,666);
Insert into ST52501.UZIVATELE_SP (ID_UZIVATELE_SP,ID_UZIVATELE,ID_ST_PLANU) values (107,6125,666);
Insert into ST52501.UZIVATELE_SP (ID_UZIVATELE_SP,ID_UZIVATELE,ID_ST_PLANU) values (108,1996,666);
Insert into ST52501.UZIVATELE_SP (ID_UZIVATELE_SP,ID_UZIVATELE,ID_ST_PLANU) values (109,8512,666);
Insert into ST52501.UZIVATELE_SP (ID_UZIVATELE_SP,ID_UZIVATELE,ID_ST_PLANU) values (110,7741,666);
Insert into ST52501.UZIVATELE_SP (ID_UZIVATELE_SP,ID_UZIVATELE,ID_ST_PLANU) values (111,1055,666);
Insert into ST52501.UZIVATELE_SP (ID_UZIVATELE_SP,ID_UZIVATELE,ID_ST_PLANU) values (112,353,666);
Insert into ST52501.UZIVATELE_SP (ID_UZIVATELE_SP,ID_UZIVATELE,ID_ST_PLANU) values (113,275,666);
Insert into ST52501.UZIVATELE_SP (ID_UZIVATELE_SP,ID_UZIVATELE,ID_ST_PLANU) values (114,3986,666);
Insert into ST52501.UZIVATELE_SP (ID_UZIVATELE_SP,ID_UZIVATELE,ID_ST_PLANU) values (115,3259,666);
Insert into ST52501.UZIVATELE_SP (ID_UZIVATELE_SP,ID_UZIVATELE,ID_ST_PLANU) values (116,5655,666);
Insert into ST52501.UZIVATELE_SP (ID_UZIVATELE_SP,ID_UZIVATELE,ID_ST_PLANU) values (117,2458,666);
Insert into ST52501.UZIVATELE_SP (ID_UZIVATELE_SP,ID_UZIVATELE,ID_ST_PLANU) values (118,2616,666);
Insert into ST52501.UZIVATELE_SP (ID_UZIVATELE_SP,ID_UZIVATELE,ID_ST_PLANU) values (119,1098,555);
Insert into ST52501.UZIVATELE_SP (ID_UZIVATELE_SP,ID_UZIVATELE,ID_ST_PLANU) values (120,6118,555);
Insert into ST52501.UZIVATELE_SP (ID_UZIVATELE_SP,ID_UZIVATELE,ID_ST_PLANU) values (121,266,555);
Insert into ST52501.UZIVATELE_SP (ID_UZIVATELE_SP,ID_UZIVATELE,ID_ST_PLANU) values (122,5647,555);
Insert into ST52501.UZIVATELE_SP (ID_UZIVATELE_SP,ID_UZIVATELE,ID_ST_PLANU) values (123,1870,555);
Insert into ST52501.UZIVATELE_SP (ID_UZIVATELE_SP,ID_UZIVATELE,ID_ST_PLANU) values (124,9107,555);
Insert into ST52501.UZIVATELE_SP (ID_UZIVATELE_SP,ID_UZIVATELE,ID_ST_PLANU) values (125,5117,555);
Insert into ST52501.UZIVATELE_SP (ID_UZIVATELE_SP,ID_UZIVATELE,ID_ST_PLANU) values (126,6125,555);
Insert into ST52501.UZIVATELE_SP (ID_UZIVATELE_SP,ID_UZIVATELE,ID_ST_PLANU) values (106,5117,666);
Insert into ST52501.UZIVATELE_SP (ID_UZIVATELE_SP,ID_UZIVATELE,ID_ST_PLANU) values (127,1996,555);
Insert into ST52501.UZIVATELE_SP (ID_UZIVATELE_SP,ID_UZIVATELE,ID_ST_PLANU) values (128,8512,555);
Insert into ST52501.UZIVATELE_SP (ID_UZIVATELE_SP,ID_UZIVATELE,ID_ST_PLANU) values (129,7741,555);
Insert into ST52501.UZIVATELE_SP (ID_UZIVATELE_SP,ID_UZIVATELE,ID_ST_PLANU) values (130,1055,555);
Insert into ST52501.UZIVATELE_SP (ID_UZIVATELE_SP,ID_UZIVATELE,ID_ST_PLANU) values (181,9528,60010);
Insert into ST52501.UZIVATELE_SP (ID_UZIVATELE_SP,ID_UZIVATELE,ID_ST_PLANU) values (182,9528,60010);
Insert into ST52501.UZIVATELE_SP (ID_UZIVATELE_SP,ID_UZIVATELE,ID_ST_PLANU) values (64,7418,666);
Insert into ST52501.UZIVATELE_SP (ID_UZIVATELE_SP,ID_UZIVATELE,ID_ST_PLANU) values (65,4199,666);
Insert into ST52501.UZIVATELE_SP (ID_UZIVATELE_SP,ID_UZIVATELE,ID_ST_PLANU) values (66,1838,666);
Insert into ST52501.UZIVATELE_SP (ID_UZIVATELE_SP,ID_UZIVATELE,ID_ST_PLANU) values (67,1709,666);
Insert into ST52501.UZIVATELE_SP (ID_UZIVATELE_SP,ID_UZIVATELE,ID_ST_PLANU) values (68,3741,666);
Insert into ST52501.UZIVATELE_SP (ID_UZIVATELE_SP,ID_UZIVATELE,ID_ST_PLANU) values (69,6213,666);
Insert into ST52501.UZIVATELE_SP (ID_UZIVATELE_SP,ID_UZIVATELE,ID_ST_PLANU) values (70,1806,666);
Insert into ST52501.UZIVATELE_SP (ID_UZIVATELE_SP,ID_UZIVATELE,ID_ST_PLANU) values (71,1655,666);
Insert into ST52501.UZIVATELE_SP (ID_UZIVATELE_SP,ID_UZIVATELE,ID_ST_PLANU) values (72,8592,666);
Insert into ST52501.UZIVATELE_SP (ID_UZIVATELE_SP,ID_UZIVATELE,ID_ST_PLANU) values (73,2508,666);
Insert into ST52501.UZIVATELE_SP (ID_UZIVATELE_SP,ID_UZIVATELE,ID_ST_PLANU) values (74,3237,666);
Insert into ST52501.UZIVATELE_SP (ID_UZIVATELE_SP,ID_UZIVATELE,ID_ST_PLANU) values (75,6991,666);
Insert into ST52501.UZIVATELE_SP (ID_UZIVATELE_SP,ID_UZIVATELE,ID_ST_PLANU) values (76,5617,555);
Insert into ST52501.UZIVATELE_SP (ID_UZIVATELE_SP,ID_UZIVATELE,ID_ST_PLANU) values (77,7852,555);
Insert into ST52501.UZIVATELE_SP (ID_UZIVATELE_SP,ID_UZIVATELE,ID_ST_PLANU) values (78,9876,555);
Insert into ST52501.UZIVATELE_SP (ID_UZIVATELE_SP,ID_UZIVATELE,ID_ST_PLANU) values (79,6142,555);
Insert into ST52501.UZIVATELE_SP (ID_UZIVATELE_SP,ID_UZIVATELE,ID_ST_PLANU) values (80,5251,555);
Insert into ST52501.UZIVATELE_SP (ID_UZIVATELE_SP,ID_UZIVATELE,ID_ST_PLANU) values (81,3995,555);
Insert into ST52501.UZIVATELE_SP (ID_UZIVATELE_SP,ID_UZIVATELE,ID_ST_PLANU) values (62,3649,666);
Insert into ST52501.UZIVATELE_SP (ID_UZIVATELE_SP,ID_UZIVATELE,ID_ST_PLANU) values (63,7289,666);
Insert into ST52501.UZIVATELE_SP (ID_UZIVATELE_SP,ID_UZIVATELE,ID_ST_PLANU) values (148,8020,60010);
REM INSERTING into ST52501.ZPRAVY
SET DEFINE OFF;
Insert into ST52501.ZPRAVY (ID_ZPRAVY,CASOVE_RAZITKO,POZNAMKA,PREDMET) values (201,to_timestamp('02-DEC-19 12.48.24.758000000 PM','DD-MON-RR HH.MI.SSXFF AM'),'Google','Google');
Insert into ST52501.ZPRAVY (ID_ZPRAVY,CASOVE_RAZITKO,POZNAMKA,PREDMET) values (141,to_timestamp('12-MAY-19 10.10.08.965000000 AM','DD-MON-RR HH.MI.SSXFF AM'),'st7289','st7289');
Insert into ST52501.ZPRAVY (ID_ZPRAVY,CASOVE_RAZITKO,POZNAMKA,PREDMET) values (143,to_timestamp('12-MAY-19 10.10.46.254000000 AM','DD-MON-RR HH.MI.SSXFF AM'),'st7289Test2','st7289Test2');
Insert into ST52501.ZPRAVY (ID_ZPRAVY,CASOVE_RAZITKO,POZNAMKA,PREDMET) values (142,to_timestamp('12-MAY-19 10.10.29.438000000 AM','DD-MON-RR HH.MI.SSXFF AM'),'st7289Test1','st7289Test1');
Insert into ST52501.ZPRAVY (ID_ZPRAVY,CASOVE_RAZITKO,POZNAMKA,PREDMET) values (144,to_timestamp('12-MAY-19 10.18.36.820000000 AM','DD-MON-RR HH.MI.SSXFF AM'),'st2508','st2508');
Insert into ST52501.ZPRAVY (ID_ZPRAVY,CASOVE_RAZITKO,POZNAMKA,PREDMET) values (145,to_timestamp('12-MAY-19 10.25.12.476000000 AM','DD-MON-RR HH.MI.SSXFF AM'),'st2508','st2508');
Insert into ST52501.ZPRAVY (ID_ZPRAVY,CASOVE_RAZITKO,POZNAMKA,PREDMET) values (146,to_timestamp('12-MAY-19 10.25.34.225000000 AM','DD-MON-RR HH.MI.SSXFF AM'),'st2508','st2508');
Insert into ST52501.ZPRAVY (ID_ZPRAVY,CASOVE_RAZITKO,POZNAMKA,PREDMET) values (147,to_timestamp('12-MAY-19 10.25.49.779000000 AM','DD-MON-RR HH.MI.SSXFF AM'),'st2508','st2508');
Insert into ST52501.ZPRAVY (ID_ZPRAVY,CASOVE_RAZITKO,POZNAMKA,PREDMET) values (148,to_timestamp('12-MAY-19 10.33.42.791000000 AM','DD-MON-RR HH.MI.SSXFF AM'),'st3237','st3237');
Insert into ST52501.ZPRAVY (ID_ZPRAVY,CASOVE_RAZITKO,POZNAMKA,PREDMET) values (149,to_timestamp('12-MAY-19 10.34.01.023000000 AM','DD-MON-RR HH.MI.SSXFF AM'),'st3237','st3237');
Insert into ST52501.ZPRAVY (ID_ZPRAVY,CASOVE_RAZITKO,POZNAMKA,PREDMET) values (150,to_timestamp('12-MAY-19 10.43.22.755000000 AM','DD-MON-RR HH.MI.SSXFF AM'),'st1655','st1655');
Insert into ST52501.ZPRAVY (ID_ZPRAVY,CASOVE_RAZITKO,POZNAMKA,PREDMET) values (151,to_timestamp('12-MAY-19 10.43.34.820000000 AM','DD-MON-RR HH.MI.SSXFF AM'),'st1655','st1655');
Insert into ST52501.ZPRAVY (ID_ZPRAVY,CASOVE_RAZITKO,POZNAMKA,PREDMET) values (152,to_timestamp('12-MAY-19 10.44.08.205000000 AM','DD-MON-RR HH.MI.SSXFF AM'),'st1655','st1655');
Insert into ST52501.ZPRAVY (ID_ZPRAVY,CASOVE_RAZITKO,POZNAMKA,PREDMET) values (182,to_timestamp('02-NOV-19 03.31.45.948000000 PM','DD-MON-RR HH.MI.SSXFF AM'),'gfddg','gfddg');
Insert into ST52501.ZPRAVY (ID_ZPRAVY,CASOVE_RAZITKO,POZNAMKA,PREDMET) values (155,to_timestamp('12-MAY-19 10.56.51.075000000 AM','DD-MON-RR HH.MI.SSXFF AM'),'Gago','Gago');
Insert into ST52501.ZPRAVY (ID_ZPRAVY,CASOVE_RAZITKO,POZNAMKA,PREDMET) values (61,to_timestamp('03-MAY-19 01.04.51.932000000 PM','DD-MON-RR HH.MI.SSXFF AM'),'Zruseni_Vyuky','Zruseni_Vyuky');
Insert into ST52501.ZPRAVY (ID_ZPRAVY,CASOVE_RAZITKO,POZNAMKA,PREDMET) values (154,to_timestamp('12-MAY-19 10.56.38.147000000 AM','DD-MON-RR HH.MI.SSXFF AM'),'Gago','Gago');
Insert into ST52501.ZPRAVY (ID_ZPRAVY,CASOVE_RAZITKO,POZNAMKA,PREDMET) values (2,to_timestamp('01-MAY-19 11.21.37.560000000 AM','DD-MON-RR HH.MI.SSXFF AM'),'K5','Kontakt5');
Insert into ST52501.ZPRAVY (ID_ZPRAVY,CASOVE_RAZITKO,POZNAMKA,PREDMET) values (184,to_timestamp('02-NOV-19 07.32.45.324000000 PM','DD-MON-RR HH.MI.SSXFF AM'),'Cau cCAu','Cau cCAu');
Insert into ST52501.ZPRAVY (ID_ZPRAVY,CASOVE_RAZITKO,POZNAMKA,PREDMET) values (202,to_timestamp('02-DEC-19 12.49.54.677000000 PM','DD-MON-RR HH.MI.SSXFF AM'),'gg','gg');
Insert into ST52501.ZPRAVY (ID_ZPRAVY,CASOVE_RAZITKO,POZNAMKA,PREDMET) values (203,to_timestamp('02-DEC-19 12.51.12.672000000 PM','DD-MON-RR HH.MI.SSXFF AM'),'test','test');
--------------------------------------------------------
--  DDL for Index IMAGES_PK
--------------------------------------------------------

  CREATE UNIQUE INDEX "ST52501"."IMAGES_PK" ON "ST52501"."IMAGES" ("ID") 
  PCTFREE 10 INITRANS 2 MAXTRANS 255 COMPUTE STATISTICS 
  STORAGE(INITIAL 65536 NEXT 1048576 MINEXTENTS 1 MAXEXTENTS 2147483645
  PCTINCREASE 0 FREELISTS 1 FREELIST GROUPS 1
  BUFFER_POOL DEFAULT FLASH_CACHE DEFAULT CELL_FLASH_CACHE DEFAULT)
  TABLESPACE "STUDENTI" ;
--------------------------------------------------------
--  DDL for Index KOMENTARE_ID_KOMENTARE_NUMBER_PK
--------------------------------------------------------

  CREATE UNIQUE INDEX "ST52501"."KOMENTARE_ID_KOMENTARE_NUMBER_PK" ON "ST52501"."KOMENTARE" ("ID_KOMENTARE") 
  PCTFREE 10 INITRANS 2 MAXTRANS 255 COMPUTE STATISTICS 
  STORAGE(INITIAL 65536 NEXT 1048576 MINEXTENTS 1 MAXEXTENTS 2147483645
  PCTINCREASE 0 FREELISTS 1 FREELIST GROUPS 1
  BUFFER_POOL DEFAULT FLASH_CACHE DEFAULT CELL_FLASH_CACHE DEFAULT)
  TABLESPACE "STUDENTI" ;
--------------------------------------------------------
--  DDL for Index KONTAKTY_ID_KONT_NUMBER_PK
--------------------------------------------------------

  CREATE UNIQUE INDEX "ST52501"."KONTAKTY_ID_KONT_NUMBER_PK" ON "ST52501"."KONTAKTY" ("ID_KONT") 
  PCTFREE 10 INITRANS 2 MAXTRANS 255 COMPUTE STATISTICS 
  STORAGE(INITIAL 65536 NEXT 1048576 MINEXTENTS 1 MAXEXTENTS 2147483645
  PCTINCREASE 0 FREELISTS 1 FREELIST GROUPS 1
  BUFFER_POOL DEFAULT FLASH_CACHE DEFAULT CELL_FLASH_CACHE DEFAULT)
  TABLESPACE "STUDENTI" ;
--------------------------------------------------------
--  DDL for Index LIKE_PK
--------------------------------------------------------

  CREATE UNIQUE INDEX "ST52501"."LIKE_PK" ON "ST52501"."LIKES" ("ID") 
  PCTFREE 10 INITRANS 2 MAXTRANS 255 COMPUTE STATISTICS 
  STORAGE(INITIAL 65536 NEXT 1048576 MINEXTENTS 1 MAXEXTENTS 2147483645
  PCTINCREASE 0 FREELISTS 1 FREELIST GROUPS 1
  BUFFER_POOL DEFAULT FLASH_CACHE DEFAULT CELL_FLASH_CACHE DEFAULT)
  TABLESPACE "STUDENTI" ;
--------------------------------------------------------
--  DDL for Index NETID
--------------------------------------------------------

  CREATE UNIQUE INDEX "ST52501"."NETID" ON "ST52501"."CV7_STUDENTI" ("ID_STUDENTA") 
  PCTFREE 10 INITRANS 2 MAXTRANS 255 COMPUTE STATISTICS 
  STORAGE(INITIAL 65536 NEXT 1048576 MINEXTENTS 1 MAXEXTENTS 2147483645
  PCTINCREASE 0 FREELISTS 1 FREELIST GROUPS 1
  BUFFER_POOL DEFAULT FLASH_CACHE DEFAULT CELL_FLASH_CACHE DEFAULT)
  TABLESPACE "STUDENTI" ;
--------------------------------------------------------
--  DDL for Index OBRAZEK_PK
--------------------------------------------------------

  CREATE UNIQUE INDEX "ST52501"."OBRAZEK_PK" ON "ST52501"."OBRAZKY" ("ID") 
  PCTFREE 10 INITRANS 2 MAXTRANS 255 COMPUTE STATISTICS 
  TABLESPACE "STUDENTI" ;
--------------------------------------------------------
--  DDL for Index PK_AUTOR
--------------------------------------------------------

  CREATE UNIQUE INDEX "ST52501"."PK_AUTOR" ON "ST52501"."AUTORI" ("ID_AUTOR") 
  PCTFREE 10 INITRANS 2 MAXTRANS 255 COMPUTE STATISTICS 
  TABLESPACE "STUDENTI" ;
--------------------------------------------------------
--  DDL for Index PK_BOOK
--------------------------------------------------------

  CREATE UNIQUE INDEX "ST52501"."PK_BOOK" ON "ST52501"."KNIHY" ("ISBN") 
  PCTFREE 10 INITRANS 2 MAXTRANS 255 COMPUTE STATISTICS 
  TABLESPACE "STUDENTI" ;
--------------------------------------------------------
--  DDL for Index POST_PK
--------------------------------------------------------

  CREATE UNIQUE INDEX "ST52501"."POST_PK" ON "ST52501"."POST" ("ID") 
  PCTFREE 10 INITRANS 2 MAXTRANS 255 COMPUTE STATISTICS 
  TABLESPACE "STUDENTI" ;
--------------------------------------------------------
--  DDL for Index PREDMETY_SP_UNIQUE
--------------------------------------------------------

  CREATE UNIQUE INDEX "ST52501"."PREDMETY_SP_UNIQUE" ON "ST52501"."PREDMETY_SP" ("ID_PLANU", "ID_PREDMETU", "ID_SKUPINY") 
  PCTFREE 10 INITRANS 2 MAXTRANS 255 COMPUTE STATISTICS 
  STORAGE(INITIAL 65536 NEXT 1048576 MINEXTENTS 1 MAXEXTENTS 2147483645
  PCTINCREASE 0 FREELISTS 1 FREELIST GROUPS 1
  BUFFER_POOL DEFAULT FLASH_CACHE DEFAULT CELL_FLASH_CACHE DEFAULT)
  TABLESPACE "STUDENTI" ;
--------------------------------------------------------
--  DDL for Index SER_OBRAZEK_PK
--------------------------------------------------------

  CREATE UNIQUE INDEX "ST52501"."SER_OBRAZEK_PK" ON "ST52501"."USER_OBRAZEK" ("ID") 
  PCTFREE 10 INITRANS 2 MAXTRANS 255 COMPUTE STATISTICS 
  TABLESPACE "STUDENTI" ;
--------------------------------------------------------
--  DDL for Index SKUPINY_UNIQUE
--------------------------------------------------------

  CREATE UNIQUE INDEX "ST52501"."SKUPINY_UNIQUE" ON "ST52501"."SKUPINY" ("NAZEV", "ID_PLANU") 
  PCTFREE 10 INITRANS 2 MAXTRANS 255 COMPUTE STATISTICS 
  STORAGE(INITIAL 65536 NEXT 1048576 MINEXTENTS 1 MAXEXTENTS 2147483645
  PCTINCREASE 0 FREELISTS 1 FREELIST GROUPS 1
  BUFFER_POOL DEFAULT FLASH_CACHE DEFAULT CELL_FLASH_CACHE DEFAULT)
  TABLESPACE "STUDENTI" ;
--------------------------------------------------------
--  DDL for Index UNI_C
--------------------------------------------------------

  CREATE UNIQUE INDEX "ST52501"."UNI_C" ON "ST52501"."KONTAKTY_UZIVATELE" ("ID_UZIVATELE", "ID_KONTAKTA") 
  PCTFREE 10 INITRANS 2 MAXTRANS 255 COMPUTE STATISTICS 
  STORAGE(INITIAL 65536 NEXT 1048576 MINEXTENTS 1 MAXEXTENTS 2147483645
  PCTINCREASE 0 FREELISTS 1 FREELIST GROUPS 1
  BUFFER_POOL DEFAULT FLASH_CACHE DEFAULT CELL_FLASH_CACHE DEFAULT)
  TABLESPACE "STUDENTI" ;
--------------------------------------------------------
--  DDL for Index UZIVATEL_UNIQUE
--------------------------------------------------------

  CREATE UNIQUE INDEX "ST52501"."UZIVATEL_UNIQUE" ON "ST52501"."UZIVATELE" ("LOGIN", "HESLO", "EMAIL") 
  PCTFREE 10 INITRANS 2 MAXTRANS 255 COMPUTE STATISTICS 
  STORAGE(INITIAL 65536 NEXT 1048576 MINEXTENTS 1 MAXEXTENTS 2147483645
  PCTINCREASE 0 FREELISTS 1 FREELIST GROUPS 1
  BUFFER_POOL DEFAULT FLASH_CACHE DEFAULT CELL_FLASH_CACHE DEFAULT)
  TABLESPACE "STUDENTI" ;
--------------------------------------------------------
--  DDL for Index EMP_EMAIL_UK
--------------------------------------------------------

  CREATE UNIQUE INDEX "ST52501"."EMP_EMAIL_UK" ON "ST52501"."EMPLOYEES_DEMO" ("EMAIL") 
  PCTFREE 10 INITRANS 2 MAXTRANS 255 COMPUTE STATISTICS 
  TABLESPACE "STUDENTI" ;
--------------------------------------------------------
--  DDL for Index EMP_PK
--------------------------------------------------------

  CREATE UNIQUE INDEX "ST52501"."EMP_PK" ON "ST52501"."EMP" ("EMPNO") 
  PCTFREE 10 INITRANS 2 MAXTRANS 255 COMPUTE STATISTICS 
  STORAGE(INITIAL 65536 NEXT 1048576 MINEXTENTS 1 MAXEXTENTS 2147483645
  PCTINCREASE 0 FREELISTS 1 FREELIST GROUPS 1
  BUFFER_POOL DEFAULT FLASH_CACHE DEFAULT CELL_FLASH_CACHE DEFAULT)
  TABLESPACE "STUDENTI" ;
--------------------------------------------------------
--  DDL for Index F_ODR_ORDER_NUMBER_PK
--------------------------------------------------------

  CREATE UNIQUE INDEX "ST52501"."F_ODR_ORDER_NUMBER_PK" ON "ST52501"."F_ORDERS" ("ORDER_NUMBER") 
  PCTFREE 10 INITRANS 2 MAXTRANS 255 COMPUTE STATISTICS 
  TABLESPACE "STUDENTI" ;
--------------------------------------------------------
--  DDL for Index UZIV_JMENO__2
--------------------------------------------------------

  CREATE BITMAP INDEX "ST52501"."UZIV_JMENO__2" ON "ST52501"."UZIVATELE" ("PRIJMENI") 
  PCTFREE 10 INITRANS 2 MAXTRANS 255 COMPUTE STATISTICS 
  STORAGE(INITIAL 65536 NEXT 1048576 MINEXTENTS 1 MAXEXTENTS 2147483645
  PCTINCREASE 0 FREELISTS 1 FREELIST GROUPS 1
  BUFFER_POOL DEFAULT FLASH_CACHE DEFAULT CELL_FLASH_CACHE DEFAULT)
  TABLESPACE "STUDENTI" ;
--------------------------------------------------------
--  DDL for Index MEMBERS_NAME_I
--------------------------------------------------------

  CREATE INDEX "ST52501"."MEMBERS_NAME_I" ON "ST52501"."MEMBERS" ("LAST_NAME", "FIRST_NAME") 
  PCTFREE 10 INITRANS 2 MAXTRANS 255 COMPUTE STATISTICS 
  STORAGE(INITIAL 65536 NEXT 1048576 MINEXTENTS 1 MAXEXTENTS 2147483645
  PCTINCREASE 0 FREELISTS 1 FREELIST GROUPS 1
  BUFFER_POOL DEFAULT FLASH_CACHE DEFAULT CELL_FLASH_CACHE DEFAULT)
  TABLESPACE "STUDENTI" ;
--------------------------------------------------------
--  DDL for Function NUM_CHARACTERS
--------------------------------------------------------

  CREATE OR REPLACE EDITIONABLE FUNCTION "ST52501"."NUM_CHARACTERS" (p_string IN VARCHAR2)
RETURN INTEGER AS
v_num_characters INTEGER;
BEGIN
SELECT LENGTH(p_string) INTO v_num_characters
FROM dual;
RETURN

/
--------------------------------------------------------
--  Constraints for Table UZIVATELE
--------------------------------------------------------

  ALTER TABLE "ST52501"."UZIVATELE" ADD CONSTRAINT "UZIVATEL_UNIQUE" UNIQUE ("LOGIN", "HESLO", "EMAIL")
  USING INDEX PCTFREE 10 INITRANS 2 MAXTRANS 255 COMPUTE STATISTICS 
  STORAGE(INITIAL 65536 NEXT 1048576 MINEXTENTS 1 MAXEXTENTS 2147483645
  PCTINCREASE 0 FREELISTS 1 FREELIST GROUPS 1
  BUFFER_POOL DEFAULT FLASH_CACHE DEFAULT CELL_FLASH_CACHE DEFAULT)
  TABLESPACE "STUDENTI"  ENABLE;
  ALTER TABLE "ST52501"."UZIVATELE" MODIFY ("ID_UZIVATELE" NOT NULL ENABLE);
  ALTER TABLE "ST52501"."UZIVATELE" MODIFY ("LOGIN" NOT NULL ENABLE);
  ALTER TABLE "ST52501"."UZIVATELE" ADD PRIMARY KEY ("ID_UZIVATELE")
  USING INDEX PCTFREE 10 INITRANS 2 MAXTRANS 255 COMPUTE STATISTICS 
  STORAGE(INITIAL 65536 NEXT 1048576 MINEXTENTS 1 MAXEXTENTS 2147483645
  PCTINCREASE 0 FREELISTS 1 FREELIST GROUPS 1
  BUFFER_POOL DEFAULT FLASH_CACHE DEFAULT CELL_FLASH_CACHE DEFAULT)
  TABLESPACE "STUDENTI"  ENABLE;
--------------------------------------------------------
--  Constraints for Table EMP
--------------------------------------------------------

  ALTER TABLE "ST52501"."EMP" MODIFY ("EMPNO" NOT NULL ENABLE);
  ALTER TABLE "ST52501"."EMP" ADD CONSTRAINT "EMP_PK" PRIMARY KEY ("EMPNO")
  USING INDEX PCTFREE 10 INITRANS 2 MAXTRANS 255 COMPUTE STATISTICS 
  STORAGE(INITIAL 65536 NEXT 1048576 MINEXTENTS 1 MAXEXTENTS 2147483645
  PCTINCREASE 0 FREELISTS 1 FREELIST GROUPS 1
  BUFFER_POOL DEFAULT FLASH_CACHE DEFAULT CELL_FLASH_CACHE DEFAULT)
  TABLESPACE "STUDENTI"  ENABLE;
--------------------------------------------------------
--  Constraints for Table STUDIJNI_OBORY
--------------------------------------------------------

  ALTER TABLE "ST52501"."STUDIJNI_OBORY" MODIFY ("ID_OBORU" NOT NULL ENABLE);
  ALTER TABLE "ST52501"."STUDIJNI_OBORY" MODIFY ("NAZEV" NOT NULL ENABLE);
  ALTER TABLE "ST52501"."STUDIJNI_OBORY" ADD PRIMARY KEY ("ID_OBORU")
  USING INDEX PCTFREE 10 INITRANS 2 MAXTRANS 255 COMPUTE STATISTICS 
  STORAGE(INITIAL 65536 NEXT 1048576 MINEXTENTS 1 MAXEXTENTS 2147483645
  PCTINCREASE 0 FREELISTS 1 FREELIST GROUPS 1
  BUFFER_POOL DEFAULT FLASH_CACHE DEFAULT CELL_FLASH_CACHE DEFAULT)
  TABLESPACE "STUDENTI"  ENABLE;
--------------------------------------------------------
--  Constraints for Table OZNAMENI
--------------------------------------------------------

  ALTER TABLE "ST52501"."OZNAMENI" MODIFY ("ID" NOT NULL ENABLE);
  ALTER TABLE "ST52501"."OZNAMENI" MODIFY ("NOTIFICATION_OBJECT_ID" NOT NULL ENABLE);
  ALTER TABLE "ST52501"."OZNAMENI" MODIFY ("NOTIFIER_ID" NOT NULL ENABLE);
  ALTER TABLE "ST52501"."OZNAMENI" MODIFY ("STATUS" NOT NULL ENABLE);
  ALTER TABLE "ST52501"."OZNAMENI" ADD PRIMARY KEY ("ID")
  USING INDEX PCTFREE 10 INITRANS 2 MAXTRANS 255 COMPUTE STATISTICS 
  STORAGE(INITIAL 65536 NEXT 1048576 MINEXTENTS 1 MAXEXTENTS 2147483645
  PCTINCREASE 0 FREELISTS 1 FREELIST GROUPS 1
  BUFFER_POOL DEFAULT FLASH_CACHE DEFAULT CELL_FLASH_CACHE DEFAULT)
  TABLESPACE "STUDENTI"  ENABLE;
--------------------------------------------------------
--  Constraints for Table POST
--------------------------------------------------------

  ALTER TABLE "ST52501"."POST" MODIFY ("ID" NOT NULL ENABLE);
  ALTER TABLE "ST52501"."POST" MODIFY ("DATUMCAS" NOT NULL ENABLE);
  ALTER TABLE "ST52501"."POST" MODIFY ("TEXT" NOT NULL ENABLE);
  ALTER TABLE "ST52501"."POST" MODIFY ("TITULEK" NOT NULL ENABLE);
  ALTER TABLE "ST52501"."POST" ADD CONSTRAINT "POST_PK" PRIMARY KEY ("ID")
  USING INDEX PCTFREE 10 INITRANS 2 MAXTRANS 255 COMPUTE STATISTICS 
  TABLESPACE "STUDENTI"  ENABLE;
--------------------------------------------------------
--  Constraints for Table EMPLOYEES_DEMO
--------------------------------------------------------

  ALTER TABLE "ST52501"."EMPLOYEES_DEMO" MODIFY ("LAST_NAME" CONSTRAINT "EMP_LAST_NAME_NN" NOT NULL ENABLE);
  ALTER TABLE "ST52501"."EMPLOYEES_DEMO" MODIFY ("EMAIL" CONSTRAINT "EMP_EMAIL_NN" NOT NULL ENABLE);
  ALTER TABLE "ST52501"."EMPLOYEES_DEMO" MODIFY ("HIRE_DATE" CONSTRAINT "EMP_HIRE_DATE_NN" NOT NULL ENABLE);
  ALTER TABLE "ST52501"."EMPLOYEES_DEMO" MODIFY ("JOB_ID" CONSTRAINT "EMP_JOB_NN" NOT NULL ENABLE);
  ALTER TABLE "ST52501"."EMPLOYEES_DEMO" MODIFY ("SALARY" CONSTRAINT "EMP_SALARY_NN" NOT NULL ENABLE);
  ALTER TABLE "ST52501"."EMPLOYEES_DEMO" ADD CONSTRAINT "EMP_SALARY_MIN" CHECK (salary > 0) ENABLE;
  ALTER TABLE "ST52501"."EMPLOYEES_DEMO" ADD PRIMARY KEY ("EMPLOYEE_ID")
  USING INDEX PCTFREE 10 INITRANS 2 MAXTRANS 255 COMPUTE STATISTICS 
  TABLESPACE "STUDENTI"  ENABLE;
  ALTER TABLE "ST52501"."EMPLOYEES_DEMO" ADD CONSTRAINT "EMP_EMAIL_UK" UNIQUE ("EMAIL")
  USING INDEX PCTFREE 10 INITRANS 2 MAXTRANS 255 COMPUTE STATISTICS 
  TABLESPACE "STUDENTI"  ENABLE;
--------------------------------------------------------
--  Constraints for Table IMAGES
--------------------------------------------------------

  ALTER TABLE "ST52501"."IMAGES" MODIFY ("ID" NOT NULL ENABLE);
  ALTER TABLE "ST52501"."IMAGES" ADD CONSTRAINT "IMAGES_PK" PRIMARY KEY ("ID")
  USING INDEX PCTFREE 10 INITRANS 2 MAXTRANS 255 COMPUTE STATISTICS 
  STORAGE(INITIAL 65536 NEXT 1048576 MINEXTENTS 1 MAXEXTENTS 2147483645
  PCTINCREASE 0 FREELISTS 1 FREELIST GROUPS 1
  BUFFER_POOL DEFAULT FLASH_CACHE DEFAULT CELL_FLASH_CACHE DEFAULT)
  TABLESPACE "STUDENTI"  ENABLE;
  ALTER TABLE "ST52501"."IMAGES" MODIFY ("IMAGE" NOT NULL ENABLE);
  ALTER TABLE "ST52501"."IMAGES" MODIFY ("NAME" NOT NULL ENABLE);
  ALTER TABLE "ST52501"."IMAGES" MODIFY ("DEFAULT_PC" NOT NULL ENABLE);
  ALTER TABLE "ST52501"."IMAGES" MODIFY ("ID_UZIV" NOT NULL ENABLE);
--------------------------------------------------------
--  Constraints for Table STUDENTS
--------------------------------------------------------

  ALTER TABLE "ST52501"."STUDENTS" ADD PRIMARY KEY ("ST_ID")
  USING INDEX PCTFREE 10 INITRANS 2 MAXTRANS 255 COMPUTE STATISTICS 
  TABLESPACE "STUDENTI"  ENABLE;
--------------------------------------------------------
--  Constraints for Table UDALOSTI
--------------------------------------------------------

  ALTER TABLE "ST52501"."UDALOSTI" MODIFY ("ID_UDALOSTI" NOT NULL ENABLE);
  ALTER TABLE "ST52501"."UDALOSTI" MODIFY ("DATUM" NOT NULL ENABLE);
  ALTER TABLE "ST52501"."UDALOSTI" MODIFY ("OBSAH" NOT NULL ENABLE);
  ALTER TABLE "ST52501"."UDALOSTI" MODIFY ("NAZEV" NOT NULL ENABLE);
  ALTER TABLE "ST52501"."UDALOSTI" MODIFY ("ID_UZIVATELE" NOT NULL ENABLE);
--------------------------------------------------------
--  Constraints for Table CV7_UCI
--------------------------------------------------------

  ALTER TABLE "ST52501"."CV7_UCI" MODIFY ("ID_STUDENTA" NOT NULL ENABLE);
  ALTER TABLE "ST52501"."CV7_UCI" MODIFY ("ID_UCITELE" NOT NULL ENABLE);
  ALTER TABLE "ST52501"."CV7_UCI" MODIFY ("PREDMET" NOT NULL ENABLE);
--------------------------------------------------------
--  Constraints for Table PREDMETY_SP
--------------------------------------------------------

  ALTER TABLE "ST52501"."PREDMETY_SP" MODIFY ("ID_PREDMETU_SP" NOT NULL ENABLE);
  ALTER TABLE "ST52501"."PREDMETY_SP" MODIFY ("ID_PLANU" NOT NULL ENABLE);
  ALTER TABLE "ST52501"."PREDMETY_SP" MODIFY ("ID_PREDMETU" NOT NULL ENABLE);
  ALTER TABLE "ST52501"."PREDMETY_SP" ADD PRIMARY KEY ("ID_PREDMETU_SP")
  USING INDEX PCTFREE 10 INITRANS 2 MAXTRANS 255 COMPUTE STATISTICS 
  STORAGE(INITIAL 65536 NEXT 1048576 MINEXTENTS 1 MAXEXTENTS 2147483645
  PCTINCREASE 0 FREELISTS 1 FREELIST GROUPS 1
  BUFFER_POOL DEFAULT FLASH_CACHE DEFAULT CELL_FLASH_CACHE DEFAULT)
  TABLESPACE "STUDENTI"  ENABLE;
  ALTER TABLE "ST52501"."PREDMETY_SP" ADD CONSTRAINT "PREDMETY_SP_UNIQUE" UNIQUE ("ID_PLANU", "ID_PREDMETU", "ID_SKUPINY")
  USING INDEX PCTFREE 10 INITRANS 2 MAXTRANS 255 COMPUTE STATISTICS 
  STORAGE(INITIAL 65536 NEXT 1048576 MINEXTENTS 1 MAXEXTENTS 2147483645
  PCTINCREASE 0 FREELISTS 1 FREELIST GROUPS 1
  BUFFER_POOL DEFAULT FLASH_CACHE DEFAULT CELL_FLASH_CACHE DEFAULT)
  TABLESPACE "STUDENTI"  ENABLE;
--------------------------------------------------------
--  Constraints for Table KNIHY
--------------------------------------------------------

  ALTER TABLE "ST52501"."KNIHY" MODIFY ("ID_AUTOR" NOT NULL ENABLE);
  ALTER TABLE "ST52501"."KNIHY" MODIFY ("NAZEV" NOT NULL ENABLE);
  ALTER TABLE "ST52501"."KNIHY" MODIFY ("ROKVYDANI" NOT NULL ENABLE);
  ALTER TABLE "ST52501"."KNIHY" MODIFY ("POCETVYTISKU" NOT NULL ENABLE);
  ALTER TABLE "ST52501"."KNIHY" ADD CONSTRAINT "PK_BOOK" PRIMARY KEY ("ISBN")
  USING INDEX PCTFREE 10 INITRANS 2 MAXTRANS 255 COMPUTE STATISTICS 
  TABLESPACE "STUDENTI"  ENABLE;
--------------------------------------------------------
--  Constraints for Table KONTAKTY
--------------------------------------------------------

  ALTER TABLE "ST52501"."KONTAKTY" MODIFY ("ID_KONT" NOT NULL ENABLE);
  ALTER TABLE "ST52501"."KONTAKTY" MODIFY ("PLATNOST" NOT NULL ENABLE);
  ALTER TABLE "ST52501"."KONTAKTY" MODIFY ("ID_UZIVATELE" NOT NULL ENABLE);
  ALTER TABLE "ST52501"."KONTAKTY" ADD CONSTRAINT "KONTAKTY_ID_KONT_NUMBER_PK" PRIMARY KEY ("ID_KONT")
  USING INDEX PCTFREE 10 INITRANS 2 MAXTRANS 255 COMPUTE STATISTICS 
  STORAGE(INITIAL 65536 NEXT 1048576 MINEXTENTS 1 MAXEXTENTS 2147483645
  PCTINCREASE 0 FREELISTS 1 FREELIST GROUPS 1
  BUFFER_POOL DEFAULT FLASH_CACHE DEFAULT CELL_FLASH_CACHE DEFAULT)
  TABLESPACE "STUDENTI"  ENABLE;
--------------------------------------------------------
--  Constraints for Table ROLE_UZIVATELE
--------------------------------------------------------

  ALTER TABLE "ST52501"."ROLE_UZIVATELE" MODIFY ("ID_ROLE_UZIVATELE" NOT NULL ENABLE);
  ALTER TABLE "ST52501"."ROLE_UZIVATELE" MODIFY ("ID_ROLE" NOT NULL ENABLE);
  ALTER TABLE "ST52501"."ROLE_UZIVATELE" MODIFY ("ID_UZIVATELE" NOT NULL ENABLE);
  ALTER TABLE "ST52501"."ROLE_UZIVATELE" ADD PRIMARY KEY ("ID_ROLE_UZIVATELE")
  USING INDEX PCTFREE 10 INITRANS 2 MAXTRANS 255 COMPUTE STATISTICS 
  STORAGE(INITIAL 65536 NEXT 1048576 MINEXTENTS 1 MAXEXTENTS 2147483645
  PCTINCREASE 0 FREELISTS 1 FREELIST GROUPS 1
  BUFFER_POOL DEFAULT FLASH_CACHE DEFAULT CELL_FLASH_CACHE DEFAULT)
  TABLESPACE "STUDENTI"  ENABLE;
--------------------------------------------------------
--  Constraints for Table OBJEKT_OZNAMENI
--------------------------------------------------------

  ALTER TABLE "ST52501"."OBJEKT_OZNAMENI" MODIFY ("ID" NOT NULL ENABLE);
  ALTER TABLE "ST52501"."OBJEKT_OZNAMENI" MODIFY ("ENTITY_TYPE" NOT NULL ENABLE);
  ALTER TABLE "ST52501"."OBJEKT_OZNAMENI" MODIFY ("ENTITY_ID" NOT NULL ENABLE);
  ALTER TABLE "ST52501"."OBJEKT_OZNAMENI" MODIFY ("CREATED_ON" NOT NULL ENABLE);
  ALTER TABLE "ST52501"."OBJEKT_OZNAMENI" MODIFY ("STATUS" NOT NULL ENABLE);
  ALTER TABLE "ST52501"."OBJEKT_OZNAMENI" ADD PRIMARY KEY ("ID")
  USING INDEX PCTFREE 10 INITRANS 2 MAXTRANS 255 COMPUTE STATISTICS 
  STORAGE(INITIAL 65536 NEXT 1048576 MINEXTENTS 1 MAXEXTENTS 2147483645
  PCTINCREASE 0 FREELISTS 1 FREELIST GROUPS 1
  BUFFER_POOL DEFAULT FLASH_CACHE DEFAULT CELL_FLASH_CACHE DEFAULT)
  TABLESPACE "STUDENTI"  ENABLE;
--------------------------------------------------------
--  Constraints for Table ZPRAVY
--------------------------------------------------------

  ALTER TABLE "ST52501"."ZPRAVY" MODIFY ("ID_ZPRAVY" NOT NULL ENABLE);
  ALTER TABLE "ST52501"."ZPRAVY" MODIFY ("CASOVE_RAZITKO" NOT NULL ENABLE);
  ALTER TABLE "ST52501"."ZPRAVY" MODIFY ("OBSAH" NOT NULL ENABLE);
  ALTER TABLE "ST52501"."ZPRAVY" ADD PRIMARY KEY ("ID_ZPRAVY")
  USING INDEX PCTFREE 10 INITRANS 2 MAXTRANS 255 COMPUTE STATISTICS 
  STORAGE(INITIAL 65536 NEXT 1048576 MINEXTENTS 1 MAXEXTENTS 2147483645
  PCTINCREASE 0 FREELISTS 1 FREELIST GROUPS 1
  BUFFER_POOL DEFAULT FLASH_CACHE DEFAULT CELL_FLASH_CACHE DEFAULT)
  TABLESPACE "STUDENTI"  ENABLE;
  ALTER TABLE "ST52501"."ZPRAVY" MODIFY ("PREDMET" NOT NULL ENABLE);
--------------------------------------------------------
--  Constraints for Table AUTORI
--------------------------------------------------------

  ALTER TABLE "ST52501"."AUTORI" MODIFY ("ID_AUTOR" NOT NULL ENABLE);
  ALTER TABLE "ST52501"."AUTORI" MODIFY ("JMENO" NOT NULL ENABLE);
  ALTER TABLE "ST52501"."AUTORI" MODIFY ("PRIJMENI" NOT NULL ENABLE);
  ALTER TABLE "ST52501"."AUTORI" ADD CONSTRAINT "PK_AUTOR" PRIMARY KEY ("ID_AUTOR")
  USING INDEX PCTFREE 10 INITRANS 2 MAXTRANS 255 COMPUTE STATISTICS 
  TABLESPACE "STUDENTI"  ENABLE;
--------------------------------------------------------
--  Constraints for Table FAKULTY
--------------------------------------------------------

  ALTER TABLE "ST52501"."FAKULTY" MODIFY ("NAZEV" NOT NULL ENABLE);
  ALTER TABLE "ST52501"."FAKULTY" MODIFY ("ZKRATKA" NOT NULL ENABLE);
  ALTER TABLE "ST52501"."FAKULTY" ADD PRIMARY KEY ("ID_FAKULTY")
  USING INDEX PCTFREE 10 INITRANS 2 MAXTRANS 255 COMPUTE STATISTICS 
  TABLESPACE "STUDENTI"  ENABLE;
--------------------------------------------------------
--  Constraints for Table OBRAZKY
--------------------------------------------------------

  ALTER TABLE "ST52501"."OBRAZKY" MODIFY ("ID" NOT NULL ENABLE);
  ALTER TABLE "ST52501"."OBRAZKY" MODIFY ("NAZEV" NOT NULL ENABLE);
  ALTER TABLE "ST52501"."OBRAZKY" MODIFY ("DATUM" NOT NULL ENABLE);
  ALTER TABLE "ST52501"."OBRAZKY" ADD CONSTRAINT "OBRAZEK_PK" PRIMARY KEY ("ID")
  USING INDEX PCTFREE 10 INITRANS 2 MAXTRANS 255 COMPUTE STATISTICS 
  TABLESPACE "STUDENTI"  ENABLE;
--------------------------------------------------------
--  Constraints for Table CV7_KNIHY
--------------------------------------------------------

  ALTER TABLE "ST52501"."CV7_KNIHY" ADD PRIMARY KEY ("ID_KNIHY")
  USING INDEX PCTFREE 10 INITRANS 2 MAXTRANS 255 COMPUTE STATISTICS 
  STORAGE(INITIAL 65536 NEXT 1048576 MINEXTENTS 1 MAXEXTENTS 2147483645
  PCTINCREASE 0 FREELISTS 1 FREELIST GROUPS 1
  BUFFER_POOL DEFAULT FLASH_CACHE DEFAULT CELL_FLASH_CACHE DEFAULT)
  TABLESPACE "STUDENTI"  ENABLE;
--------------------------------------------------------
--  Constraints for Table UZIVATELE_SP
--------------------------------------------------------

  ALTER TABLE "ST52501"."UZIVATELE_SP" MODIFY ("ID_UZIVATELE_SP" NOT NULL ENABLE);
  ALTER TABLE "ST52501"."UZIVATELE_SP" MODIFY ("ID_UZIVATELE" NOT NULL ENABLE);
  ALTER TABLE "ST52501"."UZIVATELE_SP" MODIFY ("ID_ST_PLANU" NOT NULL ENABLE);
  ALTER TABLE "ST52501"."UZIVATELE_SP" ADD PRIMARY KEY ("ID_UZIVATELE_SP")
  USING INDEX PCTFREE 10 INITRANS 2 MAXTRANS 255 COMPUTE STATISTICS 
  STORAGE(INITIAL 65536 NEXT 1048576 MINEXTENTS 1 MAXEXTENTS 2147483645
  PCTINCREASE 0 FREELISTS 1 FREELIST GROUPS 1
  BUFFER_POOL DEFAULT FLASH_CACHE DEFAULT CELL_FLASH_CACHE DEFAULT)
  TABLESPACE "STUDENTI"  ENABLE;
--------------------------------------------------------
--  Constraints for Table OZNAMENI_ZMENA
--------------------------------------------------------

  ALTER TABLE "ST52501"."OZNAMENI_ZMENA" MODIFY ("ID" NOT NULL ENABLE);
  ALTER TABLE "ST52501"."OZNAMENI_ZMENA" MODIFY ("NOTIFICATION_OBJECT_ID" NOT NULL ENABLE);
  ALTER TABLE "ST52501"."OZNAMENI_ZMENA" MODIFY ("ACTOR_ID" NOT NULL ENABLE);
  ALTER TABLE "ST52501"."OZNAMENI_ZMENA" ADD PRIMARY KEY ("ID")
  USING INDEX PCTFREE 10 INITRANS 2 MAXTRANS 255 COMPUTE STATISTICS 
  STORAGE(INITIAL 65536 NEXT 1048576 MINEXTENTS 1 MAXEXTENTS 2147483645
  PCTINCREASE 0 FREELISTS 1 FREELIST GROUPS 1
  BUFFER_POOL DEFAULT FLASH_CACHE DEFAULT CELL_FLASH_CACHE DEFAULT)
  TABLESPACE "STUDENTI"  ENABLE;
  ALTER TABLE "ST52501"."OZNAMENI_ZMENA" MODIFY ("STATUS" NOT NULL ENABLE);
--------------------------------------------------------
--  Constraints for Table CV7_STUDENTI
--------------------------------------------------------

  ALTER TABLE "ST52501"."CV7_STUDENTI" MODIFY ("JMENO" NOT NULL ENABLE);
  ALTER TABLE "ST52501"."CV7_STUDENTI" MODIFY ("PRIJMENI" NOT NULL ENABLE);
  ALTER TABLE "ST52501"."CV7_STUDENTI" MODIFY ("NASTUP" NOT NULL ENABLE);
  ALTER TABLE "ST52501"."CV7_STUDENTI" ADD CONSTRAINT "NETID" PRIMARY KEY ("ID_STUDENTA")
  USING INDEX PCTFREE 10 INITRANS 2 MAXTRANS 255 COMPUTE STATISTICS 
  STORAGE(INITIAL 65536 NEXT 1048576 MINEXTENTS 1 MAXEXTENTS 2147483645
  PCTINCREASE 0 FREELISTS 1 FREELIST GROUPS 1
  BUFFER_POOL DEFAULT FLASH_CACHE DEFAULT CELL_FLASH_CACHE DEFAULT)
  TABLESPACE "STUDENTI"  ENABLE;
--------------------------------------------------------
--  Constraints for Table SKUPINY
--------------------------------------------------------

  ALTER TABLE "ST52501"."SKUPINY" MODIFY ("ID_PLANU" NOT NULL ENABLE);
  ALTER TABLE "ST52501"."SKUPINY" MODIFY ("ID_SKUPINY" NOT NULL ENABLE);
  ALTER TABLE "ST52501"."SKUPINY" MODIFY ("NAZEV" NOT NULL ENABLE);
  ALTER TABLE "ST52501"."SKUPINY" ADD PRIMARY KEY ("ID_SKUPINY")
  USING INDEX PCTFREE 10 INITRANS 2 MAXTRANS 255 COMPUTE STATISTICS 
  STORAGE(INITIAL 65536 NEXT 1048576 MINEXTENTS 1 MAXEXTENTS 2147483645
  PCTINCREASE 0 FREELISTS 1 FREELIST GROUPS 1
  BUFFER_POOL DEFAULT FLASH_CACHE DEFAULT CELL_FLASH_CACHE DEFAULT)
  TABLESPACE "STUDENTI"  ENABLE;
  ALTER TABLE "ST52501"."SKUPINY" ADD CONSTRAINT "SKUPINY_UNIQUE" UNIQUE ("NAZEV", "ID_PLANU")
  USING INDEX PCTFREE 10 INITRANS 2 MAXTRANS 255 COMPUTE STATISTICS 
  STORAGE(INITIAL 65536 NEXT 1048576 MINEXTENTS 1 MAXEXTENTS 2147483645
  PCTINCREASE 0 FREELISTS 1 FREELIST GROUPS 1
  BUFFER_POOL DEFAULT FLASH_CACHE DEFAULT CELL_FLASH_CACHE DEFAULT)
  TABLESPACE "STUDENTI"  ENABLE;
--------------------------------------------------------
--  Constraints for Table DEMO
--------------------------------------------------------

  ALTER TABLE "ST52501"."DEMO" MODIFY ("DEMO_ID" NOT NULL ENABLE);
  ALTER TABLE "ST52501"."DEMO" ADD PRIMARY KEY ("DEMO_ID")
  USING INDEX PCTFREE 10 INITRANS 2 MAXTRANS 255 COMPUTE STATISTICS 
  STORAGE(INITIAL 65536 NEXT 1048576 MINEXTENTS 1 MAXEXTENTS 2147483645
  PCTINCREASE 0 FREELISTS 1 FREELIST GROUPS 1
  BUFFER_POOL DEFAULT FLASH_CACHE DEFAULT CELL_FLASH_CACHE DEFAULT)
  TABLESPACE "STUDENTI"  ENABLE;
--------------------------------------------------------
--  Constraints for Table KOMENTARE
--------------------------------------------------------

  ALTER TABLE "ST52501"."KOMENTARE" MODIFY ("BLOKACE" NOT NULL ENABLE);
  ALTER TABLE "ST52501"."KOMENTARE" MODIFY ("ID_KOMENTARE" NOT NULL ENABLE);
  ALTER TABLE "ST52501"."KOMENTARE" MODIFY ("DATUM" NOT NULL ENABLE);
  ALTER TABLE "ST52501"."KOMENTARE" MODIFY ("OBSAH" NOT NULL ENABLE);
  ALTER TABLE "ST52501"."KOMENTARE" ADD CONSTRAINT "KOMENTARE_ID_KOMENTARE_NUMBER_PK" PRIMARY KEY ("ID_KOMENTARE")
  USING INDEX PCTFREE 10 INITRANS 2 MAXTRANS 255 COMPUTE STATISTICS 
  STORAGE(INITIAL 65536 NEXT 1048576 MINEXTENTS 1 MAXEXTENTS 2147483645
  PCTINCREASE 0 FREELISTS 1 FREELIST GROUPS 1
  BUFFER_POOL DEFAULT FLASH_CACHE DEFAULT CELL_FLASH_CACHE DEFAULT)
  TABLESPACE "STUDENTI"  ENABLE;
  ALTER TABLE "ST52501"."KOMENTARE" MODIFY ("NAZEV" NOT NULL ENABLE);
--------------------------------------------------------
--  Constraints for Table MEMBERS
--------------------------------------------------------

  ALTER TABLE "ST52501"."MEMBERS" MODIFY ("MEMBER_ID" NOT NULL ENABLE);
  ALTER TABLE "ST52501"."MEMBERS" MODIFY ("FIRST_NAME" NOT NULL ENABLE);
  ALTER TABLE "ST52501"."MEMBERS" MODIFY ("LAST_NAME" NOT NULL ENABLE);
  ALTER TABLE "ST52501"."MEMBERS" MODIFY ("GENDER" NOT NULL ENABLE);
  ALTER TABLE "ST52501"."MEMBERS" MODIFY ("DOB" NOT NULL ENABLE);
  ALTER TABLE "ST52501"."MEMBERS" MODIFY ("EMAIL" NOT NULL ENABLE);
  ALTER TABLE "ST52501"."MEMBERS" ADD PRIMARY KEY ("MEMBER_ID")
  USING INDEX PCTFREE 10 INITRANS 2 MAXTRANS 255 COMPUTE STATISTICS 
  STORAGE(INITIAL 65536 NEXT 1048576 MINEXTENTS 1 MAXEXTENTS 2147483645
  PCTINCREASE 0 FREELISTS 1 FREELIST GROUPS 1
  BUFFER_POOL DEFAULT FLASH_CACHE DEFAULT CELL_FLASH_CACHE DEFAULT)
  TABLESPACE "STUDENTI"  ENABLE;
--------------------------------------------------------
--  Constraints for Table CV7_UCITELE
--------------------------------------------------------

  ALTER TABLE "ST52501"."CV7_UCITELE" MODIFY ("ID_UCITELE" NOT NULL ENABLE);
  ALTER TABLE "ST52501"."CV7_UCITELE" MODIFY ("JMENO" NOT NULL ENABLE);
  ALTER TABLE "ST52501"."CV7_UCITELE" MODIFY ("PRIJMENI" NOT NULL ENABLE);
  ALTER TABLE "ST52501"."CV7_UCITELE" ADD PRIMARY KEY ("ID_UCITELE")
  USING INDEX PCTFREE 10 INITRANS 2 MAXTRANS 255 COMPUTE STATISTICS 
  STORAGE(INITIAL 65536 NEXT 1048576 MINEXTENTS 1 MAXEXTENTS 2147483645
  PCTINCREASE 0 FREELISTS 1 FREELIST GROUPS 1
  BUFFER_POOL DEFAULT FLASH_CACHE DEFAULT CELL_FLASH_CACHE DEFAULT)
  TABLESPACE "STUDENTI"  ENABLE;
--------------------------------------------------------
--  Constraints for Table KONTAKTY_UZIVATELE
--------------------------------------------------------

  ALTER TABLE "ST52501"."KONTAKTY_UZIVATELE" MODIFY ("ID_KONT_UZIV" NOT NULL ENABLE);
  ALTER TABLE "ST52501"."KONTAKTY_UZIVATELE" MODIFY ("ID_UZIVATELE" NOT NULL ENABLE);
  ALTER TABLE "ST52501"."KONTAKTY_UZIVATELE" MODIFY ("ID_KONTAKTA" NOT NULL ENABLE);
  ALTER TABLE "ST52501"."KONTAKTY_UZIVATELE" ADD PRIMARY KEY ("ID_KONT_UZIV")
  USING INDEX PCTFREE 10 INITRANS 2 MAXTRANS 255 COMPUTE STATISTICS 
  STORAGE(INITIAL 65536 NEXT 1048576 MINEXTENTS 1 MAXEXTENTS 2147483645
  PCTINCREASE 0 FREELISTS 1 FREELIST GROUPS 1
  BUFFER_POOL DEFAULT FLASH_CACHE DEFAULT CELL_FLASH_CACHE DEFAULT)
  TABLESPACE "STUDENTI"  ENABLE;
  ALTER TABLE "ST52501"."KONTAKTY_UZIVATELE" ADD CONSTRAINT "UNI_C" UNIQUE ("ID_UZIVATELE", "ID_KONTAKTA")
  USING INDEX PCTFREE 10 INITRANS 2 MAXTRANS 255 COMPUTE STATISTICS 
  STORAGE(INITIAL 65536 NEXT 1048576 MINEXTENTS 1 MAXEXTENTS 2147483645
  PCTINCREASE 0 FREELISTS 1 FREELIST GROUPS 1
  BUFFER_POOL DEFAULT FLASH_CACHE DEFAULT CELL_FLASH_CACHE DEFAULT)
  TABLESPACE "STUDENTI"  ENABLE;
--------------------------------------------------------
--  Constraints for Table KORESPONDENCE
--------------------------------------------------------

  ALTER TABLE "ST52501"."KORESPONDENCE" MODIFY ("ID_KORESPONDENCE" NOT NULL ENABLE);
  ALTER TABLE "ST52501"."KORESPONDENCE" MODIFY ("ID_KONTAKTU" NOT NULL ENABLE);
  ALTER TABLE "ST52501"."KORESPONDENCE" MODIFY ("ID_ZPRAVY" NOT NULL ENABLE);
  ALTER TABLE "ST52501"."KORESPONDENCE" ADD PRIMARY KEY ("ID_KORESPONDENCE")
  USING INDEX PCTFREE 10 INITRANS 2 MAXTRANS 255 COMPUTE STATISTICS 
  STORAGE(INITIAL 65536 NEXT 1048576 MINEXTENTS 1 MAXEXTENTS 2147483645
  PCTINCREASE 0 FREELISTS 1 FREELIST GROUPS 1
  BUFFER_POOL DEFAULT FLASH_CACHE DEFAULT CELL_FLASH_CACHE DEFAULT)
  TABLESPACE "STUDENTI"  ENABLE;
--------------------------------------------------------
--  Constraints for Table LIKES
--------------------------------------------------------

  ALTER TABLE "ST52501"."LIKES" MODIFY ("ID" NOT NULL ENABLE);
  ALTER TABLE "ST52501"."LIKES" MODIFY ("DATETIME" NOT NULL ENABLE);
  ALTER TABLE "ST52501"."LIKES" ADD CONSTRAINT "LIKE_PK" PRIMARY KEY ("ID")
  USING INDEX PCTFREE 10 INITRANS 2 MAXTRANS 255 COMPUTE STATISTICS 
  STORAGE(INITIAL 65536 NEXT 1048576 MINEXTENTS 1 MAXEXTENTS 2147483645
  PCTINCREASE 0 FREELISTS 1 FREELIST GROUPS 1
  BUFFER_POOL DEFAULT FLASH_CACHE DEFAULT CELL_FLASH_CACHE DEFAULT)
  TABLESPACE "STUDENTI"  ENABLE;
--------------------------------------------------------
--  Constraints for Table STUDIJNI_PLANY
--------------------------------------------------------

  ALTER TABLE "ST52501"."STUDIJNI_PLANY" MODIFY ("ID_PLANU" NOT NULL ENABLE);
  ALTER TABLE "ST52501"."STUDIJNI_PLANY" MODIFY ("NAZEV" NOT NULL ENABLE);
  ALTER TABLE "ST52501"."STUDIJNI_PLANY" MODIFY ("ID_OBORU" NOT NULL ENABLE);
  ALTER TABLE "ST52501"."STUDIJNI_PLANY" ADD PRIMARY KEY ("ID_PLANU")
  USING INDEX PCTFREE 10 INITRANS 2 MAXTRANS 255 COMPUTE STATISTICS 
  STORAGE(INITIAL 65536 NEXT 1048576 MINEXTENTS 1 MAXEXTENTS 2147483645
  PCTINCREASE 0 FREELISTS 1 FREELIST GROUPS 1
  BUFFER_POOL DEFAULT FLASH_CACHE DEFAULT CELL_FLASH_CACHE DEFAULT)
  TABLESPACE "STUDENTI"  ENABLE;
--------------------------------------------------------
--  Constraints for Table F_ORDERS
--------------------------------------------------------

  ALTER TABLE "ST52501"."F_ORDERS" MODIFY ("ORDER_DATE" CONSTRAINT "F_ODR_ORDER_DATE_NN" NOT NULL ENABLE);
  ALTER TABLE "ST52501"."F_ORDERS" MODIFY ("CUST_ID" CONSTRAINT "F_ODR_CUST_ID_NN" NOT NULL ENABLE);
  ALTER TABLE "ST52501"."F_ORDERS" MODIFY ("STAFF_ID" CONSTRAINT "F_ODR_STAFF_ID_NN" NOT NULL ENABLE);
  ALTER TABLE "ST52501"."F_ORDERS" ADD CONSTRAINT "F_ODR_ORDER_NUMBER_PK" PRIMARY KEY ("ORDER_NUMBER")
  USING INDEX PCTFREE 10 INITRANS 2 MAXTRANS 255 COMPUTE STATISTICS 
  TABLESPACE "STUDENTI"  ENABLE;
--------------------------------------------------------
--  Constraints for Table PREDMETY
--------------------------------------------------------

  ALTER TABLE "ST52501"."PREDMETY" MODIFY ("ID_PREDMETU" NOT NULL ENABLE);
  ALTER TABLE "ST52501"."PREDMETY" MODIFY ("ZKRATKA" NOT NULL ENABLE);
  ALTER TABLE "ST52501"."PREDMETY" MODIFY ("NAZEV" NOT NULL ENABLE);
  ALTER TABLE "ST52501"."PREDMETY" ADD PRIMARY KEY ("ID_PREDMETU")
  USING INDEX PCTFREE 10 INITRANS 2 MAXTRANS 255 COMPUTE STATISTICS 
  STORAGE(INITIAL 65536 NEXT 1048576 MINEXTENTS 1 MAXEXTENTS 2147483645
  PCTINCREASE 0 FREELISTS 1 FREELIST GROUPS 1
  BUFFER_POOL DEFAULT FLASH_CACHE DEFAULT CELL_FLASH_CACHE DEFAULT)
  TABLESPACE "STUDENTI"  ENABLE;
--------------------------------------------------------
--  Constraints for Table UNIVERZITY
--------------------------------------------------------

  ALTER TABLE "ST52501"."UNIVERZITY" MODIFY ("NAZEV" NOT NULL ENABLE);
  ALTER TABLE "ST52501"."UNIVERZITY" MODIFY ("MESTO" NOT NULL ENABLE);
  ALTER TABLE "ST52501"."UNIVERZITY" MODIFY ("ULICE" NOT NULL ENABLE);
  ALTER TABLE "ST52501"."UNIVERZITY" MODIFY ("EMAIL" NOT NULL ENABLE);
  ALTER TABLE "ST52501"."UNIVERZITY" ADD PRIMARY KEY ("ID_UNIVERZITY")
  USING INDEX PCTFREE 10 INITRANS 2 MAXTRANS 255 COMPUTE STATISTICS 
  TABLESPACE "STUDENTI"  ENABLE;
--------------------------------------------------------
--  Constraints for Table ROLE
--------------------------------------------------------

  ALTER TABLE "ST52501"."ROLE" MODIFY ("ID_ROLE" NOT NULL ENABLE);
  ALTER TABLE "ST52501"."ROLE" MODIFY ("NAZEV" NOT NULL ENABLE);
  ALTER TABLE "ST52501"."ROLE" ADD PRIMARY KEY ("ID_ROLE")
  USING INDEX PCTFREE 10 INITRANS 2 MAXTRANS 255 COMPUTE STATISTICS 
  STORAGE(INITIAL 65536 NEXT 1048576 MINEXTENTS 1 MAXEXTENTS 2147483645
  PCTINCREASE 0 FREELISTS 1 FREELIST GROUPS 1
  BUFFER_POOL DEFAULT FLASH_CACHE DEFAULT CELL_FLASH_CACHE DEFAULT)
  TABLESPACE "STUDENTI"  ENABLE;
--------------------------------------------------------
--  Constraints for Table USER_OBRAZEK
--------------------------------------------------------

  ALTER TABLE "ST52501"."USER_OBRAZEK" MODIFY ("ID" NOT NULL ENABLE);
  ALTER TABLE "ST52501"."USER_OBRAZEK" ADD CONSTRAINT "SER_OBRAZEK_PK" PRIMARY KEY ("ID")
  USING INDEX PCTFREE 10 INITRANS 2 MAXTRANS 255 COMPUTE STATISTICS 
  TABLESPACE "STUDENTI"  ENABLE;
--------------------------------------------------------
--  Ref Constraints for Table CV7_KNIHY
--------------------------------------------------------

  ALTER TABLE "ST52501"."CV7_KNIHY" ADD CONSTRAINT "FK_ST" FOREIGN KEY ("ID_STUDENTA")
	  REFERENCES "ST52501"."CV7_STUDENTI" ("ID_STUDENTA") ENABLE;
--------------------------------------------------------
--  Ref Constraints for Table CV7_UCI
--------------------------------------------------------

  ALTER TABLE "ST52501"."CV7_UCI" ADD CONSTRAINT "FK_ID_STUDENTA" FOREIGN KEY ("ID_STUDENTA")
	  REFERENCES "ST52501"."CV7_STUDENTI" ("ID_STUDENTA") ENABLE;
  ALTER TABLE "ST52501"."CV7_UCI" ADD CONSTRAINT "FK_ID_UCITELE" FOREIGN KEY ("ID_UCITELE")
	  REFERENCES "ST52501"."CV7_UCITELE" ("ID_UCITELE") ENABLE;
--------------------------------------------------------
--  Ref Constraints for Table EMP
--------------------------------------------------------

  ALTER TABLE "ST52501"."EMP" ADD CONSTRAINT "EMP_E_FK" FOREIGN KEY ("MGR")
	  REFERENCES "ST52501"."EMP" ("EMPNO") ENABLE;
--------------------------------------------------------
--  Ref Constraints for Table FAKULTY
--------------------------------------------------------

  ALTER TABLE "ST52501"."FAKULTY" ADD FOREIGN KEY ("ID_UNIVERZITY")
	  REFERENCES "ST52501"."UNIVERZITY" ("ID_UNIVERZITY") ENABLE;
--------------------------------------------------------
--  Ref Constraints for Table F_ORDERS
--------------------------------------------------------

  ALTER TABLE "ST52501"."F_ORDERS" ADD CONSTRAINT "F_ODR_CUST_ID_FK" FOREIGN KEY ("CUST_ID")
	  REFERENCES "A_FAST_FOOD"."F_CUSTOMERS" ("ID") ENABLE;
  ALTER TABLE "ST52501"."F_ORDERS" ADD CONSTRAINT "F_ODR_STAFF_ID_FK" FOREIGN KEY ("STAFF_ID")
	  REFERENCES "A_FAST_FOOD"."F_STAFFS" ("ID") ENABLE;
--------------------------------------------------------
--  Ref Constraints for Table IMAGES
--------------------------------------------------------

  ALTER TABLE "ST52501"."IMAGES" ADD CONSTRAINT "IMAGES_UZIVATEL_ID_FK" FOREIGN KEY ("ID_UZIV")
	  REFERENCES "ST52501"."UZIVATELE" ("ID_UZIVATELE") ENABLE;
--------------------------------------------------------
--  Ref Constraints for Table KOMENTARE
--------------------------------------------------------

  ALTER TABLE "ST52501"."KOMENTARE" ADD CONSTRAINT "UZIVATEL_FK" FOREIGN KEY ("ID_UZIVATELE")
	  REFERENCES "ST52501"."UZIVATELE" ("ID_UZIVATELE") ENABLE;
  ALTER TABLE "ST52501"."KOMENTARE" ADD CONSTRAINT "KOMENTARE_ID_PODKOMENTARE_NUMBER_FK" FOREIGN KEY ("ID_PODKOMENTARE")
	  REFERENCES "ST52501"."KOMENTARE" ("ID_KOMENTARE") ENABLE;
  ALTER TABLE "ST52501"."KOMENTARE" ADD FOREIGN KEY ("ID_OBRAZKU")
	  REFERENCES "ST52501"."IMAGES" ("ID") ENABLE;
--------------------------------------------------------
--  Ref Constraints for Table KONTAKTY
--------------------------------------------------------

  ALTER TABLE "ST52501"."KONTAKTY" ADD CONSTRAINT "KONTAKTY_ID_UZIVATELE_NUMBER_FK" FOREIGN KEY ("ID_UZIVATELE")
	  REFERENCES "ST52501"."UZIVATELE" ("ID_UZIVATELE") ENABLE;
--------------------------------------------------------
--  Ref Constraints for Table KONTAKTY_UZIVATELE
--------------------------------------------------------

  ALTER TABLE "ST52501"."KONTAKTY_UZIVATELE" ADD FOREIGN KEY ("ID_UZIVATELE")
	  REFERENCES "ST52501"."UZIVATELE" ("ID_UZIVATELE") ENABLE;
  ALTER TABLE "ST52501"."KONTAKTY_UZIVATELE" ADD FOREIGN KEY ("ID_KONTAKTA")
	  REFERENCES "ST52501"."KONTAKTY" ("ID_KONT") ENABLE;
--------------------------------------------------------
--  Ref Constraints for Table KORESPONDENCE
--------------------------------------------------------

  ALTER TABLE "ST52501"."KORESPONDENCE" ADD CONSTRAINT "KORESPOMDENCE_ID_KONT_NUMBER_FK" FOREIGN KEY ("ID_KONTAKTU")
	  REFERENCES "ST52501"."KONTAKTY" ("ID_KONT") ENABLE;
  ALTER TABLE "ST52501"."KORESPONDENCE" ADD CONSTRAINT "KORESPOMDENCE_ID_ZPRAVY_NUMBER_FK" FOREIGN KEY ("ID_ZPRAVY")
	  REFERENCES "ST52501"."ZPRAVY" ("ID_ZPRAVY") ENABLE;
--------------------------------------------------------
--  Ref Constraints for Table LIKES
--------------------------------------------------------

  ALTER TABLE "ST52501"."LIKES" ADD CONSTRAINT "IMAGES_LIKES_ID_FK" FOREIGN KEY ("OBRAZEK_ID")
	  REFERENCES "ST52501"."IMAGES" ("ID") ON DELETE CASCADE ENABLE;
--------------------------------------------------------
--  Ref Constraints for Table OZNAMENI
--------------------------------------------------------

  ALTER TABLE "ST52501"."OZNAMENI" ADD CONSTRAINT "FK_NOTIFICATION_OBJECT" FOREIGN KEY ("NOTIFICATION_OBJECT_ID")
	  REFERENCES "ST52501"."OBJEKT_OZNAMENI" ("ID") ENABLE;
  ALTER TABLE "ST52501"."OZNAMENI" ADD CONSTRAINT "FK_NOTIFICATION_NOTIFIER_ID" FOREIGN KEY ("NOTIFIER_ID")
	  REFERENCES "ST52501"."UZIVATELE" ("ID_UZIVATELE") ENABLE;
--------------------------------------------------------
--  Ref Constraints for Table OZNAMENI_ZMENA
--------------------------------------------------------

  ALTER TABLE "ST52501"."OZNAMENI_ZMENA" ADD CONSTRAINT "FK_NOTIFICATION_OBJECT_2" FOREIGN KEY ("NOTIFICATION_OBJECT_ID")
	  REFERENCES "ST52501"."OBJEKT_OZNAMENI" ("ID") ENABLE;
  ALTER TABLE "ST52501"."OZNAMENI_ZMENA" ADD CONSTRAINT "FK_NOTIFICATION_ACTOR_ID_IDX" FOREIGN KEY ("ACTOR_ID")
	  REFERENCES "ST52501"."UZIVATELE" ("ID_UZIVATELE") ENABLE;
--------------------------------------------------------
--  Ref Constraints for Table POST
--------------------------------------------------------

  ALTER TABLE "ST52501"."POST" ADD CONSTRAINT "POST_USER_FK" FOREIGN KEY ("ID_UZIV")
	  REFERENCES "ST52501"."UZIVATELE" ("ID_UZIVATELE") ENABLE;
--------------------------------------------------------
--  Ref Constraints for Table PREDMETY_SP
--------------------------------------------------------

  ALTER TABLE "ST52501"."PREDMETY_SP" ADD CONSTRAINT "PREDMETY_SP_ID_PLANU_NUMBER_FK" FOREIGN KEY ("ID_PLANU")
	  REFERENCES "ST52501"."STUDIJNI_PLANY" ("ID_PLANU") ENABLE;
  ALTER TABLE "ST52501"."PREDMETY_SP" ADD CONSTRAINT "PREDMETY_SP_ID_PRED_NUMBER_FK" FOREIGN KEY ("ID_PREDMETU")
	  REFERENCES "ST52501"."PREDMETY" ("ID_PREDMETU") ENABLE;
  ALTER TABLE "ST52501"."PREDMETY_SP" ADD CONSTRAINT "PREDMETY_SP_ID_SKUP_NUMBER_FK" FOREIGN KEY ("ID_SKUPINY")
	  REFERENCES "ST52501"."SKUPINY" ("ID_SKUPINY") ENABLE;
--------------------------------------------------------
--  Ref Constraints for Table ROLE_UZIVATELE
--------------------------------------------------------

  ALTER TABLE "ST52501"."ROLE_UZIVATELE" ADD CONSTRAINT "UZIVATEL_ROLE_ID_ROLE_NUMBER_FK" FOREIGN KEY ("ID_ROLE")
	  REFERENCES "ST52501"."ROLE" ("ID_ROLE") ENABLE;
  ALTER TABLE "ST52501"."ROLE_UZIVATELE" ADD CONSTRAINT "UZIVATEL_ROLE_ID_UZIV_NUMBER_FK" FOREIGN KEY ("ID_UZIVATELE")
	  REFERENCES "ST52501"."UZIVATELE" ("ID_UZIVATELE") ENABLE;
--------------------------------------------------------
--  Ref Constraints for Table SKUPINY
--------------------------------------------------------

  ALTER TABLE "ST52501"."SKUPINY" ADD FOREIGN KEY ("ID_PLANU")
	  REFERENCES "ST52501"."STUDIJNI_PLANY" ("ID_PLANU") ENABLE;
  ALTER TABLE "ST52501"."SKUPINY" ADD CONSTRAINT "SKUPINY_ID_SKUP_NUMBER_FK" FOREIGN KEY ("ID_KOMENTARE")
	  REFERENCES "ST52501"."KOMENTARE" ("ID_KOMENTARE") ENABLE;
--------------------------------------------------------
--  Ref Constraints for Table UDALOSTI
--------------------------------------------------------

  ALTER TABLE "ST52501"."UDALOSTI" ADD CONSTRAINT "UDALOSTI_ID_UZIV_NUMBER_FK" FOREIGN KEY ("ID_UZIVATELE")
	  REFERENCES "ST52501"."UZIVATELE" ("ID_UZIVATELE") ENABLE;
--------------------------------------------------------
--  Ref Constraints for Table USER_OBRAZEK
--------------------------------------------------------

  ALTER TABLE "ST52501"."USER_OBRAZEK" ADD CONSTRAINT "USER_OBRAZEK_OBRAZEK_FK" FOREIGN KEY ("ID")
	  REFERENCES "ST52501"."OBRAZKY" ("ID") ENABLE;
  ALTER TABLE "ST52501"."USER_OBRAZEK" ADD CONSTRAINT "USER_OBRAZEK_OBRAZEK_FK2" FOREIGN KEY ("OBRAZEK_ID")
	  REFERENCES "ST52501"."OBRAZKY" ("ID") ENABLE;
  ALTER TABLE "ST52501"."USER_OBRAZEK" ADD CONSTRAINT "USER_OBRAZEK_USER_FK" FOREIGN KEY ("USER_ID")
	  REFERENCES "ST52501"."UZIVATELE" ("ID_UZIVATELE") ENABLE;
--------------------------------------------------------
--  Ref Constraints for Table UZIVATELE_SP
--------------------------------------------------------

  ALTER TABLE "ST52501"."UZIVATELE_SP" ADD CONSTRAINT "UZIVATELE_SP_ID_UZIV_SP_NUMBER_FK" FOREIGN KEY ("ID_UZIVATELE")
	  REFERENCES "ST52501"."UZIVATELE" ("ID_UZIVATELE") ENABLE;
  ALTER TABLE "ST52501"."UZIVATELE_SP" ADD CONSTRAINT "UZIVATELE_SP_ID_ST_PL_NUMBER_FK" FOREIGN KEY ("ID_ST_PLANU")
	  REFERENCES "ST52501"."STUDIJNI_PLANY" ("ID_PLANU") ENABLE;
