--------------------------------------------------------
--  File created - Tuesday-December-03-2019   
--------------------------------------------------------
--------------------------------------------------------
--  DDL for Table ZPRAVY
--------------------------------------------------------

  CREATE TABLE "IDAS_2"."ZPRAVY" 
   (	"ID_ZPRAVY" NUMBER(*,0), 
	"CASOVE_RAZITKO" TIMESTAMP (6), 
	"OBSAH" CLOB, 
	"POZNAMKA" VARCHAR2(120 BYTE), 
	"PREDMET" VARCHAR2(120 BYTE)
   ) SEGMENT CREATION IMMEDIATE 
  PCTFREE 10 PCTUSED 40 INITRANS 1 MAXTRANS 255 
 NOCOMPRESS LOGGING
  STORAGE(INITIAL 65536 NEXT 1048576 MINEXTENTS 1 MAXEXTENTS 2147483645
  PCTINCREASE 0 FREELISTS 1 FREELIST GROUPS 1
  BUFFER_POOL DEFAULT FLASH_CACHE DEFAULT CELL_FLASH_CACHE DEFAULT)
  TABLESPACE "STUDENTI" 
 LOB ("OBSAH") STORE AS SECUREFILE (
  TABLESPACE "STUDENTI" ENABLE STORAGE IN ROW CHUNK 8192
  NOCACHE LOGGING  NOCOMPRESS  KEEP_DUPLICATES 
  STORAGE(INITIAL 106496 NEXT 1048576 MINEXTENTS 1 MAXEXTENTS 2147483645
  PCTINCREASE 0
  BUFFER_POOL DEFAULT FLASH_CACHE DEFAULT CELL_FLASH_CACHE DEFAULT)) ;
--------------------------------------------------------
--  DDL for Table UZIVATELE_SP
--------------------------------------------------------

  CREATE TABLE "IDAS_2"."UZIVATELE_SP" 
   (	"ID_UZIVATELE_SP" NUMBER(6,0), 
	"ID_UZIVATELE" NUMBER(6,0), 
	"ID_ST_PLANU" NUMBER(6,0)
   ) SEGMENT CREATION IMMEDIATE 
  PCTFREE 10 PCTUSED 40 INITRANS 1 MAXTRANS 255 
 NOCOMPRESS LOGGING
  STORAGE(INITIAL 65536 NEXT 1048576 MINEXTENTS 1 MAXEXTENTS 2147483645
  PCTINCREASE 0 FREELISTS 1 FREELIST GROUPS 1
  BUFFER_POOL DEFAULT FLASH_CACHE DEFAULT CELL_FLASH_CACHE DEFAULT)
  TABLESPACE "STUDENTI" ;
--------------------------------------------------------
--  DDL for Table IMAGES
--------------------------------------------------------

  CREATE TABLE "IDAS_2"."IMAGES" 
   (	"IMAGE" BLOB, 
	"NAME" VARCHAR2(200 CHAR), 
	"ID" NUMBER, 
	"CAS" TIMESTAMP (6), 
	"POPISEK" VARCHAR2(150 CHAR), 
	"ID_UZIV" NUMBER(*,0), 
	"DEFAULT_PC" NUMBER(1,0)
   ) SEGMENT CREATION IMMEDIATE 
  PCTFREE 10 PCTUSED 40 INITRANS 1 MAXTRANS 255 
 NOCOMPRESS LOGGING
  STORAGE(INITIAL 65536 NEXT 1048576 MINEXTENTS 1 MAXEXTENTS 2147483645
  PCTINCREASE 0 FREELISTS 1 FREELIST GROUPS 1
  BUFFER_POOL DEFAULT FLASH_CACHE DEFAULT CELL_FLASH_CACHE DEFAULT)
  TABLESPACE "STUDENTI" 
 LOB ("IMAGE") STORE AS SECUREFILE (
  TABLESPACE "STUDENTI" ENABLE STORAGE IN ROW CHUNK 8192
  NOCACHE LOGGING  NOCOMPRESS  KEEP_DUPLICATES 
  STORAGE(INITIAL 106496 NEXT 1048576 MINEXTENTS 1 MAXEXTENTS 2147483645
  PCTINCREASE 0
  BUFFER_POOL DEFAULT FLASH_CACHE DEFAULT CELL_FLASH_CACHE DEFAULT)) ;
--------------------------------------------------------
--  DDL for Table KOMENTARE
--------------------------------------------------------

  CREATE TABLE "IDAS_2"."KOMENTARE" 
   (	"ID_KOMENTARE" NUMBER(6,0), 
	"DATUM" TIMESTAMP (6), 
	"OBSAH" CLOB, 
	"ID_PODKOMENTARE" NUMBER, 
	"BLOKACE" NUMBER, 
	"NAZEV" VARCHAR2(255 CHAR), 
	"ID_UZIVATELE" NUMBER(10,0), 
	"ID_OBRAZKU" NUMBER(*,0)
   ) SEGMENT CREATION IMMEDIATE 
  PCTFREE 10 PCTUSED 40 INITRANS 1 MAXTRANS 255 
 NOCOMPRESS LOGGING
  STORAGE(INITIAL 65536 NEXT 1048576 MINEXTENTS 1 MAXEXTENTS 2147483645
  PCTINCREASE 0 FREELISTS 1 FREELIST GROUPS 1
  BUFFER_POOL DEFAULT FLASH_CACHE DEFAULT CELL_FLASH_CACHE DEFAULT)
  TABLESPACE "STUDENTI" 
 LOB ("OBSAH") STORE AS SECUREFILE (
  TABLESPACE "STUDENTI" ENABLE STORAGE IN ROW CHUNK 8192
  NOCACHE LOGGING  NOCOMPRESS  KEEP_DUPLICATES 
  STORAGE(INITIAL 106496 NEXT 1048576 MINEXTENTS 1 MAXEXTENTS 2147483645
  PCTINCREASE 0
  BUFFER_POOL DEFAULT FLASH_CACHE DEFAULT CELL_FLASH_CACHE DEFAULT)) ;
--------------------------------------------------------
--  DDL for Table KONTAKTY
--------------------------------------------------------

  CREATE TABLE "IDAS_2"."KONTAKTY" 
   (	"ID_KONT" NUMBER(6,0), 
	"PLATNOST" TIMESTAMP (6), 
	"POZNAMKA" VARCHAR2(30 BYTE), 
	"ID_UZIVATELE" NUMBER
   ) SEGMENT CREATION IMMEDIATE 
  PCTFREE 10 PCTUSED 40 INITRANS 1 MAXTRANS 255 
 NOCOMPRESS LOGGING
  STORAGE(INITIAL 65536 NEXT 1048576 MINEXTENTS 1 MAXEXTENTS 2147483645
  PCTINCREASE 0 FREELISTS 1 FREELIST GROUPS 1
  BUFFER_POOL DEFAULT FLASH_CACHE DEFAULT CELL_FLASH_CACHE DEFAULT)
  TABLESPACE "STUDENTI" ;
--------------------------------------------------------
--  DDL for Table KONTAKTY_UZIVATELE
--------------------------------------------------------

  CREATE TABLE "IDAS_2"."KONTAKTY_UZIVATELE" 
   (	"ID_KONT_UZIV" NUMBER(6,0), 
	"ID_UZIVATELE" NUMBER(10,0), 
	"ID_KONTAKTA" NUMBER(10,0)
   ) SEGMENT CREATION IMMEDIATE 
  PCTFREE 10 PCTUSED 40 INITRANS 1 MAXTRANS 255 
 NOCOMPRESS LOGGING
  STORAGE(INITIAL 65536 NEXT 1048576 MINEXTENTS 1 MAXEXTENTS 2147483645
  PCTINCREASE 0 FREELISTS 1 FREELIST GROUPS 1
  BUFFER_POOL DEFAULT FLASH_CACHE DEFAULT CELL_FLASH_CACHE DEFAULT)
  TABLESPACE "STUDENTI" ;
--------------------------------------------------------
--  DDL for Table KORESPONDENCE
--------------------------------------------------------

  CREATE TABLE "IDAS_2"."KORESPONDENCE" 
   (	"ID_KORESPONDENCE" NUMBER(6,0), 
	"ID_KONTAKTU" NUMBER(6,0), 
	"ID_ZPRAVY" NUMBER(6,0)
   ) SEGMENT CREATION IMMEDIATE 
  PCTFREE 10 PCTUSED 40 INITRANS 1 MAXTRANS 255 
 NOCOMPRESS LOGGING
  STORAGE(INITIAL 65536 NEXT 1048576 MINEXTENTS 1 MAXEXTENTS 2147483645
  PCTINCREASE 0 FREELISTS 1 FREELIST GROUPS 1
  BUFFER_POOL DEFAULT FLASH_CACHE DEFAULT CELL_FLASH_CACHE DEFAULT)
  TABLESPACE "STUDENTI" ;
--------------------------------------------------------
--  DDL for Table LIKES
--------------------------------------------------------

  CREATE TABLE "IDAS_2"."LIKES" 
   (	"ID" NUMBER(*,0), 
	"DATETIME" TIMESTAMP (6), 
	"OBRAZEK_ID" NUMBER(*,0), 
	"POST_ID" NUMBER(*,0), 
	"ID_UZIVATELE" NUMBER(*,0)
   ) SEGMENT CREATION IMMEDIATE 
  PCTFREE 10 PCTUSED 40 INITRANS 1 MAXTRANS 255 
 NOCOMPRESS LOGGING
  STORAGE(INITIAL 65536 NEXT 1048576 MINEXTENTS 1 MAXEXTENTS 2147483645
  PCTINCREASE 0 FREELISTS 1 FREELIST GROUPS 1
  BUFFER_POOL DEFAULT FLASH_CACHE DEFAULT CELL_FLASH_CACHE DEFAULT)
  TABLESPACE "STUDENTI" ;
--------------------------------------------------------
--  DDL for Table OBJEKT_OZNAMENI
--------------------------------------------------------

  CREATE TABLE "IDAS_2"."OBJEKT_OZNAMENI" 
   (	"ID" NUMBER(*,0), 
	"ENTITY_TYPE" NUMBER(*,0), 
	"ENTITY_ID" NUMBER(*,0), 
	"CREATED_ON" TIMESTAMP (6), 
	"STATUS" NUMBER(*,0)
   ) SEGMENT CREATION IMMEDIATE 
  PCTFREE 10 PCTUSED 40 INITRANS 1 MAXTRANS 255 
 NOCOMPRESS LOGGING
  STORAGE(INITIAL 65536 NEXT 1048576 MINEXTENTS 1 MAXEXTENTS 2147483645
  PCTINCREASE 0 FREELISTS 1 FREELIST GROUPS 1
  BUFFER_POOL DEFAULT FLASH_CACHE DEFAULT CELL_FLASH_CACHE DEFAULT)
  TABLESPACE "STUDENTI" ;
--------------------------------------------------------
--  DDL for Table OZNAMENI
--------------------------------------------------------

  CREATE TABLE "IDAS_2"."OZNAMENI" 
   (	"ID" NUMBER(*,0), 
	"NOTIFICATION_OBJECT_ID" NUMBER(*,0), 
	"NOTIFIER_ID" NUMBER(*,0), 
	"STATUS" NUMBER(*,0)
   ) SEGMENT CREATION IMMEDIATE 
  PCTFREE 10 PCTUSED 40 INITRANS 1 MAXTRANS 255 
 NOCOMPRESS LOGGING
  STORAGE(INITIAL 65536 NEXT 1048576 MINEXTENTS 1 MAXEXTENTS 2147483645
  PCTINCREASE 0 FREELISTS 1 FREELIST GROUPS 1
  BUFFER_POOL DEFAULT FLASH_CACHE DEFAULT CELL_FLASH_CACHE DEFAULT)
  TABLESPACE "STUDENTI" ;
--------------------------------------------------------
--  DDL for Table OZNAMENI_ZMENA
--------------------------------------------------------

  CREATE TABLE "IDAS_2"."OZNAMENI_ZMENA" 
   (	"ID" NUMBER(*,0), 
	"NOTIFICATION_OBJECT_ID" NUMBER(*,0), 
	"ACTOR_ID" NUMBER(*,0), 
	"STATUS" NUMBER(*,0)
   ) SEGMENT CREATION IMMEDIATE 
  PCTFREE 10 PCTUSED 40 INITRANS 1 MAXTRANS 255 
 NOCOMPRESS LOGGING
  STORAGE(INITIAL 65536 NEXT 1048576 MINEXTENTS 1 MAXEXTENTS 2147483645
  PCTINCREASE 0 FREELISTS 1 FREELIST GROUPS 1
  BUFFER_POOL DEFAULT FLASH_CACHE DEFAULT CELL_FLASH_CACHE DEFAULT)
  TABLESPACE "STUDENTI" ;
--------------------------------------------------------
--  DDL for Table PREDMETY
--------------------------------------------------------

  CREATE TABLE "IDAS_2"."PREDMETY" 
   (	"ID_PREDMETU" NUMBER(*,0), 
	"ZKRATKA" CHAR(60 BYTE), 
	"NAZEV" VARCHAR2(200 BYTE)
   ) SEGMENT CREATION IMMEDIATE 
  PCTFREE 10 PCTUSED 40 INITRANS 1 MAXTRANS 255 
 NOCOMPRESS LOGGING
  STORAGE(INITIAL 65536 NEXT 1048576 MINEXTENTS 1 MAXEXTENTS 2147483645
  PCTINCREASE 0 FREELISTS 1 FREELIST GROUPS 1
  BUFFER_POOL DEFAULT FLASH_CACHE DEFAULT CELL_FLASH_CACHE DEFAULT)
  TABLESPACE "STUDENTI" ;
--------------------------------------------------------
--  DDL for Table PREDMETY_SP
--------------------------------------------------------

  CREATE TABLE "IDAS_2"."PREDMETY_SP" 
   (	"ID_PREDMETU_SP" NUMBER(6,0), 
	"ID_PLANU" NUMBER(6,0), 
	"ID_PREDMETU" NUMBER(6,0), 
	"ID_SKUPINY" NUMBER(6,0)
   ) SEGMENT CREATION IMMEDIATE 
  PCTFREE 10 PCTUSED 40 INITRANS 1 MAXTRANS 255 
 NOCOMPRESS LOGGING
  STORAGE(INITIAL 65536 NEXT 1048576 MINEXTENTS 1 MAXEXTENTS 2147483645
  PCTINCREASE 0 FREELISTS 1 FREELIST GROUPS 1
  BUFFER_POOL DEFAULT FLASH_CACHE DEFAULT CELL_FLASH_CACHE DEFAULT)
  TABLESPACE "STUDENTI" ;
--------------------------------------------------------
--  DDL for Table ROLE
--------------------------------------------------------

  CREATE TABLE "IDAS_2"."ROLE" 
   (	"ID_ROLE" NUMBER(*,0), 
	"NAZEV" VARCHAR2(20 BYTE), 
	"POZNAMKA" VARCHAR2(30 BYTE), 
	"OPRAVNENI" VARCHAR2(255 CHAR)
   ) SEGMENT CREATION IMMEDIATE 
  PCTFREE 10 PCTUSED 40 INITRANS 1 MAXTRANS 255 
 NOCOMPRESS LOGGING
  STORAGE(INITIAL 65536 NEXT 1048576 MINEXTENTS 1 MAXEXTENTS 2147483645
  PCTINCREASE 0 FREELISTS 1 FREELIST GROUPS 1
  BUFFER_POOL DEFAULT FLASH_CACHE DEFAULT CELL_FLASH_CACHE DEFAULT)
  TABLESPACE "STUDENTI" ;
--------------------------------------------------------
--  DDL for Table ROLE_UZIVATELE
--------------------------------------------------------

  CREATE TABLE "IDAS_2"."ROLE_UZIVATELE" 
   (	"ID_ROLE_UZIVATELE" NUMBER(6,0), 
	"ID_ROLE" NUMBER, 
	"ID_UZIVATELE" NUMBER
   ) SEGMENT CREATION IMMEDIATE 
  PCTFREE 10 PCTUSED 40 INITRANS 1 MAXTRANS 255 
 NOCOMPRESS LOGGING
  STORAGE(INITIAL 65536 NEXT 1048576 MINEXTENTS 1 MAXEXTENTS 2147483645
  PCTINCREASE 0 FREELISTS 1 FREELIST GROUPS 1
  BUFFER_POOL DEFAULT FLASH_CACHE DEFAULT CELL_FLASH_CACHE DEFAULT)
  TABLESPACE "STUDENTI" ;
--------------------------------------------------------
--  DDL for Table STUDIJNI_OBORY
--------------------------------------------------------

  CREATE TABLE "IDAS_2"."STUDIJNI_OBORY" 
   (	"ID_OBORU" NUMBER(*,0), 
	"NAZEV" VARCHAR2(255 BYTE), 
	"POPIS" VARCHAR2(550 BYTE)
   ) SEGMENT CREATION IMMEDIATE 
  PCTFREE 10 PCTUSED 40 INITRANS 1 MAXTRANS 255 
 NOCOMPRESS LOGGING
  STORAGE(INITIAL 65536 NEXT 1048576 MINEXTENTS 1 MAXEXTENTS 2147483645
  PCTINCREASE 0 FREELISTS 1 FREELIST GROUPS 1
  BUFFER_POOL DEFAULT FLASH_CACHE DEFAULT CELL_FLASH_CACHE DEFAULT)
  TABLESPACE "STUDENTI" ;
--------------------------------------------------------
--  DDL for Table STUDIJNI_PLANY
--------------------------------------------------------

  CREATE TABLE "IDAS_2"."STUDIJNI_PLANY" 
   (	"ID_PLANU" NUMBER(*,0), 
	"NAZEV" VARCHAR2(120 BYTE), 
	"ID_OBORU" NUMBER(*,0), 
	"POPIS" VARCHAR2(260 BYTE)
   ) SEGMENT CREATION IMMEDIATE 
  PCTFREE 10 PCTUSED 40 INITRANS 1 MAXTRANS 255 
 NOCOMPRESS LOGGING
  STORAGE(INITIAL 65536 NEXT 1048576 MINEXTENTS 1 MAXEXTENTS 2147483645
  PCTINCREASE 0 FREELISTS 1 FREELIST GROUPS 1
  BUFFER_POOL DEFAULT FLASH_CACHE DEFAULT CELL_FLASH_CACHE DEFAULT)
  TABLESPACE "STUDENTI" ;
--------------------------------------------------------
--  DDL for Table UDALOSTI
--------------------------------------------------------

  CREATE TABLE "IDAS_2"."UDALOSTI" 
   (	"ID_UDALOSTI" NUMBER(6,0), 
	"DATUM" TIMESTAMP (6), 
	"OBSAH" CLOB, 
	"NAZEV" VARCHAR2(20 BYTE), 
	"ID_UZIVATELE" NUMBER(6,0), 
	"MISTO_KONANI" VARCHAR2(60 BYTE)
   ) SEGMENT CREATION IMMEDIATE 
  PCTFREE 10 PCTUSED 40 INITRANS 1 MAXTRANS 255 
 NOCOMPRESS LOGGING
  STORAGE(INITIAL 65536 NEXT 1048576 MINEXTENTS 1 MAXEXTENTS 2147483645
  PCTINCREASE 0 FREELISTS 1 FREELIST GROUPS 1
  BUFFER_POOL DEFAULT FLASH_CACHE DEFAULT CELL_FLASH_CACHE DEFAULT)
  TABLESPACE "STUDENTI" 
 LOB ("OBSAH") STORE AS SECUREFILE (
  TABLESPACE "STUDENTI" ENABLE STORAGE IN ROW CHUNK 8192
  NOCACHE LOGGING  NOCOMPRESS  KEEP_DUPLICATES 
  STORAGE(INITIAL 106496 NEXT 1048576 MINEXTENTS 1 MAXEXTENTS 2147483645
  PCTINCREASE 0
  BUFFER_POOL DEFAULT FLASH_CACHE DEFAULT CELL_FLASH_CACHE DEFAULT)) ;
--------------------------------------------------------
--  DDL for Table USER_OBRAZEK
--------------------------------------------------------

  CREATE TABLE "IDAS_2"."USER_OBRAZEK" 
   (	"ID" NUMBER(*,0), 
	"OBRAZEK_ID" NUMBER(*,0), 
	"USER_ID" NUMBER(*,0)
   ) SEGMENT CREATION DEFERRED 
  PCTFREE 10 PCTUSED 40 INITRANS 1 MAXTRANS 255 
 NOCOMPRESS LOGGING
  TABLESPACE "STUDENTI" ;
--------------------------------------------------------
--  DDL for Table UZIVATELE
--------------------------------------------------------

  CREATE TABLE "IDAS_2"."UZIVATELE" 
   (	"ID_UZIVATELE" NUMBER(10,0), 
	"LOGIN" VARCHAR2(20 BYTE), 
	"HESLO" VARCHAR2(20 BYTE), 
	"JMENO" VARCHAR2(20 BYTE), 
	"PRIJMENI" VARCHAR2(20 BYTE), 
	"POZNAMKA" VARCHAR2(20 BYTE), 
	"EMAIL" VARCHAR2(200 BYTE), 
	"BLOKACE" NUMBER(1,0)
   ) SEGMENT CREATION IMMEDIATE 
  PCTFREE 10 PCTUSED 40 INITRANS 1 MAXTRANS 255 
 NOCOMPRESS LOGGING
  STORAGE(INITIAL 65536 NEXT 1048576 MINEXTENTS 1 MAXEXTENTS 2147483645
  PCTINCREASE 0 FREELISTS 1 FREELIST GROUPS 1
  BUFFER_POOL DEFAULT FLASH_CACHE DEFAULT CELL_FLASH_CACHE DEFAULT)
  TABLESPACE "STUDENTI" ;
REM INSERTING into IDAS_2.ZPRAVY
SET DEFINE OFF;
Insert into IDAS_2.ZPRAVY (ID_ZPRAVY,CASOVE_RAZITKO,POZNAMKA,PREDMET) values (201,to_timestamp('02-DEC-19 12.48.24.758000000','DD-MON-RR HH24.MI.SSXFF'),'Google','Google');
Insert into IDAS_2.ZPRAVY (ID_ZPRAVY,CASOVE_RAZITKO,POZNAMKA,PREDMET) values (141,to_timestamp('12-MAY-19 10.10.08.965000000','DD-MON-RR HH24.MI.SSXFF'),'st7289','st7289');
Insert into IDAS_2.ZPRAVY (ID_ZPRAVY,CASOVE_RAZITKO,POZNAMKA,PREDMET) values (143,to_timestamp('12-MAY-19 10.10.46.254000000','DD-MON-RR HH24.MI.SSXFF'),'st7289Test2','st7289Test2');
Insert into IDAS_2.ZPRAVY (ID_ZPRAVY,CASOVE_RAZITKO,POZNAMKA,PREDMET) values (142,to_timestamp('12-MAY-19 10.10.29.438000000','DD-MON-RR HH24.MI.SSXFF'),'st7289Test1','st7289Test1');
Insert into IDAS_2.ZPRAVY (ID_ZPRAVY,CASOVE_RAZITKO,POZNAMKA,PREDMET) values (144,to_timestamp('12-MAY-19 10.18.36.820000000','DD-MON-RR HH24.MI.SSXFF'),'st2508','st2508');
Insert into IDAS_2.ZPRAVY (ID_ZPRAVY,CASOVE_RAZITKO,POZNAMKA,PREDMET) values (145,to_timestamp('12-MAY-19 10.25.12.476000000','DD-MON-RR HH24.MI.SSXFF'),'st2508','st2508');
Insert into IDAS_2.ZPRAVY (ID_ZPRAVY,CASOVE_RAZITKO,POZNAMKA,PREDMET) values (146,to_timestamp('12-MAY-19 10.25.34.225000000','DD-MON-RR HH24.MI.SSXFF'),'st2508','st2508');
Insert into IDAS_2.ZPRAVY (ID_ZPRAVY,CASOVE_RAZITKO,POZNAMKA,PREDMET) values (147,to_timestamp('12-MAY-19 10.25.49.779000000','DD-MON-RR HH24.MI.SSXFF'),'st2508','st2508');
Insert into IDAS_2.ZPRAVY (ID_ZPRAVY,CASOVE_RAZITKO,POZNAMKA,PREDMET) values (148,to_timestamp('12-MAY-19 10.33.42.791000000','DD-MON-RR HH24.MI.SSXFF'),'st3237','st3237');
Insert into IDAS_2.ZPRAVY (ID_ZPRAVY,CASOVE_RAZITKO,POZNAMKA,PREDMET) values (149,to_timestamp('12-MAY-19 10.34.01.023000000','DD-MON-RR HH24.MI.SSXFF'),'st3237','st3237');
Insert into IDAS_2.ZPRAVY (ID_ZPRAVY,CASOVE_RAZITKO,POZNAMKA,PREDMET) values (150,to_timestamp('12-MAY-19 10.43.22.755000000','DD-MON-RR HH24.MI.SSXFF'),'st1655','st1655');
Insert into IDAS_2.ZPRAVY (ID_ZPRAVY,CASOVE_RAZITKO,POZNAMKA,PREDMET) values (151,to_timestamp('12-MAY-19 10.43.34.820000000','DD-MON-RR HH24.MI.SSXFF'),'st1655','st1655');
Insert into IDAS_2.ZPRAVY (ID_ZPRAVY,CASOVE_RAZITKO,POZNAMKA,PREDMET) values (152,to_timestamp('12-MAY-19 10.44.08.205000000','DD-MON-RR HH24.MI.SSXFF'),'st1655','st1655');
Insert into IDAS_2.ZPRAVY (ID_ZPRAVY,CASOVE_RAZITKO,POZNAMKA,PREDMET) values (182,to_timestamp('02-NOV-19 15.31.45.948000000','DD-MON-RR HH24.MI.SSXFF'),'gfddg','gfddg');
Insert into IDAS_2.ZPRAVY (ID_ZPRAVY,CASOVE_RAZITKO,POZNAMKA,PREDMET) values (155,to_timestamp('12-MAY-19 10.56.51.075000000','DD-MON-RR HH24.MI.SSXFF'),'Gago','Gago');
Insert into IDAS_2.ZPRAVY (ID_ZPRAVY,CASOVE_RAZITKO,POZNAMKA,PREDMET) values (61,to_timestamp('03-MAY-19 13.04.51.932000000','DD-MON-RR HH24.MI.SSXFF'),'Zruseni_Vyuky','Zruseni_Vyuky');
Insert into IDAS_2.ZPRAVY (ID_ZPRAVY,CASOVE_RAZITKO,POZNAMKA,PREDMET) values (154,to_timestamp('12-MAY-19 10.56.38.147000000','DD-MON-RR HH24.MI.SSXFF'),'Gago','Gago');
Insert into IDAS_2.ZPRAVY (ID_ZPRAVY,CASOVE_RAZITKO,POZNAMKA,PREDMET) values (2,to_timestamp('01-MAY-19 11.21.37.560000000','DD-MON-RR HH24.MI.SSXFF'),'K5','Kontakt5');
Insert into IDAS_2.ZPRAVY (ID_ZPRAVY,CASOVE_RAZITKO,POZNAMKA,PREDMET) values (184,to_timestamp('02-NOV-19 19.32.45.324000000','DD-MON-RR HH24.MI.SSXFF'),'Cau cCAu','Cau cCAu');
Insert into IDAS_2.ZPRAVY (ID_ZPRAVY,CASOVE_RAZITKO,POZNAMKA,PREDMET) values (202,to_timestamp('02-DEC-19 12.49.54.677000000','DD-MON-RR HH24.MI.SSXFF'),'gg','gg');
Insert into IDAS_2.ZPRAVY (ID_ZPRAVY,CASOVE_RAZITKO,POZNAMKA,PREDMET) values (203,to_timestamp('02-DEC-19 12.51.12.672000000','DD-MON-RR HH24.MI.SSXFF'),'test','test');
REM INSERTING into IDAS_2.UZIVATELE_SP
SET DEFINE OFF;
Insert into IDAS_2.UZIVATELE_SP (ID_UZIVATELE_SP,ID_UZIVATELE,ID_ST_PLANU) values (161,4270,666);
Insert into IDAS_2.UZIVATELE_SP (ID_UZIVATELE_SP,ID_UZIVATELE,ID_ST_PLANU) values (107,6125,666);
Insert into IDAS_2.UZIVATELE_SP (ID_UZIVATELE_SP,ID_UZIVATELE,ID_ST_PLANU) values (108,1996,666);
Insert into IDAS_2.UZIVATELE_SP (ID_UZIVATELE_SP,ID_UZIVATELE,ID_ST_PLANU) values (109,8512,666);
Insert into IDAS_2.UZIVATELE_SP (ID_UZIVATELE_SP,ID_UZIVATELE,ID_ST_PLANU) values (110,7741,666);
Insert into IDAS_2.UZIVATELE_SP (ID_UZIVATELE_SP,ID_UZIVATELE,ID_ST_PLANU) values (111,1055,666);
Insert into IDAS_2.UZIVATELE_SP (ID_UZIVATELE_SP,ID_UZIVATELE,ID_ST_PLANU) values (112,353,666);
Insert into IDAS_2.UZIVATELE_SP (ID_UZIVATELE_SP,ID_UZIVATELE,ID_ST_PLANU) values (113,275,666);
Insert into IDAS_2.UZIVATELE_SP (ID_UZIVATELE_SP,ID_UZIVATELE,ID_ST_PLANU) values (114,3986,666);
Insert into IDAS_2.UZIVATELE_SP (ID_UZIVATELE_SP,ID_UZIVATELE,ID_ST_PLANU) values (115,3259,666);
Insert into IDAS_2.UZIVATELE_SP (ID_UZIVATELE_SP,ID_UZIVATELE,ID_ST_PLANU) values (116,5655,666);
Insert into IDAS_2.UZIVATELE_SP (ID_UZIVATELE_SP,ID_UZIVATELE,ID_ST_PLANU) values (117,2458,666);
Insert into IDAS_2.UZIVATELE_SP (ID_UZIVATELE_SP,ID_UZIVATELE,ID_ST_PLANU) values (118,2616,666);
Insert into IDAS_2.UZIVATELE_SP (ID_UZIVATELE_SP,ID_UZIVATELE,ID_ST_PLANU) values (119,1098,555);
Insert into IDAS_2.UZIVATELE_SP (ID_UZIVATELE_SP,ID_UZIVATELE,ID_ST_PLANU) values (120,6118,555);
Insert into IDAS_2.UZIVATELE_SP (ID_UZIVATELE_SP,ID_UZIVATELE,ID_ST_PLANU) values (121,266,555);
Insert into IDAS_2.UZIVATELE_SP (ID_UZIVATELE_SP,ID_UZIVATELE,ID_ST_PLANU) values (122,5647,555);
Insert into IDAS_2.UZIVATELE_SP (ID_UZIVATELE_SP,ID_UZIVATELE,ID_ST_PLANU) values (123,1870,555);
Insert into IDAS_2.UZIVATELE_SP (ID_UZIVATELE_SP,ID_UZIVATELE,ID_ST_PLANU) values (124,9107,555);
Insert into IDAS_2.UZIVATELE_SP (ID_UZIVATELE_SP,ID_UZIVATELE,ID_ST_PLANU) values (125,5117,555);
Insert into IDAS_2.UZIVATELE_SP (ID_UZIVATELE_SP,ID_UZIVATELE,ID_ST_PLANU) values (126,6125,555);
Insert into IDAS_2.UZIVATELE_SP (ID_UZIVATELE_SP,ID_UZIVATELE,ID_ST_PLANU) values (106,5117,666);
Insert into IDAS_2.UZIVATELE_SP (ID_UZIVATELE_SP,ID_UZIVATELE,ID_ST_PLANU) values (127,1996,555);
Insert into IDAS_2.UZIVATELE_SP (ID_UZIVATELE_SP,ID_UZIVATELE,ID_ST_PLANU) values (128,8512,555);
Insert into IDAS_2.UZIVATELE_SP (ID_UZIVATELE_SP,ID_UZIVATELE,ID_ST_PLANU) values (129,7741,555);
Insert into IDAS_2.UZIVATELE_SP (ID_UZIVATELE_SP,ID_UZIVATELE,ID_ST_PLANU) values (130,1055,555);
Insert into IDAS_2.UZIVATELE_SP (ID_UZIVATELE_SP,ID_UZIVATELE,ID_ST_PLANU) values (181,9528,60010);
Insert into IDAS_2.UZIVATELE_SP (ID_UZIVATELE_SP,ID_UZIVATELE,ID_ST_PLANU) values (182,9528,60010);
Insert into IDAS_2.UZIVATELE_SP (ID_UZIVATELE_SP,ID_UZIVATELE,ID_ST_PLANU) values (64,7418,666);
Insert into IDAS_2.UZIVATELE_SP (ID_UZIVATELE_SP,ID_UZIVATELE,ID_ST_PLANU) values (65,4199,666);
Insert into IDAS_2.UZIVATELE_SP (ID_UZIVATELE_SP,ID_UZIVATELE,ID_ST_PLANU) values (66,1838,666);
Insert into IDAS_2.UZIVATELE_SP (ID_UZIVATELE_SP,ID_UZIVATELE,ID_ST_PLANU) values (67,1709,666);
Insert into IDAS_2.UZIVATELE_SP (ID_UZIVATELE_SP,ID_UZIVATELE,ID_ST_PLANU) values (68,3741,666);
Insert into IDAS_2.UZIVATELE_SP (ID_UZIVATELE_SP,ID_UZIVATELE,ID_ST_PLANU) values (69,6213,666);
Insert into IDAS_2.UZIVATELE_SP (ID_UZIVATELE_SP,ID_UZIVATELE,ID_ST_PLANU) values (70,1806,666);
Insert into IDAS_2.UZIVATELE_SP (ID_UZIVATELE_SP,ID_UZIVATELE,ID_ST_PLANU) values (71,1655,666);
Insert into IDAS_2.UZIVATELE_SP (ID_UZIVATELE_SP,ID_UZIVATELE,ID_ST_PLANU) values (72,8592,666);
Insert into IDAS_2.UZIVATELE_SP (ID_UZIVATELE_SP,ID_UZIVATELE,ID_ST_PLANU) values (73,2508,666);
Insert into IDAS_2.UZIVATELE_SP (ID_UZIVATELE_SP,ID_UZIVATELE,ID_ST_PLANU) values (74,3237,666);
Insert into IDAS_2.UZIVATELE_SP (ID_UZIVATELE_SP,ID_UZIVATELE,ID_ST_PLANU) values (75,6991,666);
Insert into IDAS_2.UZIVATELE_SP (ID_UZIVATELE_SP,ID_UZIVATELE,ID_ST_PLANU) values (76,5617,555);
Insert into IDAS_2.UZIVATELE_SP (ID_UZIVATELE_SP,ID_UZIVATELE,ID_ST_PLANU) values (77,7852,555);
Insert into IDAS_2.UZIVATELE_SP (ID_UZIVATELE_SP,ID_UZIVATELE,ID_ST_PLANU) values (78,9876,555);
Insert into IDAS_2.UZIVATELE_SP (ID_UZIVATELE_SP,ID_UZIVATELE,ID_ST_PLANU) values (79,6142,555);
Insert into IDAS_2.UZIVATELE_SP (ID_UZIVATELE_SP,ID_UZIVATELE,ID_ST_PLANU) values (80,5251,555);
Insert into IDAS_2.UZIVATELE_SP (ID_UZIVATELE_SP,ID_UZIVATELE,ID_ST_PLANU) values (81,3995,555);
Insert into IDAS_2.UZIVATELE_SP (ID_UZIVATELE_SP,ID_UZIVATELE,ID_ST_PLANU) values (62,3649,666);
Insert into IDAS_2.UZIVATELE_SP (ID_UZIVATELE_SP,ID_UZIVATELE,ID_ST_PLANU) values (63,7289,666);
Insert into IDAS_2.UZIVATELE_SP (ID_UZIVATELE_SP,ID_UZIVATELE,ID_ST_PLANU) values (148,8020,60010);
REM INSERTING into IDAS_2.IMAGES
SET DEFINE OFF;
Insert into IDAS_2.IMAGES (NAME,ID,CAS,POPISEK,ID_UZIV,DEFAULT_PC) values ('arctic2.jpg',49,to_timestamp('14-NOV-19 16.38.21.606000000','DD-MON-RR HH24.MI.SSXFF'),null,3995,1);
Insert into IDAS_2.IMAGES (NAME,ID,CAS,POPISEK,ID_UZIV,DEFAULT_PC) values ('zadani 6.PNG',61,to_timestamp('17-NOV-19 21.43.39.188000000','DD-MON-RR HH24.MI.SSXFF'),'Popisek',3995,0);
REM INSERTING into IDAS_2.KOMENTARE
SET DEFINE OFF;
Insert into IDAS_2.KOMENTARE (ID_KOMENTARE,DATUM,ID_PODKOMENTARE,BLOKACE,NAZEV,ID_UZIVATELE,ID_OBRAZKU) values (103,to_timestamp('12-MAY-19 09.38.11.028000000','DD-MON-RR HH24.MI.SSXFF'),102,1,'test111',6125,null);
Insert into IDAS_2.KOMENTARE (ID_KOMENTARE,DATUM,ID_PODKOMENTARE,BLOKACE,NAZEV,ID_UZIVATELE,ID_OBRAZKU) values (102,to_timestamp('12-MAY-19 09.38.03.329000000','DD-MON-RR HH24.MI.SSXFF'),null,1,'testura',6125,null);
Insert into IDAS_2.KOMENTARE (ID_KOMENTARE,DATUM,ID_PODKOMENTARE,BLOKACE,NAZEV,ID_UZIVATELE,ID_OBRAZKU) values (104,to_timestamp('12-MAY-19 09.38.18.455000000','DD-MON-RR HH24.MI.SSXFF'),103,1,'test2',6125,null);
Insert into IDAS_2.KOMENTARE (ID_KOMENTARE,DATUM,ID_PODKOMENTARE,BLOKACE,NAZEV,ID_UZIVATELE,ID_OBRAZKU) values (105,to_timestamp('12-MAY-19 09.38.26.795000000','DD-MON-RR HH24.MI.SSXFF'),104,1,'test3',6125,null);
Insert into IDAS_2.KOMENTARE (ID_KOMENTARE,DATUM,ID_PODKOMENTARE,BLOKACE,NAZEV,ID_UZIVATELE,ID_OBRAZKU) values (106,to_timestamp('12-MAY-19 09.38.39.941000000','DD-MON-RR HH24.MI.SSXFF'),103,1,'test5',6125,null);
Insert into IDAS_2.KOMENTARE (ID_KOMENTARE,DATUM,ID_PODKOMENTARE,BLOKACE,NAZEV,ID_UZIVATELE,ID_OBRAZKU) values (108,to_timestamp('12-MAY-19 09.57.21.183000000','DD-MON-RR HH24.MI.SSXFF'),105,1,'test6',7289,null);
Insert into IDAS_2.KOMENTARE (ID_KOMENTARE,DATUM,ID_PODKOMENTARE,BLOKACE,NAZEV,ID_UZIVATELE,ID_OBRAZKU) values (107,to_timestamp('12-MAY-19 09.56.56.699000000','DD-MON-RR HH24.MI.SSXFF'),105,1,'st7289',7289,null);
Insert into IDAS_2.KOMENTARE (ID_KOMENTARE,DATUM,ID_PODKOMENTARE,BLOKACE,NAZEV,ID_UZIVATELE,ID_OBRAZKU) values (109,to_timestamp('12-MAY-19 09.58.40.550000000','DD-MON-RR HH24.MI.SSXFF'),null,1,'st7289',7289,null);
Insert into IDAS_2.KOMENTARE (ID_KOMENTARE,DATUM,ID_PODKOMENTARE,BLOKACE,NAZEV,ID_UZIVATELE,ID_OBRAZKU) values (110,to_timestamp('12-MAY-19 09.59.06.569000000','DD-MON-RR HH24.MI.SSXFF'),109,1,'test1',7289,null);
Insert into IDAS_2.KOMENTARE (ID_KOMENTARE,DATUM,ID_PODKOMENTARE,BLOKACE,NAZEV,ID_UZIVATELE,ID_OBRAZKU) values (111,to_timestamp('12-MAY-19 09.59.16.820000000','DD-MON-RR HH24.MI.SSXFF'),110,1,'test2',7289,null);
Insert into IDAS_2.KOMENTARE (ID_KOMENTARE,DATUM,ID_PODKOMENTARE,BLOKACE,NAZEV,ID_UZIVATELE,ID_OBRAZKU) values (112,to_timestamp('12-MAY-19 09.59.28.629000000','DD-MON-RR HH24.MI.SSXFF'),110,1,'test3',7289,null);
Insert into IDAS_2.KOMENTARE (ID_KOMENTARE,DATUM,ID_PODKOMENTARE,BLOKACE,NAZEV,ID_UZIVATELE,ID_OBRAZKU) values (113,to_timestamp('12-MAY-19 09.59.41.277000000','DD-MON-RR HH24.MI.SSXFF'),112,1,'test4',7289,null);
Insert into IDAS_2.KOMENTARE (ID_KOMENTARE,DATUM,ID_PODKOMENTARE,BLOKACE,NAZEV,ID_UZIVATELE,ID_OBRAZKU) values (114,to_timestamp('12-MAY-19 10.14.26.576000000','DD-MON-RR HH24.MI.SSXFF'),108,1,'test7',2508,null);
Insert into IDAS_2.KOMENTARE (ID_KOMENTARE,DATUM,ID_PODKOMENTARE,BLOKACE,NAZEV,ID_UZIVATELE,ID_OBRAZKU) values (115,to_timestamp('12-MAY-19 10.14.39.502000000','DD-MON-RR HH24.MI.SSXFF'),108,1,'test8',2508,null);
Insert into IDAS_2.KOMENTARE (ID_KOMENTARE,DATUM,ID_PODKOMENTARE,BLOKACE,NAZEV,ID_UZIVATELE,ID_OBRAZKU) values (116,to_timestamp('12-MAY-19 10.14.49.871000000','DD-MON-RR HH24.MI.SSXFF'),115,1,'test9',2508,null);
Insert into IDAS_2.KOMENTARE (ID_KOMENTARE,DATUM,ID_PODKOMENTARE,BLOKACE,NAZEV,ID_UZIVATELE,ID_OBRAZKU) values (117,to_timestamp('12-MAY-19 10.15.39.238000000','DD-MON-RR HH24.MI.SSXFF'),113,1,'test5',2508,null);
Insert into IDAS_2.KOMENTARE (ID_KOMENTARE,DATUM,ID_PODKOMENTARE,BLOKACE,NAZEV,ID_UZIVATELE,ID_OBRAZKU) values (118,to_timestamp('12-MAY-19 10.15.49.213000000','DD-MON-RR HH24.MI.SSXFF'),117,1,'test6',2508,null);
Insert into IDAS_2.KOMENTARE (ID_KOMENTARE,DATUM,ID_PODKOMENTARE,BLOKACE,NAZEV,ID_UZIVATELE,ID_OBRAZKU) values (119,to_timestamp('12-MAY-19 10.16.02.724000000','DD-MON-RR HH24.MI.SSXFF'),118,1,'test7',2508,null);
Insert into IDAS_2.KOMENTARE (ID_KOMENTARE,DATUM,ID_PODKOMENTARE,BLOKACE,NAZEV,ID_UZIVATELE,ID_OBRAZKU) values (120,to_timestamp('12-MAY-19 10.32.01.874000000','DD-MON-RR HH24.MI.SSXFF'),116,1,'test10',3237,null);
Insert into IDAS_2.KOMENTARE (ID_KOMENTARE,DATUM,ID_PODKOMENTARE,BLOKACE,NAZEV,ID_UZIVATELE,ID_OBRAZKU) values (121,to_timestamp('12-MAY-19 10.32.14.113000000','DD-MON-RR HH24.MI.SSXFF'),120,1,'test11',3237,null);
Insert into IDAS_2.KOMENTARE (ID_KOMENTARE,DATUM,ID_PODKOMENTARE,BLOKACE,NAZEV,ID_UZIVATELE,ID_OBRAZKU) values (122,to_timestamp('12-MAY-19 10.33.02.877000000','DD-MON-RR HH24.MI.SSXFF'),119,1,'test8',3237,null);
Insert into IDAS_2.KOMENTARE (ID_KOMENTARE,DATUM,ID_PODKOMENTARE,BLOKACE,NAZEV,ID_UZIVATELE,ID_OBRAZKU) values (123,to_timestamp('12-MAY-19 10.44.48.203000000','DD-MON-RR HH24.MI.SSXFF'),122,1,'test9',1655,null);
Insert into IDAS_2.KOMENTARE (ID_KOMENTARE,DATUM,ID_PODKOMENTARE,BLOKACE,NAZEV,ID_UZIVATELE,ID_OBRAZKU) values (161,to_timestamp('02-NOV-19 15.14.39.078000000','DD-MON-RR HH24.MI.SSXFF'),130,1,'jhgf',3995,null);
Insert into IDAS_2.KOMENTARE (ID_KOMENTARE,DATUM,ID_PODKOMENTARE,BLOKACE,NAZEV,ID_UZIVATELE,ID_OBRAZKU) values (124,to_timestamp('12-MAY-19 10.57.50.427000000','DD-MON-RR HH24.MI.SSXFF'),null,1,'test1',7741,null);
Insert into IDAS_2.KOMENTARE (ID_KOMENTARE,DATUM,ID_PODKOMENTARE,BLOKACE,NAZEV,ID_UZIVATELE,ID_OBRAZKU) values (125,to_timestamp('12-MAY-19 10.57.58.099000000','DD-MON-RR HH24.MI.SSXFF'),124,1,'test2',7741,null);
Insert into IDAS_2.KOMENTARE (ID_KOMENTARE,DATUM,ID_PODKOMENTARE,BLOKACE,NAZEV,ID_UZIVATELE,ID_OBRAZKU) values (181,to_timestamp('17-NOV-19 21.32.40.240000000','DD-MON-RR HH24.MI.SSXFF'),null,1,'Issayev',3995,49);
Insert into IDAS_2.KOMENTARE (ID_KOMENTARE,DATUM,ID_PODKOMENTARE,BLOKACE,NAZEV,ID_UZIVATELE,ID_OBRAZKU) values (127,to_timestamp('12-MAY-19 10.58.27.109000000','DD-MON-RR HH24.MI.SSXFF'),null,1,'test1',7741,null);
Insert into IDAS_2.KOMENTARE (ID_KOMENTARE,DATUM,ID_PODKOMENTARE,BLOKACE,NAZEV,ID_UZIVATELE,ID_OBRAZKU) values (128,to_timestamp('12-MAY-19 10.58.32.820000000','DD-MON-RR HH24.MI.SSXFF'),null,1,'test1test1',7741,null);
Insert into IDAS_2.KOMENTARE (ID_KOMENTARE,DATUM,ID_PODKOMENTARE,BLOKACE,NAZEV,ID_UZIVATELE,ID_OBRAZKU) values (129,to_timestamp('12-MAY-19 10.58.54.390000000','DD-MON-RR HH24.MI.SSXFF'),127,1,'test1test1',7741,null);
Insert into IDAS_2.KOMENTARE (ID_KOMENTARE,DATUM,ID_PODKOMENTARE,BLOKACE,NAZEV,ID_UZIVATELE,ID_OBRAZKU) values (130,to_timestamp('12-MAY-19 10.59.02.958000000','DD-MON-RR HH24.MI.SSXFF'),129,1,'test1test1test1',7741,null);
Insert into IDAS_2.KOMENTARE (ID_KOMENTARE,DATUM,ID_PODKOMENTARE,BLOKACE,NAZEV,ID_UZIVATELE,ID_OBRAZKU) values (182,to_timestamp('17-NOV-19 21.32.41.858000000','DD-MON-RR HH24.MI.SSXFF'),null,1,'Issayev',3995,49);
Insert into IDAS_2.KOMENTARE (ID_KOMENTARE,DATUM,ID_PODKOMENTARE,BLOKACE,NAZEV,ID_UZIVATELE,ID_OBRAZKU) values (183,to_timestamp('17-NOV-19 21.32.43.715000000','DD-MON-RR HH24.MI.SSXFF'),null,1,'Issayev',3995,49);
Insert into IDAS_2.KOMENTARE (ID_KOMENTARE,DATUM,ID_PODKOMENTARE,BLOKACE,NAZEV,ID_UZIVATELE,ID_OBRAZKU) values (184,to_timestamp('17-NOV-19 21.37.07.812000000','DD-MON-RR HH24.MI.SSXFF'),null,1,'Issayev',3995,49);
Insert into IDAS_2.KOMENTARE (ID_KOMENTARE,DATUM,ID_PODKOMENTARE,BLOKACE,NAZEV,ID_UZIVATELE,ID_OBRAZKU) values (185,to_timestamp('17-NOV-19 21.39.31.284000000','DD-MON-RR HH24.MI.SSXFF'),null,1,'Issayev',3995,49);
Insert into IDAS_2.KOMENTARE (ID_KOMENTARE,DATUM,ID_PODKOMENTARE,BLOKACE,NAZEV,ID_UZIVATELE,ID_OBRAZKU) values (186,to_timestamp('17-NOV-19 21.42.59.384000000','DD-MON-RR HH24.MI.SSXFF'),null,1,'Issayev',3995,49);
Insert into IDAS_2.KOMENTARE (ID_KOMENTARE,DATUM,ID_PODKOMENTARE,BLOKACE,NAZEV,ID_UZIVATELE,ID_OBRAZKU) values (187,to_timestamp('17-NOV-19 21.43.09.049000000','DD-MON-RR HH24.MI.SSXFF'),null,1,'Issayev',3995,49);
Insert into IDAS_2.KOMENTARE (ID_KOMENTARE,DATUM,ID_PODKOMENTARE,BLOKACE,NAZEV,ID_UZIVATELE,ID_OBRAZKU) values (188,to_timestamp('17-NOV-19 21.44.35.711000000','DD-MON-RR HH24.MI.SSXFF'),null,1,'Issayev',3995,61);
Insert into IDAS_2.KOMENTARE (ID_KOMENTARE,DATUM,ID_PODKOMENTARE,BLOKACE,NAZEV,ID_UZIVATELE,ID_OBRAZKU) values (189,to_timestamp('17-NOV-19 21.51.14.739000000','DD-MON-RR HH24.MI.SSXFF'),null,1,'Issayev',3995,61);
Insert into IDAS_2.KOMENTARE (ID_KOMENTARE,DATUM,ID_PODKOMENTARE,BLOKACE,NAZEV,ID_UZIVATELE,ID_OBRAZKU) values (190,to_timestamp('17-NOV-19 22.14.25.099000000','DD-MON-RR HH24.MI.SSXFF'),null,1,'Issayev',3995,49);
Insert into IDAS_2.KOMENTARE (ID_KOMENTARE,DATUM,ID_PODKOMENTARE,BLOKACE,NAZEV,ID_UZIVATELE,ID_OBRAZKU) values (191,to_timestamp('17-NOV-19 22.15.59.942000000','DD-MON-RR HH24.MI.SSXFF'),null,1,'Issayev',3995,61);
Insert into IDAS_2.KOMENTARE (ID_KOMENTARE,DATUM,ID_PODKOMENTARE,BLOKACE,NAZEV,ID_UZIVATELE,ID_OBRAZKU) values (192,to_timestamp('17-NOV-19 22.16.01.182000000','DD-MON-RR HH24.MI.SSXFF'),null,1,'Issayev',3995,61);
Insert into IDAS_2.KOMENTARE (ID_KOMENTARE,DATUM,ID_PODKOMENTARE,BLOKACE,NAZEV,ID_UZIVATELE,ID_OBRAZKU) values (193,to_timestamp('17-NOV-19 22.16.01.730000000','DD-MON-RR HH24.MI.SSXFF'),null,1,'Issayev',3995,61);
Insert into IDAS_2.KOMENTARE (ID_KOMENTARE,DATUM,ID_PODKOMENTARE,BLOKACE,NAZEV,ID_UZIVATELE,ID_OBRAZKU) values (194,to_timestamp('17-NOV-19 22.16.01.909000000','DD-MON-RR HH24.MI.SSXFF'),null,1,'Issayev',3995,61);
Insert into IDAS_2.KOMENTARE (ID_KOMENTARE,DATUM,ID_PODKOMENTARE,BLOKACE,NAZEV,ID_UZIVATELE,ID_OBRAZKU) values (195,to_timestamp('18-NOV-19 10.46.37.483000000','DD-MON-RR HH24.MI.SSXFF'),null,1,'Issayev',3995,49);
Insert into IDAS_2.KOMENTARE (ID_KOMENTARE,DATUM,ID_PODKOMENTARE,BLOKACE,NAZEV,ID_UZIVATELE,ID_OBRAZKU) values (196,to_timestamp('18-NOV-19 10.49.54.634000000','DD-MON-RR HH24.MI.SSXFF'),null,1,'Issayev',3995,49);
Insert into IDAS_2.KOMENTARE (ID_KOMENTARE,DATUM,ID_PODKOMENTARE,BLOKACE,NAZEV,ID_UZIVATELE,ID_OBRAZKU) values (197,to_timestamp('18-NOV-19 10.51.23.004000000','DD-MON-RR HH24.MI.SSXFF'),null,1,'Issayev',3995,49);
Insert into IDAS_2.KOMENTARE (ID_KOMENTARE,DATUM,ID_PODKOMENTARE,BLOKACE,NAZEV,ID_UZIVATELE,ID_OBRAZKU) values (198,to_timestamp('18-NOV-19 10.53.41.422000000','DD-MON-RR HH24.MI.SSXFF'),null,1,'Issayev',3995,49);
Insert into IDAS_2.KOMENTARE (ID_KOMENTARE,DATUM,ID_PODKOMENTARE,BLOKACE,NAZEV,ID_UZIVATELE,ID_OBRAZKU) values (201,to_timestamp('30-NOV-19 10.16.32.552000000','DD-MON-RR HH24.MI.SSXFF'),null,1,'Issayev',3995,61);
Insert into IDAS_2.KOMENTARE (ID_KOMENTARE,DATUM,ID_PODKOMENTARE,BLOKACE,NAZEV,ID_UZIVATELE,ID_OBRAZKU) values (145,to_timestamp('14-MAY-19 15.40.46.121000000','DD-MON-RR HH24.MI.SSXFF'),107,1,'????',7289,null);
REM INSERTING into IDAS_2.KONTAKTY
SET DEFINE OFF;
Insert into IDAS_2.KONTAKTY (ID_KONT,PLATNOST,POZNAMKA,ID_UZIVATELE) values (63,to_timestamp('15-JUN-19 09.18.00.000000000','DD-MON-RR HH24.MI.SSXFF'),'*****',6142);
Insert into IDAS_2.KONTAKTY (ID_KONT,PLATNOST,POZNAMKA,ID_UZIVATELE) values (64,to_timestamp('24-MAY-19 04.41.00.000000000','DD-MON-RR HH24.MI.SSXFF'),null,353);
Insert into IDAS_2.KONTAKTY (ID_KONT,PLATNOST,POZNAMKA,ID_UZIVATELE) values (65,to_timestamp('26-MAY-19 02.21.00.000000000','DD-MON-RR HH24.MI.SSXFF'),null,8512);
Insert into IDAS_2.KONTAKTY (ID_KONT,PLATNOST,POZNAMKA,ID_UZIVATELE) values (66,to_timestamp('26-MAY-19 18.06.00.000000000','DD-MON-RR HH24.MI.SSXFF'),null,6125);
Insert into IDAS_2.KONTAKTY (ID_KONT,PLATNOST,POZNAMKA,ID_UZIVATELE) values (25,to_timestamp('09-MAY-19 15.57.00.000000000','DD-MON-RR HH24.MI.SSXFF'),'dfgdg',3259);
Insert into IDAS_2.KONTAKTY (ID_KONT,PLATNOST,POZNAMKA,ID_UZIVATELE) values (-1,to_timestamp('01-MAY-19 14.54.00.000000000','DD-MON-RR HH24.MI.SSXFF'),'dfsfs',7289);
Insert into IDAS_2.KONTAKTY (ID_KONT,PLATNOST,POZNAMKA,ID_UZIVATELE) values (24,to_timestamp('01-MAY-19 14.55.00.000000000','DD-MON-RR HH24.MI.SSXFF'),'dfdf',7289);
Insert into IDAS_2.KONTAKTY (ID_KONT,PLATNOST,POZNAMKA,ID_UZIVATELE) values (67,to_timestamp('25-MAY-19 16.55.00.000000000','DD-MON-RR HH24.MI.SSXFF'),null,5655);
Insert into IDAS_2.KONTAKTY (ID_KONT,PLATNOST,POZNAMKA,ID_UZIVATELE) values (4,to_timestamp('30-APR-19 23.45.31.986000000','DD-MON-RR HH24.MI.SSXFF'),null,7418);
Insert into IDAS_2.KONTAKTY (ID_KONT,PLATNOST,POZNAMKA,ID_UZIVATELE) values (22,to_timestamp('25-APR-19 17.08.03.725000000','DD-MON-RR HH24.MI.SSXFF'),null,3649);
Insert into IDAS_2.KONTAKTY (ID_KONT,PLATNOST,POZNAMKA,ID_UZIVATELE) values (3,to_timestamp('30-APR-19 22.06.59.794000000','DD-MON-RR HH24.MI.SSXFF'),null,5617);
Insert into IDAS_2.KONTAKTY (ID_KONT,PLATNOST,POZNAMKA,ID_UZIVATELE) values (11,to_timestamp('30-APR-19 23.45.29.283000000','DD-MON-RR HH24.MI.SSXFF'),null,1655);
Insert into IDAS_2.KONTAKTY (ID_KONT,PLATNOST,POZNAMKA,ID_UZIVATELE) values (5,to_timestamp('30-APR-19 23.45.32.033000000','DD-MON-RR HH24.MI.SSXFF'),null,4199);
Insert into IDAS_2.KONTAKTY (ID_KONT,PLATNOST,POZNAMKA,ID_UZIVATELE) values (6,to_timestamp('30-APR-19 23.45.32.080000000','DD-MON-RR HH24.MI.SSXFF'),null,1838);
Insert into IDAS_2.KONTAKTY (ID_KONT,PLATNOST,POZNAMKA,ID_UZIVATELE) values (7,to_timestamp('30-APR-19 23.45.32.111000000','DD-MON-RR HH24.MI.SSXFF'),null,1709);
Insert into IDAS_2.KONTAKTY (ID_KONT,PLATNOST,POZNAMKA,ID_UZIVATELE) values (8,to_timestamp('30-APR-19 23.45.32.127000000','DD-MON-RR HH24.MI.SSXFF'),null,3741);
Insert into IDAS_2.KONTAKTY (ID_KONT,PLATNOST,POZNAMKA,ID_UZIVATELE) values (9,to_timestamp('30-APR-19 23.45.32.158000000','DD-MON-RR HH24.MI.SSXFF'),null,6213);
Insert into IDAS_2.KONTAKTY (ID_KONT,PLATNOST,POZNAMKA,ID_UZIVATELE) values (10,to_timestamp('30-APR-19 23.45.32.189000000','DD-MON-RR HH24.MI.SSXFF'),null,1806);
Insert into IDAS_2.KONTAKTY (ID_KONT,PLATNOST,POZNAMKA,ID_UZIVATELE) values (43,to_timestamp('03-MAY-19 13.12.00.000000000','DD-MON-RR HH24.MI.SSXFF'),'fdgfd',1055);
Insert into IDAS_2.KONTAKTY (ID_KONT,PLATNOST,POZNAMKA,ID_UZIVATELE) values (83,to_timestamp('30-NOV-19 18.49.00.000000000','DD-MON-RR HH24.MI.SSXFF'),'bude odstranen',275);
REM INSERTING into IDAS_2.KONTAKTY_UZIVATELE
SET DEFINE OFF;
Insert into IDAS_2.KONTAKTY_UZIVATELE (ID_KONT_UZIV,ID_UZIVATELE,ID_KONTAKTA) values (161,1055,-1);
Insert into IDAS_2.KONTAKTY_UZIVATELE (ID_KONT_UZIV,ID_UZIVATELE,ID_KONTAKTA) values (162,1055,83);
Insert into IDAS_2.KONTAKTY_UZIVATELE (ID_KONT_UZIV,ID_UZIVATELE,ID_KONTAKTA) values (133,1655,64);
Insert into IDAS_2.KONTAKTY_UZIVATELE (ID_KONT_UZIV,ID_UZIVATELE,ID_KONTAKTA) values (134,1655,65);
Insert into IDAS_2.KONTAKTY_UZIVATELE (ID_KONT_UZIV,ID_UZIVATELE,ID_KONTAKTA) values (135,1655,66);
Insert into IDAS_2.KONTAKTY_UZIVATELE (ID_KONT_UZIV,ID_UZIVATELE,ID_KONTAKTA) values (125,2508,4);
Insert into IDAS_2.KONTAKTY_UZIVATELE (ID_KONT_UZIV,ID_UZIVATELE,ID_KONTAKTA) values (127,2508,5);
Insert into IDAS_2.KONTAKTY_UZIVATELE (ID_KONT_UZIV,ID_UZIVATELE,ID_KONTAKTA) values (128,2508,8);
Insert into IDAS_2.KONTAKTY_UZIVATELE (ID_KONT_UZIV,ID_UZIVATELE,ID_KONTAKTA) values (129,2508,63);
Insert into IDAS_2.KONTAKTY_UZIVATELE (ID_KONT_UZIV,ID_UZIVATELE,ID_KONTAKTA) values (132,3237,7);
Insert into IDAS_2.KONTAKTY_UZIVATELE (ID_KONT_UZIV,ID_UZIVATELE,ID_KONTAKTA) values (131,3237,8);
Insert into IDAS_2.KONTAKTY_UZIVATELE (ID_KONT_UZIV,ID_UZIVATELE,ID_KONTAKTA) values (130,3237,63);
Insert into IDAS_2.KONTAKTY_UZIVATELE (ID_KONT_UZIV,ID_UZIVATELE,ID_KONTAKTA) values (141,3995,43);
Insert into IDAS_2.KONTAKTY_UZIVATELE (ID_KONT_UZIV,ID_UZIVATELE,ID_KONTAKTA) values (3,4199,3);
Insert into IDAS_2.KONTAKTY_UZIVATELE (ID_KONT_UZIV,ID_UZIVATELE,ID_KONTAKTA) values (109,6125,43);
Insert into IDAS_2.KONTAKTY_UZIVATELE (ID_KONT_UZIV,ID_UZIVATELE,ID_KONTAKTA) values (122,7289,3);
Insert into IDAS_2.KONTAKTY_UZIVATELE (ID_KONT_UZIV,ID_UZIVATELE,ID_KONTAKTA) values (124,7289,6);
Insert into IDAS_2.KONTAKTY_UZIVATELE (ID_KONT_UZIV,ID_UZIVATELE,ID_KONTAKTA) values (139,7289,8);
Insert into IDAS_2.KONTAKTY_UZIVATELE (ID_KONT_UZIV,ID_UZIVATELE,ID_KONTAKTA) values (123,7289,9);
Insert into IDAS_2.KONTAKTY_UZIVATELE (ID_KONT_UZIV,ID_UZIVATELE,ID_KONTAKTA) values (121,7289,25);
Insert into IDAS_2.KONTAKTY_UZIVATELE (ID_KONT_UZIV,ID_UZIVATELE,ID_KONTAKTA) values (103,7289,43);
Insert into IDAS_2.KONTAKTY_UZIVATELE (ID_KONT_UZIV,ID_UZIVATELE,ID_KONTAKTA) values (137,7741,8);
Insert into IDAS_2.KONTAKTY_UZIVATELE (ID_KONT_UZIV,ID_UZIVATELE,ID_KONTAKTA) values (136,7741,43);
Insert into IDAS_2.KONTAKTY_UZIVATELE (ID_KONT_UZIV,ID_UZIVATELE,ID_KONTAKTA) values (138,7741,67);
REM INSERTING into IDAS_2.KORESPONDENCE
SET DEFINE OFF;
Insert into IDAS_2.KORESPONDENCE (ID_KORESPONDENCE,ID_KONTAKTU,ID_ZPRAVY) values (201,43,201);
Insert into IDAS_2.KORESPONDENCE (ID_KORESPONDENCE,ID_KONTAKTU,ID_ZPRAVY) values (143,9,143);
Insert into IDAS_2.KORESPONDENCE (ID_KORESPONDENCE,ID_KONTAKTU,ID_ZPRAVY) values (141,3,141);
Insert into IDAS_2.KORESPONDENCE (ID_KORESPONDENCE,ID_KONTAKTU,ID_ZPRAVY) values (142,6,142);
Insert into IDAS_2.KORESPONDENCE (ID_KORESPONDENCE,ID_KONTAKTU,ID_ZPRAVY) values (144,8,145);
Insert into IDAS_2.KORESPONDENCE (ID_KORESPONDENCE,ID_KONTAKTU,ID_ZPRAVY) values (145,5,146);
Insert into IDAS_2.KORESPONDENCE (ID_KORESPONDENCE,ID_KONTAKTU,ID_ZPRAVY) values (146,4,147);
Insert into IDAS_2.KORESPONDENCE (ID_KORESPONDENCE,ID_KONTAKTU,ID_ZPRAVY) values (147,8,148);
Insert into IDAS_2.KORESPONDENCE (ID_KORESPONDENCE,ID_KONTAKTU,ID_ZPRAVY) values (148,7,149);
Insert into IDAS_2.KORESPONDENCE (ID_KORESPONDENCE,ID_KONTAKTU,ID_ZPRAVY) values (149,64,150);
Insert into IDAS_2.KORESPONDENCE (ID_KORESPONDENCE,ID_KONTAKTU,ID_ZPRAVY) values (150,65,151);
Insert into IDAS_2.KORESPONDENCE (ID_KORESPONDENCE,ID_KONTAKTU,ID_ZPRAVY) values (151,66,152);
Insert into IDAS_2.KORESPONDENCE (ID_KORESPONDENCE,ID_KONTAKTU,ID_ZPRAVY) values (182,43,182);
Insert into IDAS_2.KORESPONDENCE (ID_KORESPONDENCE,ID_KONTAKTU,ID_ZPRAVY) values (61,8,61);
Insert into IDAS_2.KORESPONDENCE (ID_KORESPONDENCE,ID_KONTAKTU,ID_ZPRAVY) values (154,67,155);
Insert into IDAS_2.KORESPONDENCE (ID_KORESPONDENCE,ID_KONTAKTU,ID_ZPRAVY) values (153,8,154);
Insert into IDAS_2.KORESPONDENCE (ID_KORESPONDENCE,ID_KONTAKTU,ID_ZPRAVY) values (52,5,2);
Insert into IDAS_2.KORESPONDENCE (ID_KORESPONDENCE,ID_KONTAKTU,ID_ZPRAVY) values (184,43,184);
Insert into IDAS_2.KORESPONDENCE (ID_KORESPONDENCE,ID_KONTAKTU,ID_ZPRAVY) values (202,-1,202);
Insert into IDAS_2.KORESPONDENCE (ID_KORESPONDENCE,ID_KONTAKTU,ID_ZPRAVY) values (203,-1,203);
REM INSERTING into IDAS_2.LIKES
SET DEFINE OFF;
Insert into IDAS_2.LIKES (ID,DATETIME,OBRAZEK_ID,POST_ID,ID_UZIVATELE) values (201,to_timestamp('17-NOV-19 21.45.32.260000000','DD-MON-RR HH24.MI.SSXFF'),61,0,3995);
Insert into IDAS_2.LIKES (ID,DATETIME,OBRAZEK_ID,POST_ID,ID_UZIVATELE) values (202,to_timestamp('17-NOV-19 21.45.36.154000000','DD-MON-RR HH24.MI.SSXFF'),49,0,3995);
REM INSERTING into IDAS_2.OBJEKT_OZNAMENI
SET DEFINE OFF;
Insert into IDAS_2.OBJEKT_OZNAMENI (ID,ENTITY_TYPE,ENTITY_ID,CREATED_ON,STATUS) values (1002,1,201,to_timestamp('30-NOV-19 10.16.32.552000000','DD-MON-RR HH24.MI.SSXFF'),1);
REM INSERTING into IDAS_2.OZNAMENI
SET DEFINE OFF;
Insert into IDAS_2.OZNAMENI (ID,NOTIFICATION_OBJECT_ID,NOTIFIER_ID,STATUS) values (1002,1002,3995,1);
REM INSERTING into IDAS_2.OZNAMENI_ZMENA
SET DEFINE OFF;
Insert into IDAS_2.OZNAMENI_ZMENA (ID,NOTIFICATION_OBJECT_ID,ACTOR_ID,STATUS) values (1002,1002,3995,1);
REM INSERTING into IDAS_2.PREDMETY
SET DEFINE OFF;
Insert into IDAS_2.PREDMETY (ID_PREDMETU,ZKRATKA,NAZEV) values (448957,'ZWWW                                                        ','Design and Construction of Web Pages');
Insert into IDAS_2.PREDMETY (ID_PREDMETU,ZKRATKA,NAZEV) values (850339,'I3DGR                                                       ','3D Computer Graphics');
Insert into IDAS_2.PREDMETY (ID_PREDMETU,ZKRATKA,NAZEV) values (490453,'IBIS                                                        ','Security of information systems');
Insert into IDAS_2.PREDMETY (ID_PREDMETU,ZKRATKA,NAZEV) values (679486,'IBPS                                                        ','Network Security');
Insert into IDAS_2.PREDMETY (ID_PREDMETU,ZKRATKA,NAZEV) values (481899,'ICAD                                                        ','CAD - Systems');
Insert into IDAS_2.PREDMETY (ID_PREDMETU,ZKRATKA,NAZEV) values (891064,'IDAS1                                                       ','Database Systems I');
Insert into IDAS_2.PREDMETY (ID_PREDMETU,ZKRATKA,NAZEV) values (815424,'IDAS2                                                       ','Database Systems II');
Insert into IDAS_2.PREDMETY (ID_PREDMETU,ZKRATKA,NAZEV) values (593323,'IDASE                                                       ','Database Systems');
Insert into IDAS_2.PREDMETY (ID_PREDMETU,ZKRATKA,NAZEV) values (782873,'IDASY                                                       ','Database Systems');
Insert into IDAS_2.PREDMETY (ID_PREDMETU,ZKRATKA,NAZEV) values (476532,'IGRED                                                       ','Graphic Editors');
Insert into IDAS_2.PREDMETY (ID_PREDMETU,ZKRATKA,NAZEV) values (134739,'IINMC                                                       ','Introduction to New Media and Communication');
Insert into IDAS_2.PREDMETY (ID_PREDMETU,ZKRATKA,NAZEV) values (908473,'IJAV                                                        ','Programming Techniques in Java');
Insert into IDAS_2.PREDMETY (ID_PREDMETU,ZKRATKA,NAZEV) values (149761,'IMTA                                                        ','Mobile Technology and Applications');
Insert into IDAS_2.PREDMETY (ID_PREDMETU,ZKRATKA,NAZEV) values (547526,'IN3DG                                                       ','3D Computer Graphics Software');
Insert into IDAS_2.PREDMETY (ID_PREDMETU,ZKRATKA,NAZEV) values (99050,'INADS                                                       ','Architecture and Techniques of Database Systems');
Insert into IDAS_2.PREDMETY (ID_PREDMETU,ZKRATKA,NAZEV) values (833750,'INAPE                                                       ','Personal Data and Copyright Protection');
Insert into IDAS_2.PREDMETY (ID_PREDMETU,ZKRATKA,NAZEV) values (967354,'INBDS                                                       ','Wireless Network');
Insert into IDAS_2.PREDMETY (ID_PREDMETU,ZKRATKA,NAZEV) values (871142,'INBOD                                                       ','Security and Data Protection in Mobile ICT');
Insert into IDAS_2.PREDMETY (ID_PREDMETU,ZKRATKA,NAZEV) values (947903,'INDSK                                                       ','Data warehousing');
Insert into IDAS_2.PREDMETY (ID_PREDMETU,ZKRATKA,NAZEV) values (499313,'INEPD                                                       ','Electronic Document Preparation');
Insert into IDAS_2.PREDMETY (ID_PREDMETU,ZKRATKA,NAZEV) values (403428,'INMRF                                                       ','Marketing Management');
Insert into IDAS_2.PREDMETY (ID_PREDMETU,ZKRATKA,NAZEV) values (952861,'INOS1                                                       ','Operating Systems I');
Insert into IDAS_2.PREDMETY (ID_PREDMETU,ZKRATKA,NAZEV) values (114803,'INOS2                                                       ','Operating Systems II');
Insert into IDAS_2.PREDMETY (ID_PREDMETU,ZKRATKA,NAZEV) values (532619,'INPDA                                                       ','Programming Database Applications');
Insert into IDAS_2.PREDMETY (ID_PREDMETU,ZKRATKA,NAZEV) values (448698,'INPI                                                        ','Business Informatics');
Insert into IDAS_2.PREDMETY (ID_PREDMETU,ZKRATKA,NAZEV) values (194457,'INPIA                                                       ','Programming of Internet Applications');
Insert into IDAS_2.PREDMETY (ID_PREDMETU,ZKRATKA,NAZEV) values (224370,'INPPD                                                       ','PR and Presentation Skills');
Insert into IDAS_2.PREDMETY (ID_PREDMETU,ZKRATKA,NAZEV) values (253181,'INPPE                                                       ','PR and Presentation Skills');
Insert into IDAS_2.PREDMETY (ID_PREDMETU,ZKRATKA,NAZEV) values (644384,'INTPS                                                       ','Modern trends of computer networks');
Insert into IDAS_2.PREDMETY (ID_PREDMETU,ZKRATKA,NAZEV) values (276164,'INTWA                                                       ','Automated Web Application Testing');
Insert into IDAS_2.PREDMETY (ID_PREDMETU,ZKRATKA,NAZEV) values (46631,'INZMT                                                       ','Fundamentals of Multimedia Technology');
Insert into IDAS_2.PREDMETY (ID_PREDMETU,ZKRATKA,NAZEV) values (349944,'IOPE2                                                       ','Professional Training - Excursion');
Insert into IDAS_2.PREDMETY (ID_PREDMETU,ZKRATKA,NAZEV) values (846864,'IOPEX                                                       ','Professional Training - Excursion');
Insert into IDAS_2.PREDMETY (ID_PREDMETU,ZKRATKA,NAZEV) values (460113,'IOSSZ                                                       ','Operating Systems');
Insert into IDAS_2.PREDMETY (ID_PREDMETU,ZKRATKA,NAZEV) values (698761,'IOSYR                                                       ','Operating Systems');
Insert into IDAS_2.PREDMETY (ID_PREDMETU,ZKRATKA,NAZEV) values (544990,'IOSYS                                                       ','Operating Systems');
Insert into IDAS_2.PREDMETY (ID_PREDMETU,ZKRATKA,NAZEV) values (471078,'IPNIN                                                       ','Internet Business');
Insert into IDAS_2.PREDMETY (ID_PREDMETU,ZKRATKA,NAZEV) values (194569,'IPOGZ                                                       ','Computer Graphics');
Insert into IDAS_2.PREDMETY (ID_PREDMETU,ZKRATKA,NAZEV) values (616009,'IPRAE                                                       ','Law');
Insert into IDAS_2.PREDMETY (ID_PREDMETU,ZKRATKA,NAZEV) values (533472,'IPRAV                                                       ','Law');
Insert into IDAS_2.PREDMETY (ID_PREDMETU,ZKRATKA,NAZEV) values (641492,'IPRTE                                                       ','Programming Techniques');
Insert into IDAS_2.PREDMETY (ID_PREDMETU,ZKRATKA,NAZEV) values (742486,'IPS1                                                        ','Computer Networks I');
Insert into IDAS_2.PREDMETY (ID_PREDMETU,ZKRATKA,NAZEV) values (12571,'IPS2                                                        ','Computer Networks II');
Insert into IDAS_2.PREDMETY (ID_PREDMETU,ZKRATKA,NAZEV) values (716798,'IPS3                                                        ','Computer Networks III');
Insert into IDAS_2.PREDMETY (ID_PREDMETU,ZKRATKA,NAZEV) values (589698,'IPS4                                                        ','Computer Networks IV');
Insert into IDAS_2.PREDMETY (ID_PREDMETU,ZKRATKA,NAZEV) values (842257,'IPSSZ                                                       ','Computer Networks');
Insert into IDAS_2.PREDMETY (ID_PREDMETU,ZKRATKA,NAZEV) values (193738,'IPSTP                                                       ','Psychological preparation for labor market');
Insert into IDAS_2.PREDMETY (ID_PREDMETU,ZKRATKA,NAZEV) values (132072,'IRPP                                                        ','Practice I');
Insert into IDAS_2.PREDMETY (ID_PREDMETU,ZKRATKA,NAZEV) values (459988,'IRPP2                                                       ','Practice II');
Insert into IDAS_2.PREDMETY (ID_PREDMETU,ZKRATKA,NAZEV) values (270660,'ISEPR                                                       ','Seminar project');
Insert into IDAS_2.PREDMETY (ID_PREDMETU,ZKRATKA,NAZEV) values (651910,'ISOPE                                                       ','Social Psychology');
Insert into IDAS_2.PREDMETY (ID_PREDMETU,ZKRATKA,NAZEV) values (268316,'ISOS2                                                       ','Management of Operating Systems II');
Insert into IDAS_2.PREDMETY (ID_PREDMETU,ZKRATKA,NAZEV) values (484882,'ISOSR                                                       ','Management of Operating Systems');
Insert into IDAS_2.PREDMETY (ID_PREDMETU,ZKRATKA,NAZEV) values (638502,'ISOSY                                                       ','Management of Operating Systems');
Insert into IDAS_2.PREDMETY (ID_PREDMETU,ZKRATKA,NAZEV) values (413544,'ISPSY                                                       ','Social Psychology');
Insert into IDAS_2.PREDMETY (ID_PREDMETU,ZKRATKA,NAZEV) values (210178,'ISPWE                                                       ','Web-Server Administration');
Insert into IDAS_2.PREDMETY (ID_PREDMETU,ZKRATKA,NAZEV) values (494196,'ISQBD                                                       ','no SQL systems and Big Data');
Insert into IDAS_2.PREDMETY (ID_PREDMETU,ZKRATKA,NAZEV) values (625784,'ISTUP                                                       ','Start-up: From idea to paying customers');
Insert into IDAS_2.PREDMETY (ID_PREDMETU,ZKRATKA,NAZEV) values (981667,'ISWE                                                        ','Web-Server Administration');
Insert into IDAS_2.PREDMETY (ID_PREDMETU,ZKRATKA,NAZEV) values (759286,'IUDP                                                        ','Computer?s Architecture');
Insert into IDAS_2.PREDMETY (ID_PREDMETU,ZKRATKA,NAZEV) values (258998,'IVPH                                                        ','Modern game development');
Insert into IDAS_2.PREDMETY (ID_PREDMETU,ZKRATKA,NAZEV) values (678700,'IWWW                                                        ','Design and Construction of Web Pages');
Insert into IDAS_2.PREDMETY (ID_PREDMETU,ZKRATKA,NAZEV) values (850783,'IWWWE                                                       ','Design and Construction of Web Pages');
Insert into IDAS_2.PREDMETY (ID_PREDMETU,ZKRATKA,NAZEV) values (174395,'IZALG                                                       ','Basics of Algorithmization');
Insert into IDAS_2.PREDMETY (ID_PREDMETU,ZKRATKA,NAZEV) values (283091,'IZBPR                                                       ','Bachelor Work');
Insert into IDAS_2.PREDMETY (ID_PREDMETU,ZKRATKA,NAZEV) values (368672,'IZEK                                                        ','Economics Essentials');
Insert into IDAS_2.PREDMETY (ID_PREDMETU,ZKRATKA,NAZEV) values (348007,'IZEKO                                                       ','Economics Essentials');
Insert into IDAS_2.PREDMETY (ID_PREDMETU,ZKRATKA,NAZEV) values (965028,'IZKMA                                                       ','Management - Basic Course');
Insert into IDAS_2.PREDMETY (ID_PREDMETU,ZKRATKA,NAZEV) values (99219,'IZMAR                                                       ','Marketing - Basic Course');
Insert into IDAS_2.PREDMETY (ID_PREDMETU,ZKRATKA,NAZEV) values (310267,'PATSP                                                       ','Architectures and Techniques of Database Systems');
Insert into IDAS_2.PREDMETY (ID_PREDMETU,ZKRATKA,NAZEV) values (158738,'ZCTCR                                                       ','Information and Communication Technologies in Tourism');
Insert into IDAS_2.PREDMETY (ID_PREDMETU,ZKRATKA,NAZEV) values (489946,'ZDASE                                                       ','Database Systems');
Insert into IDAS_2.PREDMETY (ID_PREDMETU,ZKRATKA,NAZEV) values (287010,'ZINMC                                                       ','Introduction to New Media and Communication');
Insert into IDAS_2.PREDMETY (ID_PREDMETU,ZKRATKA,NAZEV) values (18999,'ZJAV                                                        ','Programming Techniques in Java');
Insert into IDAS_2.PREDMETY (ID_PREDMETU,ZKRATKA,NAZEV) values (863829,'ZNTPS                                                       ','Modern Trends in Computer Networks');
Insert into IDAS_2.PREDMETY (ID_PREDMETU,ZKRATKA,NAZEV) values (980964,'ZOSYS                                                       ','Operating Systems');
Insert into IDAS_2.PREDMETY (ID_PREDMETU,ZKRATKA,NAZEV) values (165466,'ZPNIN                                                       ','Internet Business');
Insert into IDAS_2.PREDMETY (ID_PREDMETU,ZKRATKA,NAZEV) values (245744,'ZPS1                                                        ','Computer Networks I');
Insert into IDAS_2.PREDMETY (ID_PREDMETU,ZKRATKA,NAZEV) values (936305,'ZPS2                                                        ','Computer Networks II');
Insert into IDAS_2.PREDMETY (ID_PREDMETU,ZKRATKA,NAZEV) values (682893,'ZPS3                                                        ','Computer Networks III');
Insert into IDAS_2.PREDMETY (ID_PREDMETU,ZKRATKA,NAZEV) values (390228,'ZPS4                                                        ','Computer Networks IV');
Insert into IDAS_2.PREDMETY (ID_PREDMETU,ZKRATKA,NAZEV) values (852653,'ZSOSY                                                       ','Management of Operating Systems');
Insert into IDAS_2.PREDMETY (ID_PREDMETU,ZKRATKA,NAZEV) values (464055,'ZUDP                                                        ','Introduction to Computers');
Insert into IDAS_2.PREDMETY (ID_PREDMETU,ZKRATKA,NAZEV) values (15751,'ZZALG                                                       ','Basics of Algorithmization');
Insert into IDAS_2.PREDMETY (ID_PREDMETU,ZKRATKA,NAZEV) values (811139,'I3DGR                                                       ','3D Computer Graphics');
REM INSERTING into IDAS_2.PREDMETY_SP
SET DEFINE OFF;
Insert into IDAS_2.PREDMETY_SP (ID_PREDMETU_SP,ID_PLANU,ID_PREDMETU,ID_SKUPINY) values (21,666,850339,1);
Insert into IDAS_2.PREDMETY_SP (ID_PREDMETU_SP,ID_PLANU,ID_PREDMETU,ID_SKUPINY) values (41,666,742486,1);
Insert into IDAS_2.PREDMETY_SP (ID_PREDMETU_SP,ID_PLANU,ID_PREDMETU,ID_SKUPINY) values (81,60010,15751,81);
Insert into IDAS_2.PREDMETY_SP (ID_PREDMETU_SP,ID_PLANU,ID_PREDMETU,ID_SKUPINY) values (105,60010,253181,105);
Insert into IDAS_2.PREDMETY_SP (ID_PREDMETU_SP,ID_PLANU,ID_PREDMETU,ID_SKUPINY) values (106,555,283091,106);
REM INSERTING into IDAS_2.ROLE
SET DEFINE OFF;
Insert into IDAS_2.ROLE (ID_ROLE,NAZEV,POZNAMKA,OPRAVNENI) values (77,'Vyucujici',null,null);
Insert into IDAS_2.ROLE (ID_ROLE,NAZEV,POZNAMKA,OPRAVNENI) values (66,'Administrator',null,null);
Insert into IDAS_2.ROLE (ID_ROLE,NAZEV,POZNAMKA,OPRAVNENI) values (88,'Student',null,null);
REM INSERTING into IDAS_2.ROLE_UZIVATELE
SET DEFINE OFF;
Insert into IDAS_2.ROLE_UZIVATELE (ID_ROLE_UZIVATELE,ID_ROLE,ID_UZIVATELE) values (70,66,2390);
Insert into IDAS_2.ROLE_UZIVATELE (ID_ROLE_UZIVATELE,ID_ROLE,ID_UZIVATELE) values (71,88,4270);
Insert into IDAS_2.ROLE_UZIVATELE (ID_ROLE_UZIVATELE,ID_ROLE,ID_UZIVATELE) values (90,77,9528);
Insert into IDAS_2.ROLE_UZIVATELE (ID_ROLE_UZIVATELE,ID_ROLE,ID_UZIVATELE) values (50,66,23);
Insert into IDAS_2.ROLE_UZIVATELE (ID_ROLE_UZIVATELE,ID_ROLE,ID_UZIVATELE) values (51,66,3000);
Insert into IDAS_2.ROLE_UZIVATELE (ID_ROLE_UZIVATELE,ID_ROLE,ID_UZIVATELE) values (52,66,5421);
Insert into IDAS_2.ROLE_UZIVATELE (ID_ROLE_UZIVATELE,ID_ROLE,ID_UZIVATELE) values (57,66,7360);
Insert into IDAS_2.ROLE_UZIVATELE (ID_ROLE_UZIVATELE,ID_ROLE,ID_UZIVATELE) values (963,88,7289);
Insert into IDAS_2.ROLE_UZIVATELE (ID_ROLE_UZIVATELE,ID_ROLE,ID_UZIVATELE) values (273,88,7418);
Insert into IDAS_2.ROLE_UZIVATELE (ID_ROLE_UZIVATELE,ID_ROLE,ID_UZIVATELE) values (631,88,4199);
Insert into IDAS_2.ROLE_UZIVATELE (ID_ROLE_UZIVATELE,ID_ROLE,ID_UZIVATELE) values (358,88,1838);
Insert into IDAS_2.ROLE_UZIVATELE (ID_ROLE_UZIVATELE,ID_ROLE,ID_UZIVATELE) values (265,88,1709);
Insert into IDAS_2.ROLE_UZIVATELE (ID_ROLE_UZIVATELE,ID_ROLE,ID_UZIVATELE) values (970,88,3741);
Insert into IDAS_2.ROLE_UZIVATELE (ID_ROLE_UZIVATELE,ID_ROLE,ID_UZIVATELE) values (614,88,6213);
Insert into IDAS_2.ROLE_UZIVATELE (ID_ROLE_UZIVATELE,ID_ROLE,ID_UZIVATELE) values (182,88,1806);
Insert into IDAS_2.ROLE_UZIVATELE (ID_ROLE_UZIVATELE,ID_ROLE,ID_UZIVATELE) values (966,88,1655);
Insert into IDAS_2.ROLE_UZIVATELE (ID_ROLE_UZIVATELE,ID_ROLE,ID_UZIVATELE) values (663,88,8592);
Insert into IDAS_2.ROLE_UZIVATELE (ID_ROLE_UZIVATELE,ID_ROLE,ID_UZIVATELE) values (641,88,2508);
Insert into IDAS_2.ROLE_UZIVATELE (ID_ROLE_UZIVATELE,ID_ROLE,ID_UZIVATELE) values (457,88,3237);
Insert into IDAS_2.ROLE_UZIVATELE (ID_ROLE_UZIVATELE,ID_ROLE,ID_UZIVATELE) values (914,88,6991);
Insert into IDAS_2.ROLE_UZIVATELE (ID_ROLE_UZIVATELE,ID_ROLE,ID_UZIVATELE) values (639,88,5617);
Insert into IDAS_2.ROLE_UZIVATELE (ID_ROLE_UZIVATELE,ID_ROLE,ID_UZIVATELE) values (286,88,7852);
Insert into IDAS_2.ROLE_UZIVATELE (ID_ROLE_UZIVATELE,ID_ROLE,ID_UZIVATELE) values (686,88,9876);
Insert into IDAS_2.ROLE_UZIVATELE (ID_ROLE_UZIVATELE,ID_ROLE,ID_UZIVATELE) values (805,88,6142);
Insert into IDAS_2.ROLE_UZIVATELE (ID_ROLE_UZIVATELE,ID_ROLE,ID_UZIVATELE) values (799,88,5251);
Insert into IDAS_2.ROLE_UZIVATELE (ID_ROLE_UZIVATELE,ID_ROLE,ID_UZIVATELE) values (767,77,5117);
Insert into IDAS_2.ROLE_UZIVATELE (ID_ROLE_UZIVATELE,ID_ROLE,ID_UZIVATELE) values (692,77,6125);
Insert into IDAS_2.ROLE_UZIVATELE (ID_ROLE_UZIVATELE,ID_ROLE,ID_UZIVATELE) values (865,77,1996);
Insert into IDAS_2.ROLE_UZIVATELE (ID_ROLE_UZIVATELE,ID_ROLE,ID_UZIVATELE) values (307,77,8512);
Insert into IDAS_2.ROLE_UZIVATELE (ID_ROLE_UZIVATELE,ID_ROLE,ID_UZIVATELE) values (859,77,7741);
Insert into IDAS_2.ROLE_UZIVATELE (ID_ROLE_UZIVATELE,ID_ROLE,ID_UZIVATELE) values (611,77,1055);
Insert into IDAS_2.ROLE_UZIVATELE (ID_ROLE_UZIVATELE,ID_ROLE,ID_UZIVATELE) values (606,77,353);
Insert into IDAS_2.ROLE_UZIVATELE (ID_ROLE_UZIVATELE,ID_ROLE,ID_UZIVATELE) values (899,77,275);
Insert into IDAS_2.ROLE_UZIVATELE (ID_ROLE_UZIVATELE,ID_ROLE,ID_UZIVATELE) values (368,77,3986);
Insert into IDAS_2.ROLE_UZIVATELE (ID_ROLE_UZIVATELE,ID_ROLE,ID_UZIVATELE) values (909,77,3259);
Insert into IDAS_2.ROLE_UZIVATELE (ID_ROLE_UZIVATELE,ID_ROLE,ID_UZIVATELE) values (756,77,5655);
Insert into IDAS_2.ROLE_UZIVATELE (ID_ROLE_UZIVATELE,ID_ROLE,ID_UZIVATELE) values (794,77,2458);
Insert into IDAS_2.ROLE_UZIVATELE (ID_ROLE_UZIVATELE,ID_ROLE,ID_UZIVATELE) values (755,77,2616);
Insert into IDAS_2.ROLE_UZIVATELE (ID_ROLE_UZIVATELE,ID_ROLE,ID_UZIVATELE) values (235,77,1098);
Insert into IDAS_2.ROLE_UZIVATELE (ID_ROLE_UZIVATELE,ID_ROLE,ID_UZIVATELE) values (232,77,6118);
Insert into IDAS_2.ROLE_UZIVATELE (ID_ROLE_UZIVATELE,ID_ROLE,ID_UZIVATELE) values (217,77,266);
Insert into IDAS_2.ROLE_UZIVATELE (ID_ROLE_UZIVATELE,ID_ROLE,ID_UZIVATELE) values (215,77,5647);
Insert into IDAS_2.ROLE_UZIVATELE (ID_ROLE_UZIVATELE,ID_ROLE,ID_UZIVATELE) values (579,77,1870);
Insert into IDAS_2.ROLE_UZIVATELE (ID_ROLE_UZIVATELE,ID_ROLE,ID_UZIVATELE) values (136,77,9107);
Insert into IDAS_2.ROLE_UZIVATELE (ID_ROLE_UZIVATELE,ID_ROLE,ID_UZIVATELE) values (333,66,6125);
REM INSERTING into IDAS_2.STUDIJNI_OBORY
SET DEFINE OFF;
Insert into IDAS_2.STUDIJNI_OBORY (ID_OBORU,NAZEV,POPIS) values (2612060,'Komunikacni a mikroprocesorova technika','Bakalarsky prezencni (3 roky) studijni program je urcen pro pripravu vysokoskolsky vzdelanych odborniku s uplatnenim v elektrotechnickem  prumyslu, ale i v dalsich odvetvich 
se zamerenim na aplikaci mikroprocesoru a pocitacu pri rizeni, kontrole, ovladani i diagnostice elektronickych systemu a zarizeni.');
Insert into IDAS_2.STUDIJNI_OBORY (ID_OBORU,NAZEV,POPIS) values (1802007,'Informacni technologie','Bakalarske studium je zamereno predevsim na oblast informacnich technologii z hlediska metod zpracovani informaci, programovacich jazyku, vystavby a spravy databazi, aplikaci systemove analyzy, spravy a obsluhy pocitacovych siti');
Insert into IDAS_2.STUDIJNI_OBORY (ID_OBORU,NAZEV,POPIS) values (3902046,'Rizeni procesu','Cilem bakalarskeho oboru je pripravit odborniky pro uplatneni v prumyslu v oblasti mereni a automatickeho rizeni, a to v projekci, vyrobe, sprave, diagnostice a udrzbe mericich, informacnich, automatizacnich, zabezpecovacich a obdobnych zarizeni');
REM INSERTING into IDAS_2.STUDIJNI_PLANY
SET DEFINE OFF;
Insert into IDAS_2.STUDIJNI_PLANY (ID_PLANU,NAZEV,ID_OBORU,POPIS) values (60010,'Komunikacni a mikroprocesorova technika',2612060,null);
Insert into IDAS_2.STUDIJNI_PLANY (ID_PLANU,NAZEV,ID_OBORU,POPIS) values (666,'Informacni technologie',1802007,null);
Insert into IDAS_2.STUDIJNI_PLANY (ID_PLANU,NAZEV,ID_OBORU,POPIS) values (555,'Rizeni procesu',3902046,null);
REM INSERTING into IDAS_2.UDALOSTI
SET DEFINE OFF;
Insert into IDAS_2.UDALOSTI (ID_UDALOSTI,DATUM,NAZEV,ID_UZIVATELE,MISTO_KONANI) values (121,to_timestamp('30-MAY-19 09.26.00.000000000','DD-MON-RR HH24.MI.SSXFF'),'Schuzka',6125,'Praha');
Insert into IDAS_2.UDALOSTI (ID_UDALOSTI,DATUM,NAZEV,ID_UZIVATELE,MISTO_KONANI) values (122,to_timestamp('26-JUL-19 15.29.00.000000000','DD-MON-RR HH24.MI.SSXFF'),'Office',6125,'Pardubice');
Insert into IDAS_2.UDALOSTI (ID_UDALOSTI,DATUM,NAZEV,ID_UZIVATELE,MISTO_KONANI) values (123,to_timestamp('22-JUN-19 10.30.00.000000000','DD-MON-RR HH24.MI.SSXFF'),'Pohovor',7289,'Kolin');
Insert into IDAS_2.UDALOSTI (ID_UDALOSTI,DATUM,NAZEV,ID_UZIVATELE,MISTO_KONANI) values (124,to_timestamp('19-SEP-19 18.26.00.000000000','DD-MON-RR HH24.MI.SSXFF'),'Heart',7289,'Burkino Faso');
Insert into IDAS_2.UDALOSTI (ID_UDALOSTI,DATUM,NAZEV,ID_UZIVATELE,MISTO_KONANI) values (125,to_timestamp('25-MAY-19 12.28.00.000000000','DD-MON-RR HH24.MI.SSXFF'),'MS2019',7289,'Ankara');
Insert into IDAS_2.UDALOSTI (ID_UDALOSTI,DATUM,NAZEV,ID_UZIVATELE,MISTO_KONANI) values (126,to_timestamp('02-MAY-19 01.32.00.000000000','DD-MON-RR HH24.MI.SSXFF'),'EuroSport',2508,'Berlin');
Insert into IDAS_2.UDALOSTI (ID_UDALOSTI,DATUM,NAZEV,ID_UZIVATELE,MISTO_KONANI) values (127,to_timestamp('26-MAY-19 00.27.00.000000000','DD-MON-RR HH24.MI.SSXFF'),'Chekers',2508,'Guantanamo');
Insert into IDAS_2.UDALOSTI (ID_UDALOSTI,DATUM,NAZEV,ID_UZIVATELE,MISTO_KONANI) values (128,to_timestamp('29-JUN-19 10.25.00.000000000','DD-MON-RR HH24.MI.SSXFF'),'Tunak',2508,'Black_Delphin');
Insert into IDAS_2.UDALOSTI (ID_UDALOSTI,DATUM,NAZEV,ID_UZIVATELE,MISTO_KONANI) values (129,to_timestamp('18-MAY-19 03.31.00.000000000','DD-MON-RR HH24.MI.SSXFF'),'Football',3237,'Prague 4 Nusle');
Insert into IDAS_2.UDALOSTI (ID_UDALOSTI,DATUM,NAZEV,ID_UZIVATELE,MISTO_KONANI) values (130,to_timestamp('30-MAY-19 02.29.00.000000000','DD-MON-RR HH24.MI.SSXFF'),'Zapas',3237,'Podebrady');
Insert into IDAS_2.UDALOSTI (ID_UDALOSTI,DATUM,NAZEV,ID_UZIVATELE,MISTO_KONANI) values (131,to_timestamp('17-MAY-19 02.33.00.000000000','DD-MON-RR HH24.MI.SSXFF'),'Tenis',3237,'Paris');
Insert into IDAS_2.UDALOSTI (ID_UDALOSTI,DATUM,NAZEV,ID_UZIVATELE,MISTO_KONANI) values (132,to_timestamp('18-JUL-19 22.23.00.000000000','DD-MON-RR HH24.MI.SSXFF'),'Divadlo',1655,'Prague');
Insert into IDAS_2.UDALOSTI (ID_UDALOSTI,DATUM,NAZEV,ID_UZIVATELE,MISTO_KONANI) values (133,to_timestamp('14-MAY-02 04.39.00.000000000','DD-MON-RR HH24.MI.SSXFF'),'Box',1655,'Brazzaville');
Insert into IDAS_2.UDALOSTI (ID_UDALOSTI,DATUM,NAZEV,ID_UZIVATELE,MISTO_KONANI) values (134,to_timestamp('25-MAY-19 08.39.00.000000000','DD-MON-RR HH24.MI.SSXFF'),'Kot',1655,'Astana');
Insert into IDAS_2.UDALOSTI (ID_UDALOSTI,DATUM,NAZEV,ID_UZIVATELE,MISTO_KONANI) values (135,to_timestamp('25-OCT-19 13.47.00.000000000','DD-MON-RR HH24.MI.SSXFF'),'Meeting',7741,'Samarkand');
Insert into IDAS_2.UDALOSTI (ID_UDALOSTI,DATUM,NAZEV,ID_UZIVATELE,MISTO_KONANI) values (136,to_timestamp('28-SEP-19 05.47.00.000000000','DD-MON-RR HH24.MI.SSXFF'),'Friends',7741,'Germany');
Insert into IDAS_2.UDALOSTI (ID_UDALOSTI,DATUM,NAZEV,ID_UZIVATELE,MISTO_KONANI) values (138,to_timestamp('18-MAY-00 07.24.00.000000000','DD-MON-RR HH24.MI.SSXFF'),'IT',7741,'Seznam');
REM INSERTING into IDAS_2.USER_OBRAZEK
SET DEFINE OFF;
REM INSERTING into IDAS_2.UZIVATELE
SET DEFINE OFF;
Insert into IDAS_2.UZIVATELE (ID_UZIVATELE,LOGIN,HESLO,JMENO,PRIJMENI,POZNAMKA,EMAIL,BLOKACE) values (2390,'st6666','275822df','Erik','Krus',null,'st7289@upce.cz',1);
Insert into IDAS_2.UZIVATELE (ID_UZIVATELE,LOGIN,HESLO,JMENO,PRIJMENI,POZNAMKA,EMAIL,BLOKACE) values (4270,'st7777','275822fd','dfgdfg','dfgdg',null,'rfdfd',1);
Insert into IDAS_2.UZIVATELE (ID_UZIVATELE,LOGIN,HESLO,JMENO,PRIJMENI,POZNAMKA,EMAIL,BLOKACE) values (3649,'st3649','j1nw2zqxf2','Dorian','Sweet',null,'st3649@student.upce.cz',0);
Insert into IDAS_2.UZIVATELE (ID_UZIVATELE,LOGIN,HESLO,JMENO,PRIJMENI,POZNAMKA,EMAIL,BLOKACE) values (5117,'vuyc155100','qrxj9x92c4','Monika','Borkovcova',null,'monika.borkovcova@upce.cz',1);
Insert into IDAS_2.UZIVATELE (ID_UZIVATELE,LOGIN,HESLO,JMENO,PRIJMENI,POZNAMKA,EMAIL,BLOKACE) values (6125,'vuyc109100','332348df','Josef','Brozek',null,'josef.brozek@student.upce.cz',1);
Insert into IDAS_2.UZIVATELE (ID_UZIVATELE,LOGIN,HESLO,JMENO,PRIJMENI,POZNAMKA,EMAIL,BLOKACE) values (1996,'vuyc740100','a2ppdgjdak','Lukas','Cegan',null,'lukas.cegan@upce.cz',0);
Insert into IDAS_2.UZIVATELE (ID_UZIVATELE,LOGIN,HESLO,JMENO,PRIJMENI,POZNAMKA,EMAIL,BLOKACE) values (8512,'vuyc125100','6z84c8120b','Miroslav','Dvorak',null,'miroslav.dvorak@upce.cz',1);
Insert into IDAS_2.UZIVATELE (ID_UZIVATELE,LOGIN,HESLO,JMENO,PRIJMENI,POZNAMKA,EMAIL,BLOKACE) values (7741,'vuyc751100','w9cn6ythns','Lumir','Gago',null,'lumir.gago@student.upce.cz',1);
Insert into IDAS_2.UZIVATELE (ID_UZIVATELE,LOGIN,HESLO,JMENO,PRIJMENI,POZNAMKA,EMAIL,BLOKACE) values (1055,'vuyc54100','ix6pv8loi6','Pavel','Horak',null,'pavel.horak@upce.cz',1);
Insert into IDAS_2.UZIVATELE (ID_UZIVATELE,LOGIN,HESLO,JMENO,PRIJMENI,POZNAMKA,EMAIL,BLOKACE) values (353,'vuyc684100','ayqot8tehz','Tomas','Hudec',null,'tomas.hudec@upce.cz',1);
Insert into IDAS_2.UZIVATELE (ID_UZIVATELE,LOGIN,HESLO,JMENO,PRIJMENI,POZNAMKA,EMAIL,BLOKACE) values (275,'vuyc380100','cucebfte7l','Simeon','Karamazov',null,'simeon.karamazov@upce.cz',1);
Insert into IDAS_2.UZIVATELE (ID_UZIVATELE,LOGIN,HESLO,JMENO,PRIJMENI,POZNAMKA,EMAIL,BLOKACE) values (3986,'vuyc849100','rmfyr3amfq','Lubos','Kopecky',null,null,1);
Insert into IDAS_2.UZIVATELE (ID_UZIVATELE,LOGIN,HESLO,JMENO,PRIJMENI,POZNAMKA,EMAIL,BLOKACE) values (3259,'vuyc412100','tm0zgs1t3w','Zbynek','Kopecky',null,'zbynek.kopecky@upce.cz',1);
Insert into IDAS_2.UZIVATELE (ID_UZIVATELE,LOGIN,HESLO,JMENO,PRIJMENI,POZNAMKA,EMAIL,BLOKACE) values (5655,'vuyc185100','5ohfpkjk8d','Jiri','Kysela',null,'jiri.kysela@upce.cz',1);
Insert into IDAS_2.UZIVATELE (ID_UZIVATELE,LOGIN,HESLO,JMENO,PRIJMENI,POZNAMKA,EMAIL,BLOKACE) values (2458,'vuyc110100','8hyt78w6gq','Miloslav','Machacek',null,'miloslav.machacek@upce.cz',1);
Insert into IDAS_2.UZIVATELE (ID_UZIVATELE,LOGIN,HESLO,JMENO,PRIJMENI,POZNAMKA,EMAIL,BLOKACE) values (2616,'vuyc894100','znq7laj49y','Sona','Neradova',null,'sona.neradova@upce.cz',1);
Insert into IDAS_2.UZIVATELE (ID_UZIVATELE,LOGIN,HESLO,JMENO,PRIJMENI,POZNAMKA,EMAIL,BLOKACE) values (1098,'vuyc362100','3n8kbhtmcw','Milan','Novotny',null,'milan.novotny@upce.cz',1);
Insert into IDAS_2.UZIVATELE (ID_UZIVATELE,LOGIN,HESLO,JMENO,PRIJMENI,POZNAMKA,EMAIL,BLOKACE) values (6118,'vuyc302100','lc1fvkcnzb','Dana','Privratska',null,'dana.privratska@upce.cz',1);
Insert into IDAS_2.UZIVATELE (ID_UZIVATELE,LOGIN,HESLO,JMENO,PRIJMENI,POZNAMKA,EMAIL,BLOKACE) values (266,'vuyc56100','xbwi2versy','Miroslav','Suchy',null,null,1);
Insert into IDAS_2.UZIVATELE (ID_UZIVATELE,LOGIN,HESLO,JMENO,PRIJMENI,POZNAMKA,EMAIL,BLOKACE) values (5647,'vuyc666100','y2cgk3l9ou','Jiri','Zechmeister',null,'Jiri.Zechmeister@upce.cz',1);
Insert into IDAS_2.UZIVATELE (ID_UZIVATELE,LOGIN,HESLO,JMENO,PRIJMENI,POZNAMKA,EMAIL,BLOKACE) values (1870,'vuyc557100','j9rv18fo0j','David','Zak',null,'david.zak@upce.cz',1);
Insert into IDAS_2.UZIVATELE (ID_UZIVATELE,LOGIN,HESLO,JMENO,PRIJMENI,POZNAMKA,EMAIL,BLOKACE) values (9107,'vuyc462100','agn1bbdqzs','Jakub','Zufanek',null,'st40469@student.upce.cz',1);
Insert into IDAS_2.UZIVATELE (ID_UZIVATELE,LOGIN,HESLO,JMENO,PRIJMENI,POZNAMKA,EMAIL,BLOKACE) values (7289,'st7289','ra40bunuri','Ser','Mukhamediyev',null,'IDAS_2@student.upce.cz',1);
Insert into IDAS_2.UZIVATELE (ID_UZIVATELE,LOGIN,HESLO,JMENO,PRIJMENI,POZNAMKA,EMAIL,BLOKACE) values (7418,'st7418','x9eaj9ow7j','Dane','Foster',null,'st7418@student.upce.cz',0);
Insert into IDAS_2.UZIVATELE (ID_UZIVATELE,LOGIN,HESLO,JMENO,PRIJMENI,POZNAMKA,EMAIL,BLOKACE) values (4199,'st4199','g6im2uspxo','Kiayada','Gray',null,'st4199@student.upce.cz',1);
Insert into IDAS_2.UZIVATELE (ID_UZIVATELE,LOGIN,HESLO,JMENO,PRIJMENI,POZNAMKA,EMAIL,BLOKACE) values (1838,'st1838','r94h30yeyk','Addison','Alvarado',null,'st1838@student.upce.cz',1);
Insert into IDAS_2.UZIVATELE (ID_UZIVATELE,LOGIN,HESLO,JMENO,PRIJMENI,POZNAMKA,EMAIL,BLOKACE) values (1709,'st1709','tl9gcumwpn','Alexis','Peck',null,'st1709@student.upce.cz',1);
Insert into IDAS_2.UZIVATELE (ID_UZIVATELE,LOGIN,HESLO,JMENO,PRIJMENI,POZNAMKA,EMAIL,BLOKACE) values (3741,'st3741','h5wnrfru36','Lucas','Griffin',null,'st3741@student.upce.cz',1);
Insert into IDAS_2.UZIVATELE (ID_UZIVATELE,LOGIN,HESLO,JMENO,PRIJMENI,POZNAMKA,EMAIL,BLOKACE) values (6213,'st6213','meoxfxhe5e','Matthew','Reed',null,'st6213@student.upce.cz',1);
Insert into IDAS_2.UZIVATELE (ID_UZIVATELE,LOGIN,HESLO,JMENO,PRIJMENI,POZNAMKA,EMAIL,BLOKACE) values (1806,'st1806','6b9bbzk2wt','Lewis','Sullivan',null,'st1806@student.upce.cz',1);
Insert into IDAS_2.UZIVATELE (ID_UZIVATELE,LOGIN,HESLO,JMENO,PRIJMENI,POZNAMKA,EMAIL,BLOKACE) values (1655,'st1655','059ub47ir1','Phillip','Chapman',null,'st1655@student.upce.cz',1);
Insert into IDAS_2.UZIVATELE (ID_UZIVATELE,LOGIN,HESLO,JMENO,PRIJMENI,POZNAMKA,EMAIL,BLOKACE) values (8592,'st8592','54hxutwrh7','Elvis','Rivers',null,'st8592@student.upce.cz',1);
Insert into IDAS_2.UZIVATELE (ID_UZIVATELE,LOGIN,HESLO,JMENO,PRIJMENI,POZNAMKA,EMAIL,BLOKACE) values (2508,'st2508','aaa5135ne6','Russell','Frost',null,'st2508@student.upce.cz',1);
Insert into IDAS_2.UZIVATELE (ID_UZIVATELE,LOGIN,HESLO,JMENO,PRIJMENI,POZNAMKA,EMAIL,BLOKACE) values (3237,'st3237','byirqv64i7','Andrew','James',null,'st3237@student.upce.cz',1);
Insert into IDAS_2.UZIVATELE (ID_UZIVATELE,LOGIN,HESLO,JMENO,PRIJMENI,POZNAMKA,EMAIL,BLOKACE) values (6991,'st6991','gxhwk7q4ih','Amethyst','Sampson',null,'st6991@student.upce.cz',1);
Insert into IDAS_2.UZIVATELE (ID_UZIVATELE,LOGIN,HESLO,JMENO,PRIJMENI,POZNAMKA,EMAIL,BLOKACE) values (5617,'st5617','ypk202fwyd','Sydney','Craft',null,'st5617@student.upce.cz',1);
Insert into IDAS_2.UZIVATELE (ID_UZIVATELE,LOGIN,HESLO,JMENO,PRIJMENI,POZNAMKA,EMAIL,BLOKACE) values (7852,'st7852','tf4eg654as','Melvin','Chase',null,'st7852@student.upce.cz',1);
Insert into IDAS_2.UZIVATELE (ID_UZIVATELE,LOGIN,HESLO,JMENO,PRIJMENI,POZNAMKA,EMAIL,BLOKACE) values (9876,'st9876','d96u7c1bkl','Pamela','Good',null,'st9876@student.upce.cz',1);
Insert into IDAS_2.UZIVATELE (ID_UZIVATELE,LOGIN,HESLO,JMENO,PRIJMENI,POZNAMKA,EMAIL,BLOKACE) values (6142,'st6142','a0mt5z4hxd','Natalie','Becker',null,'st6142@student.upce.cz',1);
Insert into IDAS_2.UZIVATELE (ID_UZIVATELE,LOGIN,HESLO,JMENO,PRIJMENI,POZNAMKA,EMAIL,BLOKACE) values (5251,'st5251','waxswzr3se','Piper','Colon',null,'st5251@student.upce.cz',1);
Insert into IDAS_2.UZIVATELE (ID_UZIVATELE,LOGIN,HESLO,JMENO,PRIJMENI,POZNAMKA,EMAIL,BLOKACE) values (9528,'test100','test100','test100','test100',null,'test100',1);
Insert into IDAS_2.UZIVATELE (ID_UZIVATELE,LOGIN,HESLO,JMENO,PRIJMENI,POZNAMKA,EMAIL,BLOKACE) values (3000,'sfsdfdsf','sfsdfs','asdfd','asdsafa',null,'sdfsfds',1);
Insert into IDAS_2.UZIVATELE (ID_UZIVATELE,LOGIN,HESLO,JMENO,PRIJMENI,POZNAMKA,EMAIL,BLOKACE) values (7290,'saddam97','332348','Saddam','Abu',null,'saddam@mail.ru',1);
Insert into IDAS_2.UZIVATELE (ID_UZIVATELE,LOGIN,HESLO,JMENO,PRIJMENI,POZNAMKA,EMAIL,BLOKACE) values (23,'54643765','24031997Df','Adlan','Amagov',null,'admin409@admin.upce.cz',1);
Insert into IDAS_2.UZIVATELE (ID_UZIVATELE,LOGIN,HESLO,JMENO,PRIJMENI,POZNAMKA,EMAIL,BLOKACE) values (39202,'Mudzhahid','543535df','Fifa','Fifa','Nothing new','oleinik.v@mail.ru',0);
Insert into IDAS_2.UZIVATELE (ID_UZIVATELE,LOGIN,HESLO,JMENO,PRIJMENI,POZNAMKA,EMAIL,BLOKACE) values (3995,'IDAS_2','275822df','Dzhohar','Issayev',null,'IDAS_2@student.upce.cz',1);
Insert into IDAS_2.UZIVATELE (ID_UZIVATELE,LOGIN,HESLO,JMENO,PRIJMENI,POZNAMKA,EMAIL,BLOKACE) values (5421,'xvxcvvxcxv','cxvcxv','vcxvx','xvxcvx',null,'xcvxv',1);
Insert into IDAS_2.UZIVATELE (ID_UZIVATELE,LOGIN,HESLO,JMENO,PRIJMENI,POZNAMKA,EMAIL,BLOKACE) values (8065,'adasd','adad','asdasd','adsad',null,'adasd',1);
Insert into IDAS_2.UZIVATELE (ID_UZIVATELE,LOGIN,HESLO,JMENO,PRIJMENI,POZNAMKA,EMAIL,BLOKACE) values (7360,'st7288','275822df','Adlan','Amagov',null,'sdasdad',1);
Insert into IDAS_2.UZIVATELE (ID_UZIVATELE,LOGIN,HESLO,JMENO,PRIJMENI,POZNAMKA,EMAIL,BLOKACE) values (8020,'fdgdfg345435','sf4343','sdfsfsf','fsfsfs',null,'dfgdg43',1);
